-- AutoHub BD PostgreSQL database (schema + seed data)
-- Generated: 2026-07-03T09:24:49.495Z
-- Restore on a fresh database:
--   npm run db:restore
--
-- Default admin login:
--   Email:    admin@autohub.bd
--   Password: AutoHub@Admin2026
--

-- CreateEnum
CREATE TYPE "ProductType" AS ENUM ('CAR', 'PART');

-- CreateEnum
CREATE TYPE "FuelType" AS ENUM ('PETROL', 'DIESEL', 'HYBRID', 'ELECTRIC', 'CNG');

-- CreateEnum
CREATE TYPE "TransmissionType" AS ENUM ('MANUAL', 'AUTOMATIC', 'CVT', 'DCT');

-- CreateEnum
CREATE TYPE "BodyType" AS ENUM ('SEDAN', 'SUV', 'HATCHBACK', 'PICKUP', 'COUPE', 'WAGON', 'VAN', 'MPV');

-- CreateEnum
CREATE TYPE "OrderStatus" AS ENUM ('PENDING', 'CONFIRMED', 'PROCESSING', 'SHIPPED', 'DELIVERED', 'CANCELLED', 'REFUNDED');

-- CreateEnum
CREATE TYPE "PaymentStatus" AS ENUM ('PENDING', 'PROCESSING', 'COMPLETED', 'FAILED', 'REFUNDED');

-- CreateEnum
CREATE TYPE "PaymentMethod" AS ENUM ('SSLCOMMERZ', 'BKASH', 'NAGAD', 'STRIPE', 'COD');

-- CreateEnum
CREATE TYPE "AppointmentStatus" AS ENUM ('PENDING', 'CONFIRMED', 'IN_PROGRESS', 'COMPLETED', 'CANCELLED');

-- CreateEnum
CREATE TYPE "ServiceType" AS ENUM ('CHECKUP', 'OIL_CHANGE', 'REPAIR', 'PART_INSTALLATION', 'TIRE_SERVICE', 'AC_SERVICE', 'BODY_WORK');

-- CreateEnum
CREATE TYPE "TicketStatus" AS ENUM ('OPEN', 'IN_PROGRESS', 'RESOLVED', 'CLOSED');

-- CreateEnum
CREATE TYPE "TicketPriority" AS ENUM ('LOW', 'MEDIUM', 'HIGH', 'URGENT');

-- CreateEnum
CREATE TYPE "ChatSenderType" AS ENUM ('CUSTOMER', 'AGENT', 'SYSTEM');

-- CreateTable
CREATE TABLE "users" (
    "id" TEXT NOT NULL,
    "email" TEXT NOT NULL,
    "phone" TEXT,
    "password_hash" TEXT NOT NULL,
    "full_name" TEXT NOT NULL,
    "email_verified" BOOLEAN NOT NULL DEFAULT false,
    "phone_verified" BOOLEAN NOT NULL DEFAULT false,
    "is_active" BOOLEAN NOT NULL DEFAULT true,
    "must_change_password" BOOLEAN NOT NULL DEFAULT false,
    "failed_login_attempts" INTEGER NOT NULL DEFAULT 0,
    "locked_until" TIMESTAMP(3),
    "last_login_at" TIMESTAMP(3),
    "created_at" TIMESTAMP(3) NOT NULL DEFAULT CURRENT_TIMESTAMP,
    "updated_at" TIMESTAMP(3) NOT NULL,

    CONSTRAINT "users_pkey" PRIMARY KEY ("id")
);

-- CreateTable
CREATE TABLE "refresh_tokens" (
    "id" TEXT NOT NULL,
    "user_id" TEXT NOT NULL,
    "token_hash" TEXT NOT NULL,
    "expires_at" TIMESTAMP(3) NOT NULL,
    "created_at" TIMESTAMP(3) NOT NULL DEFAULT CURRENT_TIMESTAMP,
    "revoked_at" TIMESTAMP(3),

    CONSTRAINT "refresh_tokens_pkey" PRIMARY KEY ("id")
);

-- CreateTable
CREATE TABLE "addresses" (
    "id" TEXT NOT NULL,
    "user_id" TEXT NOT NULL,
    "label" TEXT NOT NULL DEFAULT 'Home',
    "full_name" TEXT NOT NULL,
    "phone" TEXT NOT NULL,
    "line1" TEXT NOT NULL,
    "line2" TEXT,
    "city" TEXT NOT NULL,
    "district" TEXT NOT NULL,
    "postal_code" TEXT,
    "is_default" BOOLEAN NOT NULL DEFAULT false,

    CONSTRAINT "addresses_pkey" PRIMARY KEY ("id")
);

-- CreateTable
CREATE TABLE "wishlist_items" (
    "id" TEXT NOT NULL,
    "user_id" TEXT NOT NULL,
    "product_id" TEXT NOT NULL,
    "created_at" TIMESTAMP(3) NOT NULL DEFAULT CURRENT_TIMESTAMP,

    CONSTRAINT "wishlist_items_pkey" PRIMARY KEY ("id")
);

-- CreateTable
CREATE TABLE "roles" (
    "id" TEXT NOT NULL,
    "name" TEXT NOT NULL,
    "description" TEXT,
    "created_at" TIMESTAMP(3) NOT NULL DEFAULT CURRENT_TIMESTAMP,

    CONSTRAINT "roles_pkey" PRIMARY KEY ("id")
);

-- CreateTable
CREATE TABLE "permissions" (
    "id" TEXT NOT NULL,
    "key" TEXT NOT NULL,
    "description" TEXT,

    CONSTRAINT "permissions_pkey" PRIMARY KEY ("id")
);

-- CreateTable
CREATE TABLE "role_permissions" (
    "role_id" TEXT NOT NULL,
    "permission_id" TEXT NOT NULL,

    CONSTRAINT "role_permissions_pkey" PRIMARY KEY ("role_id","permission_id")
);

-- CreateTable
CREATE TABLE "admin_users" (
    "id" TEXT NOT NULL,
    "user_id" TEXT NOT NULL,
    "role_id" TEXT NOT NULL,
    "created_at" TIMESTAMP(3) NOT NULL DEFAULT CURRENT_TIMESTAMP,

    CONSTRAINT "admin_users_pkey" PRIMARY KEY ("id")
);

-- CreateTable
CREATE TABLE "brands" (
    "id" TEXT NOT NULL,
    "name" TEXT NOT NULL,
    "slug" TEXT NOT NULL,
    "logo_url" TEXT,
    "hero_video_url" TEXT,
    "description" TEXT,
    "description_bn" TEXT,
    "is_active" BOOLEAN NOT NULL DEFAULT true,
    "sort_order" INTEGER NOT NULL DEFAULT 0,
    "created_at" TIMESTAMP(3) NOT NULL DEFAULT CURRENT_TIMESTAMP,

    CONSTRAINT "brands_pkey" PRIMARY KEY ("id")
);

-- CreateTable
CREATE TABLE "car_models" (
    "id" TEXT NOT NULL,
    "brand_id" TEXT NOT NULL,
    "name" TEXT NOT NULL,
    "slug" TEXT NOT NULL,
    "year_from" INTEGER NOT NULL,
    "year_to" INTEGER,
    "body_type" "BodyType" NOT NULL,
    "hero_image_url" TEXT,
    "video_url" TEXT,
    "model_3d_url" TEXT,
    "base_price" DECIMAL(12,2) NOT NULL,
    "description" TEXT,
    "description_bn" TEXT,
    "is_active" BOOLEAN NOT NULL DEFAULT true,
    "created_at" TIMESTAMP(3) NOT NULL DEFAULT CURRENT_TIMESTAMP,

    CONSTRAINT "car_models_pkey" PRIMARY KEY ("id")
);

-- CreateTable
CREATE TABLE "car_model_images" (
    "id" TEXT NOT NULL,
    "car_model_id" TEXT NOT NULL,
    "url" TEXT NOT NULL,
    "alt" TEXT,
    "sort_order" INTEGER NOT NULL DEFAULT 0,

    CONSTRAINT "car_model_images_pkey" PRIMARY KEY ("id")
);

-- CreateTable
CREATE TABLE "car_variants" (
    "id" TEXT NOT NULL,
    "car_model_id" TEXT NOT NULL,
    "trim" TEXT NOT NULL,
    "engine" TEXT NOT NULL,
    "transmission" "TransmissionType" NOT NULL,
    "fuel_type" "FuelType" NOT NULL,
    "color" TEXT NOT NULL,
    "color_hex" TEXT,
    "price" DECIMAL(12,2) NOT NULL,
    "stock" INTEGER NOT NULL DEFAULT 0,
    "sku" TEXT NOT NULL,
    "is_active" BOOLEAN NOT NULL DEFAULT true,

    CONSTRAINT "car_variants_pkey" PRIMARY KEY ("id")
);

-- CreateTable
CREATE TABLE "part_categories" (
    "id" TEXT NOT NULL,
    "name" TEXT NOT NULL,
    "slug" TEXT NOT NULL,
    "icon" TEXT,
    "sort_order" INTEGER NOT NULL DEFAULT 0,

    CONSTRAINT "part_categories_pkey" PRIMARY KEY ("id")
);

-- CreateTable
CREATE TABLE "parts" (
    "id" TEXT NOT NULL,
    "category_id" TEXT NOT NULL,
    "name" TEXT NOT NULL,
    "slug" TEXT NOT NULL,
    "part_number" TEXT NOT NULL,
    "price" DECIMAL(12,2) NOT NULL,
    "stock" INTEGER NOT NULL DEFAULT 0,
    "description" TEXT,
    "description_bn" TEXT,
    "compatible_brands" TEXT[],
    "compatible_models" TEXT[],
    "compatible_year_from" INTEGER,
    "compatible_year_to" INTEGER,
    "is_active" BOOLEAN NOT NULL DEFAULT true,
    "created_at" TIMESTAMP(3) NOT NULL DEFAULT CURRENT_TIMESTAMP,

    CONSTRAINT "parts_pkey" PRIMARY KEY ("id")
);

-- CreateTable
CREATE TABLE "part_images" (
    "id" TEXT NOT NULL,
    "part_id" TEXT NOT NULL,
    "url" TEXT NOT NULL,
    "alt" TEXT,
    "sort_order" INTEGER NOT NULL DEFAULT 0,

    CONSTRAINT "part_images_pkey" PRIMARY KEY ("id")
);

-- CreateTable
CREATE TABLE "products" (
    "id" TEXT NOT NULL,
    "type" "ProductType" NOT NULL,
    "name" TEXT NOT NULL,
    "slug" TEXT NOT NULL,
    "price" DECIMAL(12,2) NOT NULL,
    "compare_at_price" DECIMAL(12,2),
    "stock" INTEGER NOT NULL DEFAULT 0,
    "sku" TEXT NOT NULL,
    "thumbnail_url" TEXT,
    "is_featured" BOOLEAN NOT NULL DEFAULT false,
    "is_active" BOOLEAN NOT NULL DEFAULT true,
    "car_model_id" TEXT,
    "car_variant_id" TEXT,
    "part_id" TEXT,
    "created_at" TIMESTAMP(3) NOT NULL DEFAULT CURRENT_TIMESTAMP,
    "updated_at" TIMESTAMP(3) NOT NULL,

    CONSTRAINT "products_pkey" PRIMARY KEY ("id")
);

-- CreateTable
CREATE TABLE "product_images" (
    "id" TEXT NOT NULL,
    "product_id" TEXT NOT NULL,
    "url" TEXT NOT NULL,
    "alt" TEXT,
    "sort_order" INTEGER NOT NULL DEFAULT 0,

    CONSTRAINT "product_images_pkey" PRIMARY KEY ("id")
);

-- CreateTable
CREATE TABLE "carts" (
    "id" TEXT NOT NULL,
    "user_id" TEXT,
    "session_id" TEXT,
    "created_at" TIMESTAMP(3) NOT NULL DEFAULT CURRENT_TIMESTAMP,
    "updated_at" TIMESTAMP(3) NOT NULL,

    CONSTRAINT "carts_pkey" PRIMARY KEY ("id")
);

-- CreateTable
CREATE TABLE "cart_items" (
    "id" TEXT NOT NULL,
    "cart_id" TEXT NOT NULL,
    "product_id" TEXT NOT NULL,
    "quantity" INTEGER NOT NULL DEFAULT 1,

    CONSTRAINT "cart_items_pkey" PRIMARY KEY ("id")
);

-- CreateTable
CREATE TABLE "orders" (
    "id" TEXT NOT NULL,
    "order_number" TEXT NOT NULL,
    "user_id" TEXT,
    "status" "OrderStatus" NOT NULL DEFAULT 'PENDING',
    "subtotal" DECIMAL(12,2) NOT NULL,
    "discount" DECIMAL(12,2) NOT NULL DEFAULT 0,
    "shipping" DECIMAL(12,2) NOT NULL DEFAULT 0,
    "total" DECIMAL(12,2) NOT NULL,
    "currency" TEXT NOT NULL DEFAULT 'BDT',
    "coupon_code" TEXT,
    "shipping_name" TEXT NOT NULL,
    "shipping_phone" TEXT NOT NULL,
    "shipping_line1" TEXT NOT NULL,
    "shipping_line2" TEXT,
    "shipping_city" TEXT NOT NULL,
    "shipping_district" TEXT NOT NULL,
    "guest_email" TEXT,
    "notes" TEXT,
    "created_at" TIMESTAMP(3) NOT NULL DEFAULT CURRENT_TIMESTAMP,
    "updated_at" TIMESTAMP(3) NOT NULL,

    CONSTRAINT "orders_pkey" PRIMARY KEY ("id")
);

-- CreateTable
CREATE TABLE "order_items" (
    "id" TEXT NOT NULL,
    "order_id" TEXT NOT NULL,
    "product_id" TEXT NOT NULL,
    "product_name" TEXT NOT NULL,
    "product_sku" TEXT NOT NULL,
    "quantity" INTEGER NOT NULL,
    "unit_price" DECIMAL(12,2) NOT NULL,
    "total_price" DECIMAL(12,2) NOT NULL,

    CONSTRAINT "order_items_pkey" PRIMARY KEY ("id")
);

-- CreateTable
CREATE TABLE "payments" (
    "id" TEXT NOT NULL,
    "order_id" TEXT NOT NULL,
    "method" "PaymentMethod" NOT NULL,
    "status" "PaymentStatus" NOT NULL DEFAULT 'PENDING',
    "amount" DECIMAL(12,2) NOT NULL,
    "currency" TEXT NOT NULL DEFAULT 'BDT',
    "gateway_txn_id" TEXT,
    "gateway_response" JSONB,
    "created_at" TIMESTAMP(3) NOT NULL DEFAULT CURRENT_TIMESTAMP,
    "updated_at" TIMESTAMP(3) NOT NULL,

    CONSTRAINT "payments_pkey" PRIMARY KEY ("id")
);

-- CreateTable
CREATE TABLE "coupons" (
    "id" TEXT NOT NULL,
    "code" TEXT NOT NULL,
    "discount_type" TEXT NOT NULL,
    "discount_value" DECIMAL(12,2) NOT NULL,
    "min_order_value" DECIMAL(12,2),
    "max_uses" INTEGER,
    "used_count" INTEGER NOT NULL DEFAULT 0,
    "expires_at" TIMESTAMP(3),
    "is_active" BOOLEAN NOT NULL DEFAULT true,

    CONSTRAINT "coupons_pkey" PRIMARY KEY ("id")
);

-- CreateTable
CREATE TABLE "service_centers" (
    "id" TEXT NOT NULL,
    "name" TEXT NOT NULL,
    "address" TEXT NOT NULL,
    "city" TEXT NOT NULL,
    "phone" TEXT NOT NULL,
    "lat" DOUBLE PRECISION,
    "lng" DOUBLE PRECISION,
    "is_active" BOOLEAN NOT NULL DEFAULT true,

    CONSTRAINT "service_centers_pkey" PRIMARY KEY ("id")
);

-- CreateTable
CREATE TABLE "appointments" (
    "id" TEXT NOT NULL,
    "user_id" TEXT,
    "service_center_id" TEXT NOT NULL,
    "service_type" "ServiceType" NOT NULL,
    "car_brand" TEXT NOT NULL,
    "car_model" TEXT NOT NULL,
    "car_year" INTEGER,
    "issue_description" TEXT,
    "preferred_date" DATE NOT NULL,
    "preferred_time" TEXT NOT NULL,
    "contact_name" TEXT NOT NULL,
    "contact_phone" TEXT NOT NULL,
    "contact_email" TEXT,
    "status" "AppointmentStatus" NOT NULL DEFAULT 'PENDING',
    "created_at" TIMESTAMP(3) NOT NULL DEFAULT CURRENT_TIMESTAMP,
    "updated_at" TIMESTAMP(3) NOT NULL,

    CONSTRAINT "appointments_pkey" PRIMARY KEY ("id")
);

-- CreateTable
CREATE TABLE "chat_sessions" (
    "id" TEXT NOT NULL,
    "user_id" TEXT,
    "guest_name" TEXT,
    "guest_phone" TEXT,
    "is_active" BOOLEAN NOT NULL DEFAULT true,
    "created_at" TIMESTAMP(3) NOT NULL DEFAULT CURRENT_TIMESTAMP,
    "updated_at" TIMESTAMP(3) NOT NULL,

    CONSTRAINT "chat_sessions_pkey" PRIMARY KEY ("id")
);

-- CreateTable
CREATE TABLE "chat_messages" (
    "id" TEXT NOT NULL,
    "session_id" TEXT NOT NULL,
    "sender_type" "ChatSenderType" NOT NULL,
    "sender_name" TEXT NOT NULL,
    "content" TEXT NOT NULL,
    "created_at" TIMESTAMP(3) NOT NULL DEFAULT CURRENT_TIMESTAMP,

    CONSTRAINT "chat_messages_pkey" PRIMARY KEY ("id")
);

-- CreateTable
CREATE TABLE "chat_quick_replies" (
    "id" TEXT NOT NULL,
    "title" TEXT NOT NULL,
    "content" TEXT NOT NULL,
    "sort_order" INTEGER NOT NULL DEFAULT 0,
    "is_active" BOOLEAN NOT NULL DEFAULT true,

    CONSTRAINT "chat_quick_replies_pkey" PRIMARY KEY ("id")
);

-- CreateTable
CREATE TABLE "faq_categories" (
    "id" TEXT NOT NULL,
    "name" TEXT NOT NULL,
    "name_bn" TEXT,
    "sort_order" INTEGER NOT NULL DEFAULT 0,

    CONSTRAINT "faq_categories_pkey" PRIMARY KEY ("id")
);

-- CreateTable
CREATE TABLE "faq_items" (
    "id" TEXT NOT NULL,
    "category_id" TEXT NOT NULL,
    "question" TEXT NOT NULL,
    "question_bn" TEXT,
    "answer" TEXT NOT NULL,
    "answer_bn" TEXT,
    "sort_order" INTEGER NOT NULL DEFAULT 0,

    CONSTRAINT "faq_items_pkey" PRIMARY KEY ("id")
);

-- CreateTable
CREATE TABLE "support_tickets" (
    "id" TEXT NOT NULL,
    "user_id" TEXT,
    "name" TEXT NOT NULL,
    "email" TEXT NOT NULL,
    "phone" TEXT,
    "subject" TEXT NOT NULL,
    "message" TEXT NOT NULL,
    "status" "TicketStatus" NOT NULL DEFAULT 'OPEN',
    "priority" "TicketPriority" NOT NULL DEFAULT 'MEDIUM',
    "created_at" TIMESTAMP(3) NOT NULL DEFAULT CURRENT_TIMESTAMP,
    "updated_at" TIMESTAMP(3) NOT NULL,

    CONSTRAINT "support_tickets_pkey" PRIMARY KEY ("id")
);

-- CreateTable
CREATE TABLE "audit_logs" (
    "id" TEXT NOT NULL,
    "user_id" TEXT,
    "action" TEXT NOT NULL,
    "resource_type" TEXT,
    "resource_id" TEXT,
    "details" JSONB,
    "ip_address" TEXT,
    "created_at" TIMESTAMP(3) NOT NULL DEFAULT CURRENT_TIMESTAMP,

    CONSTRAINT "audit_logs_pkey" PRIMARY KEY ("id")
);

-- CreateIndex
CREATE UNIQUE INDEX "users_email_key" ON "users"("email");

-- CreateIndex
CREATE UNIQUE INDEX "users_phone_key" ON "users"("phone");

-- CreateIndex
CREATE UNIQUE INDEX "refresh_tokens_token_hash_key" ON "refresh_tokens"("token_hash");

-- CreateIndex
CREATE INDEX "refresh_tokens_user_id_idx" ON "refresh_tokens"("user_id");

-- CreateIndex
CREATE INDEX "addresses_user_id_idx" ON "addresses"("user_id");

-- CreateIndex
CREATE UNIQUE INDEX "wishlist_items_user_id_product_id_key" ON "wishlist_items"("user_id", "product_id");

-- CreateIndex
CREATE UNIQUE INDEX "roles_name_key" ON "roles"("name");

-- CreateIndex
CREATE UNIQUE INDEX "permissions_key_key" ON "permissions"("key");

-- CreateIndex
CREATE UNIQUE INDEX "admin_users_user_id_key" ON "admin_users"("user_id");

-- CreateIndex
CREATE UNIQUE INDEX "brands_name_key" ON "brands"("name");

-- CreateIndex
CREATE UNIQUE INDEX "brands_slug_key" ON "brands"("slug");

-- CreateIndex
CREATE INDEX "car_models_brand_id_idx" ON "car_models"("brand_id");

-- CreateIndex
CREATE UNIQUE INDEX "car_models_brand_id_slug_key" ON "car_models"("brand_id", "slug");

-- CreateIndex
CREATE INDEX "car_model_images_car_model_id_idx" ON "car_model_images"("car_model_id");

-- CreateIndex
CREATE UNIQUE INDEX "car_variants_sku_key" ON "car_variants"("sku");

-- CreateIndex
CREATE INDEX "car_variants_car_model_id_idx" ON "car_variants"("car_model_id");

-- CreateIndex
CREATE UNIQUE INDEX "part_categories_name_key" ON "part_categories"("name");

-- CreateIndex
CREATE UNIQUE INDEX "part_categories_slug_key" ON "part_categories"("slug");

-- CreateIndex
CREATE UNIQUE INDEX "parts_slug_key" ON "parts"("slug");

-- CreateIndex
CREATE UNIQUE INDEX "parts_part_number_key" ON "parts"("part_number");

-- CreateIndex
CREATE INDEX "parts_category_id_idx" ON "parts"("category_id");

-- CreateIndex
CREATE INDEX "part_images_part_id_idx" ON "part_images"("part_id");

-- CreateIndex
CREATE UNIQUE INDEX "products_slug_key" ON "products"("slug");

-- CreateIndex
CREATE UNIQUE INDEX "products_sku_key" ON "products"("sku");

-- CreateIndex
CREATE INDEX "products_type_idx" ON "products"("type");

-- CreateIndex
CREATE INDEX "products_is_featured_idx" ON "products"("is_featured");

-- CreateIndex
CREATE INDEX "product_images_product_id_idx" ON "product_images"("product_id");

-- CreateIndex
CREATE UNIQUE INDEX "carts_user_id_key" ON "carts"("user_id");

-- CreateIndex
CREATE UNIQUE INDEX "carts_session_id_key" ON "carts"("session_id");

-- CreateIndex
CREATE UNIQUE INDEX "cart_items_cart_id_product_id_key" ON "cart_items"("cart_id", "product_id");

-- CreateIndex
CREATE UNIQUE INDEX "orders_order_number_key" ON "orders"("order_number");

-- CreateIndex
CREATE INDEX "orders_user_id_idx" ON "orders"("user_id");

-- CreateIndex
CREATE INDEX "orders_status_idx" ON "orders"("status");

-- CreateIndex
CREATE INDEX "order_items_order_id_idx" ON "order_items"("order_id");

-- CreateIndex
CREATE INDEX "payments_order_id_idx" ON "payments"("order_id");

-- CreateIndex
CREATE UNIQUE INDEX "coupons_code_key" ON "coupons"("code");

-- CreateIndex
CREATE INDEX "appointments_user_id_idx" ON "appointments"("user_id");

-- CreateIndex
CREATE INDEX "appointments_status_idx" ON "appointments"("status");

-- CreateIndex
CREATE UNIQUE INDEX "appointments_service_center_id_preferred_date_preferred_tim_key" ON "appointments"("service_center_id", "preferred_date", "preferred_time");

-- CreateIndex
CREATE INDEX "chat_sessions_is_active_idx" ON "chat_sessions"("is_active");

-- CreateIndex
CREATE INDEX "chat_messages_session_id_idx" ON "chat_messages"("session_id");

-- CreateIndex
CREATE INDEX "faq_items_category_id_idx" ON "faq_items"("category_id");

-- CreateIndex
CREATE INDEX "support_tickets_status_idx" ON "support_tickets"("status");

-- CreateIndex
CREATE INDEX "audit_logs_user_id_idx" ON "audit_logs"("user_id");

-- CreateIndex
CREATE INDEX "audit_logs_created_at_idx" ON "audit_logs"("created_at");

-- AddForeignKey
ALTER TABLE "refresh_tokens" ADD CONSTRAINT "refresh_tokens_user_id_fkey" FOREIGN KEY ("user_id") REFERENCES "users"("id") ON DELETE CASCADE ON UPDATE CASCADE;

-- AddForeignKey
ALTER TABLE "addresses" ADD CONSTRAINT "addresses_user_id_fkey" FOREIGN KEY ("user_id") REFERENCES "users"("id") ON DELETE CASCADE ON UPDATE CASCADE;

-- AddForeignKey
ALTER TABLE "wishlist_items" ADD CONSTRAINT "wishlist_items_user_id_fkey" FOREIGN KEY ("user_id") REFERENCES "users"("id") ON DELETE CASCADE ON UPDATE CASCADE;

-- AddForeignKey
ALTER TABLE "wishlist_items" ADD CONSTRAINT "wishlist_items_product_id_fkey" FOREIGN KEY ("product_id") REFERENCES "products"("id") ON DELETE CASCADE ON UPDATE CASCADE;

-- AddForeignKey
ALTER TABLE "role_permissions" ADD CONSTRAINT "role_permissions_role_id_fkey" FOREIGN KEY ("role_id") REFERENCES "roles"("id") ON DELETE CASCADE ON UPDATE CASCADE;

-- AddForeignKey
ALTER TABLE "role_permissions" ADD CONSTRAINT "role_permissions_permission_id_fkey" FOREIGN KEY ("permission_id") REFERENCES "permissions"("id") ON DELETE CASCADE ON UPDATE CASCADE;

-- AddForeignKey
ALTER TABLE "admin_users" ADD CONSTRAINT "admin_users_user_id_fkey" FOREIGN KEY ("user_id") REFERENCES "users"("id") ON DELETE CASCADE ON UPDATE CASCADE;

-- AddForeignKey
ALTER TABLE "admin_users" ADD CONSTRAINT "admin_users_role_id_fkey" FOREIGN KEY ("role_id") REFERENCES "roles"("id") ON DELETE RESTRICT ON UPDATE CASCADE;

-- AddForeignKey
ALTER TABLE "car_models" ADD CONSTRAINT "car_models_brand_id_fkey" FOREIGN KEY ("brand_id") REFERENCES "brands"("id") ON DELETE RESTRICT ON UPDATE CASCADE;

-- AddForeignKey
ALTER TABLE "car_model_images" ADD CONSTRAINT "car_model_images_car_model_id_fkey" FOREIGN KEY ("car_model_id") REFERENCES "car_models"("id") ON DELETE CASCADE ON UPDATE CASCADE;

-- AddForeignKey
ALTER TABLE "car_variants" ADD CONSTRAINT "car_variants_car_model_id_fkey" FOREIGN KEY ("car_model_id") REFERENCES "car_models"("id") ON DELETE CASCADE ON UPDATE CASCADE;

-- AddForeignKey
ALTER TABLE "parts" ADD CONSTRAINT "parts_category_id_fkey" FOREIGN KEY ("category_id") REFERENCES "part_categories"("id") ON DELETE RESTRICT ON UPDATE CASCADE;

-- AddForeignKey
ALTER TABLE "part_images" ADD CONSTRAINT "part_images_part_id_fkey" FOREIGN KEY ("part_id") REFERENCES "parts"("id") ON DELETE CASCADE ON UPDATE CASCADE;

-- AddForeignKey
ALTER TABLE "products" ADD CONSTRAINT "products_car_model_id_fkey" FOREIGN KEY ("car_model_id") REFERENCES "car_models"("id") ON DELETE SET NULL ON UPDATE CASCADE;

-- AddForeignKey
ALTER TABLE "products" ADD CONSTRAINT "products_car_variant_id_fkey" FOREIGN KEY ("car_variant_id") REFERENCES "car_variants"("id") ON DELETE SET NULL ON UPDATE CASCADE;

-- AddForeignKey
ALTER TABLE "products" ADD CONSTRAINT "products_part_id_fkey" FOREIGN KEY ("part_id") REFERENCES "parts"("id") ON DELETE SET NULL ON UPDATE CASCADE;

-- AddForeignKey
ALTER TABLE "product_images" ADD CONSTRAINT "product_images_product_id_fkey" FOREIGN KEY ("product_id") REFERENCES "products"("id") ON DELETE CASCADE ON UPDATE CASCADE;

-- AddForeignKey
ALTER TABLE "cart_items" ADD CONSTRAINT "cart_items_cart_id_fkey" FOREIGN KEY ("cart_id") REFERENCES "carts"("id") ON DELETE CASCADE ON UPDATE CASCADE;

-- AddForeignKey
ALTER TABLE "cart_items" ADD CONSTRAINT "cart_items_product_id_fkey" FOREIGN KEY ("product_id") REFERENCES "products"("id") ON DELETE RESTRICT ON UPDATE CASCADE;

-- AddForeignKey
ALTER TABLE "orders" ADD CONSTRAINT "orders_user_id_fkey" FOREIGN KEY ("user_id") REFERENCES "users"("id") ON DELETE SET NULL ON UPDATE CASCADE;

-- AddForeignKey
ALTER TABLE "order_items" ADD CONSTRAINT "order_items_order_id_fkey" FOREIGN KEY ("order_id") REFERENCES "orders"("id") ON DELETE CASCADE ON UPDATE CASCADE;

-- AddForeignKey
ALTER TABLE "order_items" ADD CONSTRAINT "order_items_product_id_fkey" FOREIGN KEY ("product_id") REFERENCES "products"("id") ON DELETE RESTRICT ON UPDATE CASCADE;

-- AddForeignKey
ALTER TABLE "payments" ADD CONSTRAINT "payments_order_id_fkey" FOREIGN KEY ("order_id") REFERENCES "orders"("id") ON DELETE CASCADE ON UPDATE CASCADE;

-- AddForeignKey
ALTER TABLE "appointments" ADD CONSTRAINT "appointments_user_id_fkey" FOREIGN KEY ("user_id") REFERENCES "users"("id") ON DELETE SET NULL ON UPDATE CASCADE;

-- AddForeignKey
ALTER TABLE "appointments" ADD CONSTRAINT "appointments_service_center_id_fkey" FOREIGN KEY ("service_center_id") REFERENCES "service_centers"("id") ON DELETE RESTRICT ON UPDATE CASCADE;

-- AddForeignKey
ALTER TABLE "chat_sessions" ADD CONSTRAINT "chat_sessions_user_id_fkey" FOREIGN KEY ("user_id") REFERENCES "users"("id") ON DELETE SET NULL ON UPDATE CASCADE;

-- AddForeignKey
ALTER TABLE "chat_messages" ADD CONSTRAINT "chat_messages_session_id_fkey" FOREIGN KEY ("session_id") REFERENCES "chat_sessions"("id") ON DELETE CASCADE ON UPDATE CASCADE;

-- AddForeignKey
ALTER TABLE "faq_items" ADD CONSTRAINT "faq_items_category_id_fkey" FOREIGN KEY ("category_id") REFERENCES "faq_categories"("id") ON DELETE CASCADE ON UPDATE CASCADE;

-- AddForeignKey
ALTER TABLE "support_tickets" ADD CONSTRAINT "support_tickets_user_id_fkey" FOREIGN KEY ("user_id") REFERENCES "users"("id") ON DELETE SET NULL ON UPDATE CASCADE;


-- AutoHub BD seed data (deterministic IDs)
BEGIN;
INSERT INTO permissions (id, key, description) VALUES ('60377334-21d9-52fc-a158-783c4f2f846f', 'product.manage', 'Manage products, cars, and parts') ON CONFLICT (key) DO NOTHING;
INSERT INTO permissions (id, key, description) VALUES ('1a8597d3-a14a-521f-acb6-ce72d1a31a3c', 'order.manage', 'Manage orders and payments') ON CONFLICT (key) DO NOTHING;
INSERT INTO permissions (id, key, description) VALUES ('bee71fa4-01fe-5768-9821-3ed2e0e8db90', 'appointment.manage', 'Manage service appointments') ON CONFLICT (key) DO NOTHING;
INSERT INTO permissions (id, key, description) VALUES ('8236d585-a69a-53dc-bf12-fced68bca3d9', 'chat.respond', 'Respond to live chat') ON CONFLICT (key) DO NOTHING;
INSERT INTO permissions (id, key, description) VALUES ('cbdd7737-a1a7-517f-bf7a-2419707910ec', 'support.manage', 'Manage support tickets') ON CONFLICT (key) DO NOTHING;
INSERT INTO permissions (id, key, description) VALUES ('10a3eb5e-74c1-57e8-b8f3-e54269eabeb6', 'user.manage', 'Manage customers') ON CONFLICT (key) DO NOTHING;
INSERT INTO permissions (id, key, description) VALUES ('d581483b-012b-5e24-9904-535db93938f2', 'analytics.view', 'View analytics dashboard') ON CONFLICT (key) DO NOTHING;
INSERT INTO permissions (id, key, description) VALUES ('acdbb8ab-00db-5177-8106-0dece07be701', 'admin.full', 'Full admin access') ON CONFLICT (key) DO NOTHING;
INSERT INTO roles (id, name, description, created_at) VALUES ('3ed701b5-8d34-59b3-aca2-c993a5b7cdbc', 'super_admin', 'Full platform access', '2026-07-03T00:00:00.000Z'::timestamp) ON CONFLICT (name) DO NOTHING;
INSERT INTO roles (id, name, description, created_at) VALUES ('aae70144-45db-5ddc-a26c-525dcea61821', 'staff', 'Limited staff access', '2026-07-03T00:00:00.000Z'::timestamp) ON CONFLICT (name) DO NOTHING;
INSERT INTO roles (id, name, description, created_at) VALUES ('5d9b1f48-8816-5879-bdc5-972f11225cd1', 'moderator', 'Product catalog management', '2026-07-03T00:00:00.000Z'::timestamp) ON CONFLICT (name) DO NOTHING;
INSERT INTO role_permissions (role_id, permission_id) VALUES ('3ed701b5-8d34-59b3-aca2-c993a5b7cdbc', '60377334-21d9-52fc-a158-783c4f2f846f') ON CONFLICT DO NOTHING;
INSERT INTO role_permissions (role_id, permission_id) VALUES ('3ed701b5-8d34-59b3-aca2-c993a5b7cdbc', '1a8597d3-a14a-521f-acb6-ce72d1a31a3c') ON CONFLICT DO NOTHING;
INSERT INTO role_permissions (role_id, permission_id) VALUES ('3ed701b5-8d34-59b3-aca2-c993a5b7cdbc', 'bee71fa4-01fe-5768-9821-3ed2e0e8db90') ON CONFLICT DO NOTHING;
INSERT INTO role_permissions (role_id, permission_id) VALUES ('3ed701b5-8d34-59b3-aca2-c993a5b7cdbc', '8236d585-a69a-53dc-bf12-fced68bca3d9') ON CONFLICT DO NOTHING;
INSERT INTO role_permissions (role_id, permission_id) VALUES ('3ed701b5-8d34-59b3-aca2-c993a5b7cdbc', 'cbdd7737-a1a7-517f-bf7a-2419707910ec') ON CONFLICT DO NOTHING;
INSERT INTO role_permissions (role_id, permission_id) VALUES ('3ed701b5-8d34-59b3-aca2-c993a5b7cdbc', '10a3eb5e-74c1-57e8-b8f3-e54269eabeb6') ON CONFLICT DO NOTHING;
INSERT INTO role_permissions (role_id, permission_id) VALUES ('3ed701b5-8d34-59b3-aca2-c993a5b7cdbc', 'd581483b-012b-5e24-9904-535db93938f2') ON CONFLICT DO NOTHING;
INSERT INTO role_permissions (role_id, permission_id) VALUES ('3ed701b5-8d34-59b3-aca2-c993a5b7cdbc', 'acdbb8ab-00db-5177-8106-0dece07be701') ON CONFLICT DO NOTHING;
INSERT INTO role_permissions (role_id, permission_id) VALUES ('aae70144-45db-5ddc-a26c-525dcea61821', '1a8597d3-a14a-521f-acb6-ce72d1a31a3c') ON CONFLICT DO NOTHING;
INSERT INTO role_permissions (role_id, permission_id) VALUES ('aae70144-45db-5ddc-a26c-525dcea61821', '8236d585-a69a-53dc-bf12-fced68bca3d9') ON CONFLICT DO NOTHING;
INSERT INTO role_permissions (role_id, permission_id) VALUES ('aae70144-45db-5ddc-a26c-525dcea61821', 'bee71fa4-01fe-5768-9821-3ed2e0e8db90') ON CONFLICT DO NOTHING;
INSERT INTO role_permissions (role_id, permission_id) VALUES ('aae70144-45db-5ddc-a26c-525dcea61821', 'cbdd7737-a1a7-517f-bf7a-2419707910ec') ON CONFLICT DO NOTHING;
INSERT INTO role_permissions (role_id, permission_id) VALUES ('5d9b1f48-8816-5879-bdc5-972f11225cd1', '60377334-21d9-52fc-a158-783c4f2f846f') ON CONFLICT DO NOTHING;
INSERT INTO users (id, email, phone, password_hash, full_name, email_verified, phone_verified, is_active, must_change_password, failed_login_attempts, created_at, updated_at) VALUES ('f75c4203-cbe2-5bcc-a2cb-24c5ce60b128', 'admin@autohub.bd', '01700000000', '$2a$12$cnL2jXXtn8AB.cEi8g8u9.kEKQJQf5GK4.T2WdOfy0TwNl7OrH4Gi', 'AutoHub Admin', TRUE, FALSE, TRUE, FALSE, 0, '2026-07-03T00:00:00.000Z'::timestamp, '2026-07-03T00:00:00.000Z'::timestamp) ON CONFLICT (email) DO NOTHING;
INSERT INTO admin_users (id, user_id, role_id, created_at) VALUES ('a46449ca-8b40-52a6-8aa5-ae55ee415a6b', 'f75c4203-cbe2-5bcc-a2cb-24c5ce60b128', '3ed701b5-8d34-59b3-aca2-c993a5b7cdbc', '2026-07-03T00:00:00.000Z'::timestamp) ON CONFLICT (user_id) DO NOTHING;
INSERT INTO part_categories (id, name, slug, icon, sort_order) VALUES ('eb0128af-4c16-5620-a614-32362115c2df', 'Engine', 'engine', 'engine', 0) ON CONFLICT (slug) DO NOTHING;
INSERT INTO part_categories (id, name, slug, icon, sort_order) VALUES ('9d1ed7d0-9b09-5418-9e85-948469aa8c41', 'Brakes', 'brakes', 'brake', 1) ON CONFLICT (slug) DO NOTHING;
INSERT INTO part_categories (id, name, slug, icon, sort_order) VALUES ('42925fe1-27a1-57e2-b701-8d9abd19760b', 'Suspension', 'suspension', 'suspension', 2) ON CONFLICT (slug) DO NOTHING;
INSERT INTO part_categories (id, name, slug, icon, sort_order) VALUES ('845fceb7-476d-53e0-b3a6-909ebf02b07d', 'Electronics', 'electronics', 'chip', 3) ON CONFLICT (slug) DO NOTHING;
INSERT INTO part_categories (id, name, slug, icon, sort_order) VALUES ('d467cdb6-9463-5cc9-9660-43b78f94563d', 'Interior', 'interior', 'seat', 4) ON CONFLICT (slug) DO NOTHING;
INSERT INTO part_categories (id, name, slug, icon, sort_order) VALUES ('6271cb65-3f43-52ee-896b-81f15a9a1954', 'Exterior', 'exterior', 'body', 5) ON CONFLICT (slug) DO NOTHING;
INSERT INTO part_categories (id, name, slug, icon, sort_order) VALUES ('5f060a6d-8b87-5b00-9471-801e7ed7c63d', 'Wheels & Tires', 'wheels-tires', 'wheel', 6) ON CONFLICT (slug) DO NOTHING;
INSERT INTO part_categories (id, name, slug, icon, sort_order) VALUES ('0d86925f-b51b-5f03-9a49-4f9ce1560c42', 'Lubricants', 'lubricants', 'oil', 7) ON CONFLICT (slug) DO NOTHING;
INSERT INTO part_categories (id, name, slug, icon, sort_order) VALUES ('6f72743e-d9a0-5c2d-a26d-f50a6b853fc7', 'EV & Electric', 'ev', 'bolt', 8) ON CONFLICT (slug) DO NOTHING;
INSERT INTO brands (id, name, slug, logo_url, hero_video_url, description, description_bn, is_active, sort_order, created_at) VALUES ('09db5170-3644-5fff-ba36-6519ed3303c0', 'Toyota', 'toyota', 'https://res.cloudinary.com/demo/image/upload/v1699000000/brands/toyota-logo.png', 'https://customer-abc123.cloudflarestream.com/toyota-hero/manifest/video.m3u8', 'Toyota — reliability, innovation, and the widest service network in Bangladesh.', 'টয়োটা — নির্ভরযোগ্যতা, উদ্ভাবন এবং বাংলাদেশে সবচেয়ে বড় সার্ভিস নেটওয়ার্ক।', TRUE, 0, '2026-07-03T00:00:00.000Z'::timestamp) ON CONFLICT (slug) DO NOTHING;
INSERT INTO car_models (id, brand_id, name, slug, year_from, year_to, body_type, hero_image_url, video_url, model_3d_url, base_price, description, description_bn, is_active, created_at) VALUES ('1420c67b-b3c1-52c5-950e-3b20cd41cf6c', '09db5170-3644-5fff-ba36-6519ed3303c0', 'Corolla Cross', 'corolla-cross', 2021, 2025, 'SUV', 'https://images.unsplash.com/photo-1621007947382-bb3c3994e3fb?w=3840&h=2160&fit=crop&q=90&auto=format', 'https://customer-abc123.cloudflarestream.com/toyota-corolla-cross/manifest/video.m3u8', 'https://res.cloudinary.com/demo/raw/upload/v1699000000/models/toyota-corolla-cross.glb', 4850000, 'The Toyota Corolla Cross combines the reliability of the world''s best-selling sedan with versatile SUV proportions. Built on the TNGA-C platform, it offers a elevated driving position, 440 litres of boot space, and Toyota Safety Sense including pre-collision system and lane departure alert. Available with 1.8L petrol or hybrid powertrain, CVT transmission, and all-wheel drive on selected trims. Ideal for Bangladesh families needing ground clearance for monsoon flooding without sacrificing fuel economy. 5-star ASEAN NCAP safety rating.', 'টয়োটা করোলা ক্রস বিশ্বের সর্বাধিক বিক্রিত সেডানের নির্ভরযোগ্যতা SUV-র সুবিধা নিয়ে আসে। ৪৪০ লিটার বুট স্পেস, টয়োটা সেফটি সেন্স ও হাইব্রিড অপশন।', TRUE, '2026-07-03T00:00:00.000Z'::timestamp) ON CONFLICT (brand_id, slug) DO NOTHING;
INSERT INTO car_model_images (id, car_model_id, url, alt, sort_order) VALUES ('4b90d74c-26d3-58a7-9912-759b3760103e', '1420c67b-b3c1-52c5-950e-3b20cd41cf6c', 'https://images.unsplash.com/photo-1621007947382-bb3c3994e3fb?w=3840&h=2160&fit=crop&q=90&auto=format', 'Corolla Cross view 1', 0) ON CONFLICT DO NOTHING;
INSERT INTO car_model_images (id, car_model_id, url, alt, sort_order) VALUES ('962bb2f0-bc17-5b78-9f95-8ba4efa6e582', '1420c67b-b3c1-52c5-950e-3b20cd41cf6c', 'https://images.unsplash.com/photo-1621007947382-bb3c3994e3fb?w=3840&h=2160&fit=crop&q=90&auto=format', 'Corolla Cross view 2', 1) ON CONFLICT DO NOTHING;
INSERT INTO car_model_images (id, car_model_id, url, alt, sort_order) VALUES ('572c6d8e-137a-5dfe-9e18-4564be225926', '1420c67b-b3c1-52c5-950e-3b20cd41cf6c', 'https://images.unsplash.com/photo-1621007947382-bb3c3994e3fb?w=3840&h=2160&fit=crop&q=90&auto=format', 'Corolla Cross view 3', 2) ON CONFLICT DO NOTHING;
INSERT INTO car_variants (id, car_model_id, trim, engine, transmission, fuel_type, color, color_hex, price, stock, sku, is_active) VALUES ('4a451f5e-5e30-51e6-b37d-13d61a4c3f45', '1420c67b-b3c1-52c5-950e-3b20cd41cf6c', 'Base', '1.5L 4-Cyl', 'MANUAL', 'PETROL', 'Pearl White', '#F5F5F5', 4850000, 3, 'CAR-TOY-COROLLA-CROSS-BASE-PEARL-WHITE', TRUE) ON CONFLICT (sku) DO NOTHING;
INSERT INTO products (id, type, name, slug, price, compare_at_price, stock, sku, thumbnail_url, is_featured, is_active, car_model_id, car_variant_id, part_id, created_at, updated_at) VALUES ('ab76d61b-d302-5185-8aa4-9d6bfca89948', 'CAR', 'Toyota Corolla Cross Base — Pearl White', 'toyota-corolla-cross-base-pearl-white', 4850000, NULL, 3, 'PROD-CAR-TOY-COROLLA-CROSS-BASE-PEARL-WHITE', 'https://images.unsplash.com/photo-1621007947382-bb3c3994e3fb?w=3840&h=2160&fit=crop&q=90&auto=format', FALSE, TRUE, '1420c67b-b3c1-52c5-950e-3b20cd41cf6c', '4a451f5e-5e30-51e6-b37d-13d61a4c3f45', NULL, '2026-07-03T00:00:00.000Z'::timestamp, '2026-07-03T00:00:00.000Z'::timestamp) ON CONFLICT (slug) DO NOTHING;
INSERT INTO product_images (id, product_id, url, alt, sort_order) VALUES ('5d70f916-77f8-5acf-9106-1030b450e0f8', 'ab76d61b-d302-5185-8aa4-9d6bfca89948', 'https://images.unsplash.com/photo-1621007947382-bb3c3994e3fb?w=3840&h=2160&fit=crop&q=90&auto=format', 'Toyota Corolla Cross Base — Pearl White', 0) ON CONFLICT DO NOTHING;
INSERT INTO car_variants (id, car_model_id, trim, engine, transmission, fuel_type, color, color_hex, price, stock, sku, is_active) VALUES ('52663262-6df6-5b05-b6a7-db5735623563', '1420c67b-b3c1-52c5-950e-3b20cd41cf6c', 'Base', '1.5L 4-Cyl', 'MANUAL', 'PETROL', 'Midnight Black', '#1A1A1A', 4850000, 3, 'CAR-TOY-COROLLA-CROSS-BASE-MIDNIGHT-BLACK', TRUE) ON CONFLICT (sku) DO NOTHING;
INSERT INTO products (id, type, name, slug, price, compare_at_price, stock, sku, thumbnail_url, is_featured, is_active, car_model_id, car_variant_id, part_id, created_at, updated_at) VALUES ('91a3da65-dbf8-59a8-88f4-c235e69928f0', 'CAR', 'Toyota Corolla Cross Base — Midnight Black', 'toyota-corolla-cross-base-midnight-black', 4850000, NULL, 3, 'PROD-CAR-TOY-COROLLA-CROSS-BASE-MIDNIGHT-BLACK', 'https://images.unsplash.com/photo-1621007947382-bb3c3994e3fb?w=3840&h=2160&fit=crop&q=90&auto=format', FALSE, TRUE, '1420c67b-b3c1-52c5-950e-3b20cd41cf6c', '52663262-6df6-5b05-b6a7-db5735623563', NULL, '2026-07-03T00:00:00.000Z'::timestamp, '2026-07-03T00:00:00.000Z'::timestamp) ON CONFLICT (slug) DO NOTHING;
INSERT INTO product_images (id, product_id, url, alt, sort_order) VALUES ('5d778b93-b5a2-51d8-ba15-76d4b8c6865c', '91a3da65-dbf8-59a8-88f4-c235e69928f0', 'https://images.unsplash.com/photo-1621007947382-bb3c3994e3fb?w=3840&h=2160&fit=crop&q=90&auto=format', 'Toyota Corolla Cross Base — Midnight Black', 0) ON CONFLICT DO NOTHING;
INSERT INTO car_variants (id, car_model_id, trim, engine, transmission, fuel_type, color, color_hex, price, stock, sku, is_active) VALUES ('2c1d9779-b4db-5460-be8a-08c8dc94f642', '1420c67b-b3c1-52c5-950e-3b20cd41cf6c', 'G', '1.8L 4-Cyl', 'CVT', 'PETROL', 'Pearl White', '#F5F5F5', 5100000, 3, 'CAR-TOY-COROLLA-CROSS-G-PEARL-WHITE', TRUE) ON CONFLICT (sku) DO NOTHING;
INSERT INTO products (id, type, name, slug, price, compare_at_price, stock, sku, thumbnail_url, is_featured, is_active, car_model_id, car_variant_id, part_id, created_at, updated_at) VALUES ('065be82b-9500-5c26-b8af-f2395d45b0db', 'CAR', 'Toyota Corolla Cross G — Pearl White', 'toyota-corolla-cross-g-pearl-white', 5100000, NULL, 3, 'PROD-CAR-TOY-COROLLA-CROSS-G-PEARL-WHITE', 'https://images.unsplash.com/photo-1621007947382-bb3c3994e3fb?w=3840&h=2160&fit=crop&q=90&auto=format', TRUE, TRUE, '1420c67b-b3c1-52c5-950e-3b20cd41cf6c', '2c1d9779-b4db-5460-be8a-08c8dc94f642', NULL, '2026-07-03T00:00:00.000Z'::timestamp, '2026-07-03T00:00:00.000Z'::timestamp) ON CONFLICT (slug) DO NOTHING;
INSERT INTO product_images (id, product_id, url, alt, sort_order) VALUES ('7533735a-6226-549f-a37f-e57aba36c289', '065be82b-9500-5c26-b8af-f2395d45b0db', 'https://images.unsplash.com/photo-1621007947382-bb3c3994e3fb?w=3840&h=2160&fit=crop&q=90&auto=format', 'Toyota Corolla Cross G — Pearl White', 0) ON CONFLICT DO NOTHING;
INSERT INTO car_variants (id, car_model_id, trim, engine, transmission, fuel_type, color, color_hex, price, stock, sku, is_active) VALUES ('f8e186c9-870b-5aaa-bbf2-6d5bda2f99b8', '1420c67b-b3c1-52c5-950e-3b20cd41cf6c', 'G', '1.8L 4-Cyl', 'CVT', 'PETROL', 'Midnight Black', '#1A1A1A', 5100000, 3, 'CAR-TOY-COROLLA-CROSS-G-MIDNIGHT-BLACK', TRUE) ON CONFLICT (sku) DO NOTHING;
INSERT INTO products (id, type, name, slug, price, compare_at_price, stock, sku, thumbnail_url, is_featured, is_active, car_model_id, car_variant_id, part_id, created_at, updated_at) VALUES ('ca81a689-e666-5b43-a985-d6121446aa7a', 'CAR', 'Toyota Corolla Cross G — Midnight Black', 'toyota-corolla-cross-g-midnight-black', 5100000, NULL, 3, 'PROD-CAR-TOY-COROLLA-CROSS-G-MIDNIGHT-BLACK', 'https://images.unsplash.com/photo-1621007947382-bb3c3994e3fb?w=3840&h=2160&fit=crop&q=90&auto=format', TRUE, TRUE, '1420c67b-b3c1-52c5-950e-3b20cd41cf6c', 'f8e186c9-870b-5aaa-bbf2-6d5bda2f99b8', NULL, '2026-07-03T00:00:00.000Z'::timestamp, '2026-07-03T00:00:00.000Z'::timestamp) ON CONFLICT (slug) DO NOTHING;
INSERT INTO product_images (id, product_id, url, alt, sort_order) VALUES ('c478937d-bc0a-50dd-a768-be59e02045ad', 'ca81a689-e666-5b43-a985-d6121446aa7a', 'https://images.unsplash.com/photo-1621007947382-bb3c3994e3fb?w=3840&h=2160&fit=crop&q=90&auto=format', 'Toyota Corolla Cross G — Midnight Black', 0) ON CONFLICT DO NOTHING;
INSERT INTO car_models (id, brand_id, name, slug, year_from, year_to, body_type, hero_image_url, video_url, model_3d_url, base_price, description, description_bn, is_active, created_at) VALUES ('c2b08283-d6fc-54b8-b7d1-c006ac4cb39e', '09db5170-3644-5fff-ba36-6519ed3303c0', 'Allion', 'allion', 2018, 2024, 'SEDAN', 'https://images.pexels.com/photos/210019/pexels-photo-210019.jpeg?auto=compress&cs=tinysrgb&w=1920&h=1080&fit=crop&q=85', 'https://customer-abc123.cloudflarestream.com/toyota-allion/manifest/video.m3u8', 'https://res.cloudinary.com/demo/raw/upload/v1699000000/models/toyota-allion.glb', 3200000, 'The Toyota Allion is a premium mid-size sedan favoured by executives and families across Bangladesh. Spacious rear legroom, refined 1.8L engine with CVT, and a plush ride quality make it ideal for Dhaka commuting and highway travel to Chittagong. Features include push-button start, dual-zone climate control, and a comprehensive 6-airbag safety package. Excellent resale value and Toyota''s nationwide service network ensure low total cost of ownership.', 'টয়োটা অ্যালিয়ন প্রিমিয়াম মিড-সাইজ সেডান — প্রশস্ত রিয়ার লেগরুম, ১.৮L CVT ইঞ্জিন ও ৬ এয়ারব্যাগ।', TRUE, '2026-07-03T00:00:00.000Z'::timestamp) ON CONFLICT (brand_id, slug) DO NOTHING;
INSERT INTO car_model_images (id, car_model_id, url, alt, sort_order) VALUES ('828e52e3-7fc2-56b2-996b-a3f237904f58', 'c2b08283-d6fc-54b8-b7d1-c006ac4cb39e', 'https://images.pexels.com/photos/210019/pexels-photo-210019.jpeg?auto=compress&cs=tinysrgb&w=1920&h=1080&fit=crop&q=85', 'Allion view 1', 0) ON CONFLICT DO NOTHING;
INSERT INTO car_model_images (id, car_model_id, url, alt, sort_order) VALUES ('e5b5d4f1-4332-54c6-a369-9a2bf62b6c9e', 'c2b08283-d6fc-54b8-b7d1-c006ac4cb39e', 'https://images.pexels.com/photos/210019/pexels-photo-210019.jpeg?auto=compress&cs=tinysrgb&w=1920&h=1080&fit=crop&q=85', 'Allion view 2', 1) ON CONFLICT DO NOTHING;
INSERT INTO car_model_images (id, car_model_id, url, alt, sort_order) VALUES ('7a00b5d0-8328-57af-b939-779a4d4d2b40', 'c2b08283-d6fc-54b8-b7d1-c006ac4cb39e', 'https://images.pexels.com/photos/210019/pexels-photo-210019.jpeg?auto=compress&cs=tinysrgb&w=1920&h=1080&fit=crop&q=85', 'Allion view 3', 2) ON CONFLICT DO NOTHING;
INSERT INTO car_variants (id, car_model_id, trim, engine, transmission, fuel_type, color, color_hex, price, stock, sku, is_active) VALUES ('92b33d61-6125-5698-9805-a385cbf4a445', 'c2b08283-d6fc-54b8-b7d1-c006ac4cb39e', 'Base', '1.5L 4-Cyl', 'MANUAL', 'PETROL', 'Pearl White', '#F5F5F5', 3200000, 3, 'CAR-TOY-ALLION-BASE-PEARL-WHITE', TRUE) ON CONFLICT (sku) DO NOTHING;
INSERT INTO products (id, type, name, slug, price, compare_at_price, stock, sku, thumbnail_url, is_featured, is_active, car_model_id, car_variant_id, part_id, created_at, updated_at) VALUES ('653af6e1-a63c-54d2-bd6b-aff03a1f2f3d', 'CAR', 'Toyota Allion Base — Pearl White', 'toyota-allion-base-pearl-white', 3200000, NULL, 3, 'PROD-CAR-TOY-ALLION-BASE-PEARL-WHITE', 'https://images.pexels.com/photos/210019/pexels-photo-210019.jpeg?auto=compress&cs=tinysrgb&w=1920&h=1080&fit=crop&q=85', FALSE, TRUE, 'c2b08283-d6fc-54b8-b7d1-c006ac4cb39e', '92b33d61-6125-5698-9805-a385cbf4a445', NULL, '2026-07-03T00:00:00.000Z'::timestamp, '2026-07-03T00:00:00.000Z'::timestamp) ON CONFLICT (slug) DO NOTHING;
INSERT INTO product_images (id, product_id, url, alt, sort_order) VALUES ('58787390-d2a6-5ee9-b708-98bc5785ca27', '653af6e1-a63c-54d2-bd6b-aff03a1f2f3d', 'https://images.pexels.com/photos/210019/pexels-photo-210019.jpeg?auto=compress&cs=tinysrgb&w=1920&h=1080&fit=crop&q=85', 'Toyota Allion Base — Pearl White', 0) ON CONFLICT DO NOTHING;
INSERT INTO car_variants (id, car_model_id, trim, engine, transmission, fuel_type, color, color_hex, price, stock, sku, is_active) VALUES ('7d12fb66-1609-5106-85f7-47610029bd4f', 'c2b08283-d6fc-54b8-b7d1-c006ac4cb39e', 'Base', '1.5L 4-Cyl', 'MANUAL', 'PETROL', 'Midnight Black', '#1A1A1A', 3200000, 3, 'CAR-TOY-ALLION-BASE-MIDNIGHT-BLACK', TRUE) ON CONFLICT (sku) DO NOTHING;
INSERT INTO products (id, type, name, slug, price, compare_at_price, stock, sku, thumbnail_url, is_featured, is_active, car_model_id, car_variant_id, part_id, created_at, updated_at) VALUES ('e07d05c1-563c-5988-abc4-468db7a1098c', 'CAR', 'Toyota Allion Base — Midnight Black', 'toyota-allion-base-midnight-black', 3200000, NULL, 3, 'PROD-CAR-TOY-ALLION-BASE-MIDNIGHT-BLACK', 'https://images.pexels.com/photos/210019/pexels-photo-210019.jpeg?auto=compress&cs=tinysrgb&w=1920&h=1080&fit=crop&q=85', FALSE, TRUE, 'c2b08283-d6fc-54b8-b7d1-c006ac4cb39e', '7d12fb66-1609-5106-85f7-47610029bd4f', NULL, '2026-07-03T00:00:00.000Z'::timestamp, '2026-07-03T00:00:00.000Z'::timestamp) ON CONFLICT (slug) DO NOTHING;
INSERT INTO product_images (id, product_id, url, alt, sort_order) VALUES ('515de621-a6fc-57aa-9484-fa98ae3e5f02', 'e07d05c1-563c-5988-abc4-468db7a1098c', 'https://images.pexels.com/photos/210019/pexels-photo-210019.jpeg?auto=compress&cs=tinysrgb&w=1920&h=1080&fit=crop&q=85', 'Toyota Allion Base — Midnight Black', 0) ON CONFLICT DO NOTHING;
INSERT INTO car_variants (id, car_model_id, trim, engine, transmission, fuel_type, color, color_hex, price, stock, sku, is_active) VALUES ('a1a93232-81d9-5c6f-85e2-c146f1d51ec9', 'c2b08283-d6fc-54b8-b7d1-c006ac4cb39e', 'G', '1.8L 4-Cyl', 'CVT', 'PETROL', 'Pearl White', '#F5F5F5', 3450000, 3, 'CAR-TOY-ALLION-G-PEARL-WHITE', TRUE) ON CONFLICT (sku) DO NOTHING;
INSERT INTO products (id, type, name, slug, price, compare_at_price, stock, sku, thumbnail_url, is_featured, is_active, car_model_id, car_variant_id, part_id, created_at, updated_at) VALUES ('4aec4a95-b963-5c7e-a865-bc8d2230b35f', 'CAR', 'Toyota Allion G — Pearl White', 'toyota-allion-g-pearl-white', 3450000, NULL, 3, 'PROD-CAR-TOY-ALLION-G-PEARL-WHITE', 'https://images.pexels.com/photos/210019/pexels-photo-210019.jpeg?auto=compress&cs=tinysrgb&w=1920&h=1080&fit=crop&q=85', FALSE, TRUE, 'c2b08283-d6fc-54b8-b7d1-c006ac4cb39e', 'a1a93232-81d9-5c6f-85e2-c146f1d51ec9', NULL, '2026-07-03T00:00:00.000Z'::timestamp, '2026-07-03T00:00:00.000Z'::timestamp) ON CONFLICT (slug) DO NOTHING;
INSERT INTO product_images (id, product_id, url, alt, sort_order) VALUES ('b623976c-1a84-5513-beda-510b361e53a3', '4aec4a95-b963-5c7e-a865-bc8d2230b35f', 'https://images.pexels.com/photos/210019/pexels-photo-210019.jpeg?auto=compress&cs=tinysrgb&w=1920&h=1080&fit=crop&q=85', 'Toyota Allion G — Pearl White', 0) ON CONFLICT DO NOTHING;
INSERT INTO car_variants (id, car_model_id, trim, engine, transmission, fuel_type, color, color_hex, price, stock, sku, is_active) VALUES ('820771ce-c2d5-55df-8baf-1fc3915615e6', 'c2b08283-d6fc-54b8-b7d1-c006ac4cb39e', 'G', '1.8L 4-Cyl', 'CVT', 'PETROL', 'Midnight Black', '#1A1A1A', 3450000, 3, 'CAR-TOY-ALLION-G-MIDNIGHT-BLACK', TRUE) ON CONFLICT (sku) DO NOTHING;
INSERT INTO products (id, type, name, slug, price, compare_at_price, stock, sku, thumbnail_url, is_featured, is_active, car_model_id, car_variant_id, part_id, created_at, updated_at) VALUES ('927fbab5-9ca9-5e6d-82cf-c933493c1cb5', 'CAR', 'Toyota Allion G — Midnight Black', 'toyota-allion-g-midnight-black', 3450000, NULL, 3, 'PROD-CAR-TOY-ALLION-G-MIDNIGHT-BLACK', 'https://images.pexels.com/photos/210019/pexels-photo-210019.jpeg?auto=compress&cs=tinysrgb&w=1920&h=1080&fit=crop&q=85', FALSE, TRUE, 'c2b08283-d6fc-54b8-b7d1-c006ac4cb39e', '820771ce-c2d5-55df-8baf-1fc3915615e6', NULL, '2026-07-03T00:00:00.000Z'::timestamp, '2026-07-03T00:00:00.000Z'::timestamp) ON CONFLICT (slug) DO NOTHING;
INSERT INTO product_images (id, product_id, url, alt, sort_order) VALUES ('05dabb88-e05d-5f65-ab7f-a0a6ac0c8a44', '927fbab5-9ca9-5e6d-82cf-c933493c1cb5', 'https://images.pexels.com/photos/210019/pexels-photo-210019.jpeg?auto=compress&cs=tinysrgb&w=1920&h=1080&fit=crop&q=85', 'Toyota Allion G — Midnight Black', 0) ON CONFLICT DO NOTHING;
INSERT INTO car_models (id, brand_id, name, slug, year_from, year_to, body_type, hero_image_url, video_url, model_3d_url, base_price, description, description_bn, is_active, created_at) VALUES ('5fe58ceb-6d63-56ba-80cf-91b406e17ac3', '09db5170-3644-5fff-ba36-6519ed3303c0', 'Premio', 'premio', 2017, 2023, 'SEDAN', 'https://images.pexels.com/photos/116675/pexels-photo-116675.jpeg?auto=compress&cs=tinysrgb&w=1920&h=1080&fit=crop&q=85', 'https://customer-abc123.cloudflarestream.com/toyota-premio/manifest/video.m3u8', NULL, 2950000, 'The Toyota Premio delivers understated luxury in a practical sedan package. Known for exceptional build quality and whisper-quiet cabin, it features a 1.5L or 1.8L engine paired with smooth CVT transmission. Wood-grain interior trim, powered front seats, and rear armrest with cupholders elevate the passenger experience. A popular reconditioned import choice in Bangladesh with proven durability on local fuel and road conditions.', 'টয়োটা প্রেমিও — শান্ত কেবিন, উন্নত ইন্টেরিয়র ট্রিম ও নির্ভরযোগ্য ১.৫/১.৮L ইঞ্জিন।', TRUE, '2026-07-03T00:00:00.000Z'::timestamp) ON CONFLICT (brand_id, slug) DO NOTHING;
INSERT INTO car_model_images (id, car_model_id, url, alt, sort_order) VALUES ('f3ca2dd3-2283-5ea5-a076-8546bf9b5e67', '5fe58ceb-6d63-56ba-80cf-91b406e17ac3', 'https://images.pexels.com/photos/116675/pexels-photo-116675.jpeg?auto=compress&cs=tinysrgb&w=1920&h=1080&fit=crop&q=85', 'Premio view 1', 0) ON CONFLICT DO NOTHING;
INSERT INTO car_model_images (id, car_model_id, url, alt, sort_order) VALUES ('a2b2f0ee-a541-5fb2-9673-24b9055bbae0', '5fe58ceb-6d63-56ba-80cf-91b406e17ac3', 'https://images.pexels.com/photos/116675/pexels-photo-116675.jpeg?auto=compress&cs=tinysrgb&w=1920&h=1080&fit=crop&q=85', 'Premio view 2', 1) ON CONFLICT DO NOTHING;
INSERT INTO car_model_images (id, car_model_id, url, alt, sort_order) VALUES ('96f7ced9-79cd-57c1-b1fc-6310c409ba67', '5fe58ceb-6d63-56ba-80cf-91b406e17ac3', 'https://images.pexels.com/photos/116675/pexels-photo-116675.jpeg?auto=compress&cs=tinysrgb&w=1920&h=1080&fit=crop&q=85', 'Premio view 3', 2) ON CONFLICT DO NOTHING;
INSERT INTO car_variants (id, car_model_id, trim, engine, transmission, fuel_type, color, color_hex, price, stock, sku, is_active) VALUES ('58a3b114-233d-53f1-a061-1226e96a8b2f', '5fe58ceb-6d63-56ba-80cf-91b406e17ac3', 'Base', '1.5L 4-Cyl', 'MANUAL', 'PETROL', 'Pearl White', '#F5F5F5', 2950000, 3, 'CAR-TOY-PREMIO-BASE-PEARL-WHITE', TRUE) ON CONFLICT (sku) DO NOTHING;
INSERT INTO products (id, type, name, slug, price, compare_at_price, stock, sku, thumbnail_url, is_featured, is_active, car_model_id, car_variant_id, part_id, created_at, updated_at) VALUES ('ea545fbd-7b4e-56cd-8b36-02c001ee9a77', 'CAR', 'Toyota Premio Base — Pearl White', 'toyota-premio-base-pearl-white', 2950000, NULL, 3, 'PROD-CAR-TOY-PREMIO-BASE-PEARL-WHITE', 'https://images.pexels.com/photos/116675/pexels-photo-116675.jpeg?auto=compress&cs=tinysrgb&w=1920&h=1080&fit=crop&q=85', FALSE, TRUE, '5fe58ceb-6d63-56ba-80cf-91b406e17ac3', '58a3b114-233d-53f1-a061-1226e96a8b2f', NULL, '2026-07-03T00:00:00.000Z'::timestamp, '2026-07-03T00:00:00.000Z'::timestamp) ON CONFLICT (slug) DO NOTHING;
INSERT INTO product_images (id, product_id, url, alt, sort_order) VALUES ('40e6c2d1-5563-55fa-a84a-dbd5c3f3dbef', 'ea545fbd-7b4e-56cd-8b36-02c001ee9a77', 'https://images.pexels.com/photos/116675/pexels-photo-116675.jpeg?auto=compress&cs=tinysrgb&w=1920&h=1080&fit=crop&q=85', 'Toyota Premio Base — Pearl White', 0) ON CONFLICT DO NOTHING;
INSERT INTO car_variants (id, car_model_id, trim, engine, transmission, fuel_type, color, color_hex, price, stock, sku, is_active) VALUES ('0bedc8f2-234c-536a-9d80-5530ef3d076d', '5fe58ceb-6d63-56ba-80cf-91b406e17ac3', 'Base', '1.5L 4-Cyl', 'MANUAL', 'PETROL', 'Midnight Black', '#1A1A1A', 2950000, 3, 'CAR-TOY-PREMIO-BASE-MIDNIGHT-BLACK', TRUE) ON CONFLICT (sku) DO NOTHING;
INSERT INTO products (id, type, name, slug, price, compare_at_price, stock, sku, thumbnail_url, is_featured, is_active, car_model_id, car_variant_id, part_id, created_at, updated_at) VALUES ('1576f43a-2416-526a-abe6-3a306dd8ceed', 'CAR', 'Toyota Premio Base — Midnight Black', 'toyota-premio-base-midnight-black', 2950000, NULL, 3, 'PROD-CAR-TOY-PREMIO-BASE-MIDNIGHT-BLACK', 'https://images.pexels.com/photos/116675/pexels-photo-116675.jpeg?auto=compress&cs=tinysrgb&w=1920&h=1080&fit=crop&q=85', FALSE, TRUE, '5fe58ceb-6d63-56ba-80cf-91b406e17ac3', '0bedc8f2-234c-536a-9d80-5530ef3d076d', NULL, '2026-07-03T00:00:00.000Z'::timestamp, '2026-07-03T00:00:00.000Z'::timestamp) ON CONFLICT (slug) DO NOTHING;
INSERT INTO product_images (id, product_id, url, alt, sort_order) VALUES ('5e6d93df-125e-50cc-892f-6cfba674cf74', '1576f43a-2416-526a-abe6-3a306dd8ceed', 'https://images.pexels.com/photos/116675/pexels-photo-116675.jpeg?auto=compress&cs=tinysrgb&w=1920&h=1080&fit=crop&q=85', 'Toyota Premio Base — Midnight Black', 0) ON CONFLICT DO NOTHING;
INSERT INTO car_variants (id, car_model_id, trim, engine, transmission, fuel_type, color, color_hex, price, stock, sku, is_active) VALUES ('c052b0ed-fc30-5b4b-9e85-dc5f807df4e5', '5fe58ceb-6d63-56ba-80cf-91b406e17ac3', 'G', '1.8L 4-Cyl', 'CVT', 'PETROL', 'Pearl White', '#F5F5F5', 3200000, 3, 'CAR-TOY-PREMIO-G-PEARL-WHITE', TRUE) ON CONFLICT (sku) DO NOTHING;
INSERT INTO products (id, type, name, slug, price, compare_at_price, stock, sku, thumbnail_url, is_featured, is_active, car_model_id, car_variant_id, part_id, created_at, updated_at) VALUES ('c3b8d1cc-d9d9-5190-81a6-491a73e1e650', 'CAR', 'Toyota Premio G — Pearl White', 'toyota-premio-g-pearl-white', 3200000, NULL, 3, 'PROD-CAR-TOY-PREMIO-G-PEARL-WHITE', 'https://images.pexels.com/photos/116675/pexels-photo-116675.jpeg?auto=compress&cs=tinysrgb&w=1920&h=1080&fit=crop&q=85', FALSE, TRUE, '5fe58ceb-6d63-56ba-80cf-91b406e17ac3', 'c052b0ed-fc30-5b4b-9e85-dc5f807df4e5', NULL, '2026-07-03T00:00:00.000Z'::timestamp, '2026-07-03T00:00:00.000Z'::timestamp) ON CONFLICT (slug) DO NOTHING;
INSERT INTO product_images (id, product_id, url, alt, sort_order) VALUES ('44bbc23f-c29c-578b-a9a2-20ebb6caf479', 'c3b8d1cc-d9d9-5190-81a6-491a73e1e650', 'https://images.pexels.com/photos/116675/pexels-photo-116675.jpeg?auto=compress&cs=tinysrgb&w=1920&h=1080&fit=crop&q=85', 'Toyota Premio G — Pearl White', 0) ON CONFLICT DO NOTHING;
INSERT INTO car_variants (id, car_model_id, trim, engine, transmission, fuel_type, color, color_hex, price, stock, sku, is_active) VALUES ('ee275f09-284e-54b8-b278-0cfe7643414e', '5fe58ceb-6d63-56ba-80cf-91b406e17ac3', 'G', '1.8L 4-Cyl', 'CVT', 'PETROL', 'Midnight Black', '#1A1A1A', 3200000, 3, 'CAR-TOY-PREMIO-G-MIDNIGHT-BLACK', TRUE) ON CONFLICT (sku) DO NOTHING;
INSERT INTO products (id, type, name, slug, price, compare_at_price, stock, sku, thumbnail_url, is_featured, is_active, car_model_id, car_variant_id, part_id, created_at, updated_at) VALUES ('3e0e4d2c-90fd-5d0d-a5ff-b9a3275388ef', 'CAR', 'Toyota Premio G — Midnight Black', 'toyota-premio-g-midnight-black', 3200000, NULL, 3, 'PROD-CAR-TOY-PREMIO-G-MIDNIGHT-BLACK', 'https://images.pexels.com/photos/116675/pexels-photo-116675.jpeg?auto=compress&cs=tinysrgb&w=1920&h=1080&fit=crop&q=85', FALSE, TRUE, '5fe58ceb-6d63-56ba-80cf-91b406e17ac3', 'ee275f09-284e-54b8-b278-0cfe7643414e', NULL, '2026-07-03T00:00:00.000Z'::timestamp, '2026-07-03T00:00:00.000Z'::timestamp) ON CONFLICT (slug) DO NOTHING;
INSERT INTO product_images (id, product_id, url, alt, sort_order) VALUES ('aa7d7873-f3fe-59e8-8d50-d3a4e6e4370a', '3e0e4d2c-90fd-5d0d-a5ff-b9a3275388ef', 'https://images.pexels.com/photos/116675/pexels-photo-116675.jpeg?auto=compress&cs=tinysrgb&w=1920&h=1080&fit=crop&q=85', 'Toyota Premio G — Midnight Black', 0) ON CONFLICT DO NOTHING;
INSERT INTO car_models (id, brand_id, name, slug, year_from, year_to, body_type, hero_image_url, video_url, model_3d_url, base_price, description, description_bn, is_active, created_at) VALUES ('4fa6bca9-9209-5f05-8680-f9fc00c9d327', '09db5170-3644-5fff-ba36-6519ed3303c0', 'Fortuner', 'fortuner', 2020, 2025, 'SUV', 'https://images.unsplash.com/photo-1519641471654-2ce0a35f7a37?w=3840&h=2160&fit=crop&q=90&auto=format', 'https://customer-abc123.cloudflarestream.com/toyota-fortuner/manifest/video.m3u8', 'https://res.cloudinary.com/demo/raw/upload/v1699000000/models/toyota-fortuner.glb', 7200000, 'The Toyota Fortuner is Bangladesh''s benchmark full-size SUV for families and adventure seekers. Body-on-frame construction, 2.7L petrol or 2.8L diesel engine, and part-time 4WD tackle both city roads and off-road trails. Three-row seating accommodates seven passengers; 200 mm ground clearance handles flooded streets. Towing capacity up to 2,800 kg. Premium G and V trim levels add leather upholstery, JBL audio, and 360° camera.', 'টয়োটা ফরচুনার — ৭ আসন, ৪WD, বডি-অন-ফ্রেম নির্মাণ। পরিবার ও অ্যাডভেঞ্চারের জন্য আদর্শ।', TRUE, '2026-07-03T00:00:00.000Z'::timestamp) ON CONFLICT (brand_id, slug) DO NOTHING;
INSERT INTO car_model_images (id, car_model_id, url, alt, sort_order) VALUES ('2b9ae271-a9dc-5605-b018-28fa7e3b2b72', '4fa6bca9-9209-5f05-8680-f9fc00c9d327', 'https://images.unsplash.com/photo-1519641471654-2ce0a35f7a37?w=3840&h=2160&fit=crop&q=90&auto=format', 'Fortuner view 1', 0) ON CONFLICT DO NOTHING;
INSERT INTO car_model_images (id, car_model_id, url, alt, sort_order) VALUES ('41600c60-931f-5850-9994-c746a549eb88', '4fa6bca9-9209-5f05-8680-f9fc00c9d327', 'https://images.unsplash.com/photo-1519641471654-2ce0a35f7a37?w=3840&h=2160&fit=crop&q=90&auto=format', 'Fortuner view 2', 1) ON CONFLICT DO NOTHING;
INSERT INTO car_model_images (id, car_model_id, url, alt, sort_order) VALUES ('641add4d-cc7d-5c7e-a109-f0be8b5721cc', '4fa6bca9-9209-5f05-8680-f9fc00c9d327', 'https://images.unsplash.com/photo-1519641471654-2ce0a35f7a37?w=3840&h=2160&fit=crop&q=90&auto=format', 'Fortuner view 3', 2) ON CONFLICT DO NOTHING;
INSERT INTO car_variants (id, car_model_id, trim, engine, transmission, fuel_type, color, color_hex, price, stock, sku, is_active) VALUES ('f30e0c3d-ad4e-55e2-b3c3-b39b035098ab', '4fa6bca9-9209-5f05-8680-f9fc00c9d327', 'Base', '1.5L 4-Cyl', 'MANUAL', 'PETROL', 'Pearl White', '#F5F5F5', 7200000, 3, 'CAR-TOY-FORTUNER-BASE-PEARL-WHITE', TRUE) ON CONFLICT (sku) DO NOTHING;
INSERT INTO products (id, type, name, slug, price, compare_at_price, stock, sku, thumbnail_url, is_featured, is_active, car_model_id, car_variant_id, part_id, created_at, updated_at) VALUES ('91fc7869-ebf4-5497-96a6-78390d848fe5', 'CAR', 'Toyota Fortuner Base — Pearl White', 'toyota-fortuner-base-pearl-white', 7200000, NULL, 3, 'PROD-CAR-TOY-FORTUNER-BASE-PEARL-WHITE', 'https://images.unsplash.com/photo-1519641471654-2ce0a35f7a37?w=3840&h=2160&fit=crop&q=90&auto=format', FALSE, TRUE, '4fa6bca9-9209-5f05-8680-f9fc00c9d327', 'f30e0c3d-ad4e-55e2-b3c3-b39b035098ab', NULL, '2026-07-03T00:00:00.000Z'::timestamp, '2026-07-03T00:00:00.000Z'::timestamp) ON CONFLICT (slug) DO NOTHING;
INSERT INTO product_images (id, product_id, url, alt, sort_order) VALUES ('cd06c27d-3ecb-5b7c-b4b3-a39ddf81b1e3', '91fc7869-ebf4-5497-96a6-78390d848fe5', 'https://images.unsplash.com/photo-1519641471654-2ce0a35f7a37?w=3840&h=2160&fit=crop&q=90&auto=format', 'Toyota Fortuner Base — Pearl White', 0) ON CONFLICT DO NOTHING;
INSERT INTO car_variants (id, car_model_id, trim, engine, transmission, fuel_type, color, color_hex, price, stock, sku, is_active) VALUES ('53440d5f-909b-54e4-9423-26523e81488f', '4fa6bca9-9209-5f05-8680-f9fc00c9d327', 'Base', '1.5L 4-Cyl', 'MANUAL', 'PETROL', 'Midnight Black', '#1A1A1A', 7200000, 3, 'CAR-TOY-FORTUNER-BASE-MIDNIGHT-BLACK', TRUE) ON CONFLICT (sku) DO NOTHING;
INSERT INTO products (id, type, name, slug, price, compare_at_price, stock, sku, thumbnail_url, is_featured, is_active, car_model_id, car_variant_id, part_id, created_at, updated_at) VALUES ('95834175-e80a-594a-8771-e506e2a3c113', 'CAR', 'Toyota Fortuner Base — Midnight Black', 'toyota-fortuner-base-midnight-black', 7200000, NULL, 3, 'PROD-CAR-TOY-FORTUNER-BASE-MIDNIGHT-BLACK', 'https://images.unsplash.com/photo-1519641471654-2ce0a35f7a37?w=3840&h=2160&fit=crop&q=90&auto=format', FALSE, TRUE, '4fa6bca9-9209-5f05-8680-f9fc00c9d327', '53440d5f-909b-54e4-9423-26523e81488f', NULL, '2026-07-03T00:00:00.000Z'::timestamp, '2026-07-03T00:00:00.000Z'::timestamp) ON CONFLICT (slug) DO NOTHING;
INSERT INTO product_images (id, product_id, url, alt, sort_order) VALUES ('4dd7c077-7401-52cb-a7b0-180692e3bc6f', '95834175-e80a-594a-8771-e506e2a3c113', 'https://images.unsplash.com/photo-1519641471654-2ce0a35f7a37?w=3840&h=2160&fit=crop&q=90&auto=format', 'Toyota Fortuner Base — Midnight Black', 0) ON CONFLICT DO NOTHING;
INSERT INTO car_variants (id, car_model_id, trim, engine, transmission, fuel_type, color, color_hex, price, stock, sku, is_active) VALUES ('b4814e04-fa6c-574b-b7e6-0956824b3ba6', '4fa6bca9-9209-5f05-8680-f9fc00c9d327', 'G', '1.8L 4-Cyl', 'CVT', 'PETROL', 'Pearl White', '#F5F5F5', 7450000, 3, 'CAR-TOY-FORTUNER-G-PEARL-WHITE', TRUE) ON CONFLICT (sku) DO NOTHING;
INSERT INTO products (id, type, name, slug, price, compare_at_price, stock, sku, thumbnail_url, is_featured, is_active, car_model_id, car_variant_id, part_id, created_at, updated_at) VALUES ('cd677a97-cf1b-585e-accf-390c2f961277', 'CAR', 'Toyota Fortuner G — Pearl White', 'toyota-fortuner-g-pearl-white', 7450000, NULL, 3, 'PROD-CAR-TOY-FORTUNER-G-PEARL-WHITE', 'https://images.unsplash.com/photo-1519641471654-2ce0a35f7a37?w=3840&h=2160&fit=crop&q=90&auto=format', TRUE, TRUE, '4fa6bca9-9209-5f05-8680-f9fc00c9d327', 'b4814e04-fa6c-574b-b7e6-0956824b3ba6', NULL, '2026-07-03T00:00:00.000Z'::timestamp, '2026-07-03T00:00:00.000Z'::timestamp) ON CONFLICT (slug) DO NOTHING;
INSERT INTO product_images (id, product_id, url, alt, sort_order) VALUES ('7176b161-e27f-57ee-b87c-2ff414d1a2d4', 'cd677a97-cf1b-585e-accf-390c2f961277', 'https://images.unsplash.com/photo-1519641471654-2ce0a35f7a37?w=3840&h=2160&fit=crop&q=90&auto=format', 'Toyota Fortuner G — Pearl White', 0) ON CONFLICT DO NOTHING;
INSERT INTO car_variants (id, car_model_id, trim, engine, transmission, fuel_type, color, color_hex, price, stock, sku, is_active) VALUES ('f80a0b25-fe41-5458-a942-6f0512ceb8d7', '4fa6bca9-9209-5f05-8680-f9fc00c9d327', 'G', '1.8L 4-Cyl', 'CVT', 'PETROL', 'Midnight Black', '#1A1A1A', 7450000, 3, 'CAR-TOY-FORTUNER-G-MIDNIGHT-BLACK', TRUE) ON CONFLICT (sku) DO NOTHING;
INSERT INTO products (id, type, name, slug, price, compare_at_price, stock, sku, thumbnail_url, is_featured, is_active, car_model_id, car_variant_id, part_id, created_at, updated_at) VALUES ('66b15ff1-9352-57c7-ba9d-7a8d72590699', 'CAR', 'Toyota Fortuner G — Midnight Black', 'toyota-fortuner-g-midnight-black', 7450000, NULL, 3, 'PROD-CAR-TOY-FORTUNER-G-MIDNIGHT-BLACK', 'https://images.unsplash.com/photo-1519641471654-2ce0a35f7a37?w=3840&h=2160&fit=crop&q=90&auto=format', TRUE, TRUE, '4fa6bca9-9209-5f05-8680-f9fc00c9d327', 'f80a0b25-fe41-5458-a942-6f0512ceb8d7', NULL, '2026-07-03T00:00:00.000Z'::timestamp, '2026-07-03T00:00:00.000Z'::timestamp) ON CONFLICT (slug) DO NOTHING;
INSERT INTO product_images (id, product_id, url, alt, sort_order) VALUES ('2a7b1e68-eab2-5145-82db-6405ba34f647', '66b15ff1-9352-57c7-ba9d-7a8d72590699', 'https://images.unsplash.com/photo-1519641471654-2ce0a35f7a37?w=3840&h=2160&fit=crop&q=90&auto=format', 'Toyota Fortuner G — Midnight Black', 0) ON CONFLICT DO NOTHING;
INSERT INTO car_models (id, brand_id, name, slug, year_from, year_to, body_type, hero_image_url, video_url, model_3d_url, base_price, description, description_bn, is_active, created_at) VALUES ('8472713e-0055-54cc-8e75-778fd7756bc7', '09db5170-3644-5fff-ba36-6519ed3303c0', 'Rush', 'rush', 2019, 2024, 'SUV', 'https://images.pexels.com/photos/909907/pexels-photo-909907.jpeg?auto=compress&cs=tinysrgb&w=1920&h=1080&fit=crop&q=85', 'https://customer-abc123.cloudflarestream.com/toyota-rush/manifest/video.m3u8', NULL, 3650000, 'The Toyota Rush is a compact 7-seater SUV based on the Daihatsu Terios platform. Its 1.5L engine delivers frugal fuel consumption (12–14 km/L in city driving) while providing 220 mm ground clearance — essential for Bangladesh road conditions. Fold-flat third row expands cargo space for family trips. Compact dimensions ease parking in dense urban areas. Affordable price point with Toyota warranty and service backing.', 'টয়োটা রাশ — কমপ্যাক্ট ৭-সিটার SUV, সাশ্রয়ী জ্বালানি ও ২২০mm গ্রাউন্ড ক্লিয়ারেন্স।', TRUE, '2026-07-03T00:00:00.000Z'::timestamp) ON CONFLICT (brand_id, slug) DO NOTHING;
INSERT INTO car_model_images (id, car_model_id, url, alt, sort_order) VALUES ('ba89cb7e-1df0-5f18-9769-e4aa8d1e03c3', '8472713e-0055-54cc-8e75-778fd7756bc7', 'https://images.pexels.com/photos/909907/pexels-photo-909907.jpeg?auto=compress&cs=tinysrgb&w=1920&h=1080&fit=crop&q=85', 'Rush view 1', 0) ON CONFLICT DO NOTHING;
INSERT INTO car_model_images (id, car_model_id, url, alt, sort_order) VALUES ('1a192345-3447-5ef2-80a2-8e12aaef486e', '8472713e-0055-54cc-8e75-778fd7756bc7', 'https://images.pexels.com/photos/909907/pexels-photo-909907.jpeg?auto=compress&cs=tinysrgb&w=1920&h=1080&fit=crop&q=85', 'Rush view 2', 1) ON CONFLICT DO NOTHING;
INSERT INTO car_model_images (id, car_model_id, url, alt, sort_order) VALUES ('64a54ddd-5474-5ad6-9a8a-2ee759451d31', '8472713e-0055-54cc-8e75-778fd7756bc7', 'https://images.pexels.com/photos/909907/pexels-photo-909907.jpeg?auto=compress&cs=tinysrgb&w=1920&h=1080&fit=crop&q=85', 'Rush view 3', 2) ON CONFLICT DO NOTHING;
INSERT INTO car_variants (id, car_model_id, trim, engine, transmission, fuel_type, color, color_hex, price, stock, sku, is_active) VALUES ('6cf2fe63-8b55-5968-bc52-712953d884c3', '8472713e-0055-54cc-8e75-778fd7756bc7', 'Base', '1.5L 4-Cyl', 'MANUAL', 'PETROL', 'Pearl White', '#F5F5F5', 3650000, 3, 'CAR-TOY-RUSH-BASE-PEARL-WHITE', TRUE) ON CONFLICT (sku) DO NOTHING;
INSERT INTO products (id, type, name, slug, price, compare_at_price, stock, sku, thumbnail_url, is_featured, is_active, car_model_id, car_variant_id, part_id, created_at, updated_at) VALUES ('ed38a2fd-5157-5466-8497-15b4a451ca53', 'CAR', 'Toyota Rush Base — Pearl White', 'toyota-rush-base-pearl-white', 3650000, NULL, 3, 'PROD-CAR-TOY-RUSH-BASE-PEARL-WHITE', 'https://images.pexels.com/photos/909907/pexels-photo-909907.jpeg?auto=compress&cs=tinysrgb&w=1920&h=1080&fit=crop&q=85', FALSE, TRUE, '8472713e-0055-54cc-8e75-778fd7756bc7', '6cf2fe63-8b55-5968-bc52-712953d884c3', NULL, '2026-07-03T00:00:00.000Z'::timestamp, '2026-07-03T00:00:00.000Z'::timestamp) ON CONFLICT (slug) DO NOTHING;
INSERT INTO product_images (id, product_id, url, alt, sort_order) VALUES ('32044f1f-de15-54b7-8e9c-3a7bcd87aced', 'ed38a2fd-5157-5466-8497-15b4a451ca53', 'https://images.pexels.com/photos/909907/pexels-photo-909907.jpeg?auto=compress&cs=tinysrgb&w=1920&h=1080&fit=crop&q=85', 'Toyota Rush Base — Pearl White', 0) ON CONFLICT DO NOTHING;
INSERT INTO car_variants (id, car_model_id, trim, engine, transmission, fuel_type, color, color_hex, price, stock, sku, is_active) VALUES ('952e7dcc-0b7c-5e37-b78b-1982dc01329a', '8472713e-0055-54cc-8e75-778fd7756bc7', 'Base', '1.5L 4-Cyl', 'MANUAL', 'PETROL', 'Midnight Black', '#1A1A1A', 3650000, 3, 'CAR-TOY-RUSH-BASE-MIDNIGHT-BLACK', TRUE) ON CONFLICT (sku) DO NOTHING;
INSERT INTO products (id, type, name, slug, price, compare_at_price, stock, sku, thumbnail_url, is_featured, is_active, car_model_id, car_variant_id, part_id, created_at, updated_at) VALUES ('31dbcde3-223f-5766-8072-2303495f580d', 'CAR', 'Toyota Rush Base — Midnight Black', 'toyota-rush-base-midnight-black', 3650000, NULL, 3, 'PROD-CAR-TOY-RUSH-BASE-MIDNIGHT-BLACK', 'https://images.pexels.com/photos/909907/pexels-photo-909907.jpeg?auto=compress&cs=tinysrgb&w=1920&h=1080&fit=crop&q=85', FALSE, TRUE, '8472713e-0055-54cc-8e75-778fd7756bc7', '952e7dcc-0b7c-5e37-b78b-1982dc01329a', NULL, '2026-07-03T00:00:00.000Z'::timestamp, '2026-07-03T00:00:00.000Z'::timestamp) ON CONFLICT (slug) DO NOTHING;
INSERT INTO product_images (id, product_id, url, alt, sort_order) VALUES ('e053eaad-9f35-5d63-ad79-c91bf9a2e8ab', '31dbcde3-223f-5766-8072-2303495f580d', 'https://images.pexels.com/photos/909907/pexels-photo-909907.jpeg?auto=compress&cs=tinysrgb&w=1920&h=1080&fit=crop&q=85', 'Toyota Rush Base — Midnight Black', 0) ON CONFLICT DO NOTHING;
INSERT INTO car_variants (id, car_model_id, trim, engine, transmission, fuel_type, color, color_hex, price, stock, sku, is_active) VALUES ('c55eb133-3f9a-5c88-9893-bb275fa5dc73', '8472713e-0055-54cc-8e75-778fd7756bc7', 'G', '1.8L 4-Cyl', 'CVT', 'PETROL', 'Pearl White', '#F5F5F5', 3900000, 3, 'CAR-TOY-RUSH-G-PEARL-WHITE', TRUE) ON CONFLICT (sku) DO NOTHING;
INSERT INTO products (id, type, name, slug, price, compare_at_price, stock, sku, thumbnail_url, is_featured, is_active, car_model_id, car_variant_id, part_id, created_at, updated_at) VALUES ('1b4a4cb5-f315-5771-a98c-9c266d59450f', 'CAR', 'Toyota Rush G — Pearl White', 'toyota-rush-g-pearl-white', 3900000, NULL, 3, 'PROD-CAR-TOY-RUSH-G-PEARL-WHITE', 'https://images.pexels.com/photos/909907/pexels-photo-909907.jpeg?auto=compress&cs=tinysrgb&w=1920&h=1080&fit=crop&q=85', FALSE, TRUE, '8472713e-0055-54cc-8e75-778fd7756bc7', 'c55eb133-3f9a-5c88-9893-bb275fa5dc73', NULL, '2026-07-03T00:00:00.000Z'::timestamp, '2026-07-03T00:00:00.000Z'::timestamp) ON CONFLICT (slug) DO NOTHING;
INSERT INTO product_images (id, product_id, url, alt, sort_order) VALUES ('cd9a20a9-f4f8-5328-bff0-1da1d985a220', '1b4a4cb5-f315-5771-a98c-9c266d59450f', 'https://images.pexels.com/photos/909907/pexels-photo-909907.jpeg?auto=compress&cs=tinysrgb&w=1920&h=1080&fit=crop&q=85', 'Toyota Rush G — Pearl White', 0) ON CONFLICT DO NOTHING;
INSERT INTO car_variants (id, car_model_id, trim, engine, transmission, fuel_type, color, color_hex, price, stock, sku, is_active) VALUES ('a58420ec-d23b-5db8-aaa1-a57ae91a1805', '8472713e-0055-54cc-8e75-778fd7756bc7', 'G', '1.8L 4-Cyl', 'CVT', 'PETROL', 'Midnight Black', '#1A1A1A', 3900000, 3, 'CAR-TOY-RUSH-G-MIDNIGHT-BLACK', TRUE) ON CONFLICT (sku) DO NOTHING;
INSERT INTO products (id, type, name, slug, price, compare_at_price, stock, sku, thumbnail_url, is_featured, is_active, car_model_id, car_variant_id, part_id, created_at, updated_at) VALUES ('71681aad-f3bb-5f87-98b5-7644f1948515', 'CAR', 'Toyota Rush G — Midnight Black', 'toyota-rush-g-midnight-black', 3900000, NULL, 3, 'PROD-CAR-TOY-RUSH-G-MIDNIGHT-BLACK', 'https://images.pexels.com/photos/909907/pexels-photo-909907.jpeg?auto=compress&cs=tinysrgb&w=1920&h=1080&fit=crop&q=85', FALSE, TRUE, '8472713e-0055-54cc-8e75-778fd7756bc7', 'a58420ec-d23b-5db8-aaa1-a57ae91a1805', NULL, '2026-07-03T00:00:00.000Z'::timestamp, '2026-07-03T00:00:00.000Z'::timestamp) ON CONFLICT (slug) DO NOTHING;
INSERT INTO product_images (id, product_id, url, alt, sort_order) VALUES ('05b47135-af46-5c3a-9f3a-1d0626bf394d', '71681aad-f3bb-5f87-98b5-7644f1948515', 'https://images.pexels.com/photos/909907/pexels-photo-909907.jpeg?auto=compress&cs=tinysrgb&w=1920&h=1080&fit=crop&q=85', 'Toyota Rush G — Midnight Black', 0) ON CONFLICT DO NOTHING;
INSERT INTO car_models (id, brand_id, name, slug, year_from, year_to, body_type, hero_image_url, video_url, model_3d_url, base_price, description, description_bn, is_active, created_at) VALUES ('4a68bc1c-5f72-5f99-9bc6-63487acac12c', '09db5170-3644-5fff-ba36-6519ed3303c0', 'Axio', 'axio', 2016, 2022, 'SEDAN', 'https://images.pexels.com/photos/170811/pexels-photo-170811.jpeg?auto=compress&cs=tinysrgb&w=1920&h=1080&fit=crop&q=85', 'https://customer-abc123.cloudflarestream.com/toyota-axio/manifest/video.m3u8', NULL, 2100000, 'The Toyota Axio (Corolla Axio) is one of Bangladesh''s most popular reconditioned imports — valued for reliability, low maintenance costs, and excellent fuel economy. The 1.5L 1NZ-FE engine is renowned for lasting 300,000+ km with basic care. Compact sedan dimensions suit city driving; spacious enough for a family of four. Available in X and G grades with varying feature levels. Parts availability and mechanic familiarity are unmatched.', 'টয়োটা অ্যাক্সিও — বাংলাদেশের জনপ্রিয় রিকন্ডিশন্ড সেডান, অত্যন্ত নির্ভরযোগ্য ও সাশ্রয়ী।', TRUE, '2026-07-03T00:00:00.000Z'::timestamp) ON CONFLICT (brand_id, slug) DO NOTHING;
INSERT INTO car_model_images (id, car_model_id, url, alt, sort_order) VALUES ('af0314b8-945b-527a-89d1-f9edf99f8750', '4a68bc1c-5f72-5f99-9bc6-63487acac12c', 'https://images.pexels.com/photos/170811/pexels-photo-170811.jpeg?auto=compress&cs=tinysrgb&w=1920&h=1080&fit=crop&q=85', 'Axio view 1', 0) ON CONFLICT DO NOTHING;
INSERT INTO car_model_images (id, car_model_id, url, alt, sort_order) VALUES ('d321b8b4-c30c-522b-b406-d498261f97f4', '4a68bc1c-5f72-5f99-9bc6-63487acac12c', 'https://images.pexels.com/photos/170811/pexels-photo-170811.jpeg?auto=compress&cs=tinysrgb&w=1920&h=1080&fit=crop&q=85', 'Axio view 2', 1) ON CONFLICT DO NOTHING;
INSERT INTO car_model_images (id, car_model_id, url, alt, sort_order) VALUES ('96dd3ec4-9dea-5528-8010-5cc999684c3e', '4a68bc1c-5f72-5f99-9bc6-63487acac12c', 'https://images.pexels.com/photos/170811/pexels-photo-170811.jpeg?auto=compress&cs=tinysrgb&w=1920&h=1080&fit=crop&q=85', 'Axio view 3', 2) ON CONFLICT DO NOTHING;
INSERT INTO car_variants (id, car_model_id, trim, engine, transmission, fuel_type, color, color_hex, price, stock, sku, is_active) VALUES ('a787a584-a944-5f6f-aec4-5b5a606fda28', '4a68bc1c-5f72-5f99-9bc6-63487acac12c', 'Base', '1.5L 4-Cyl', 'MANUAL', 'PETROL', 'Pearl White', '#F5F5F5', 2100000, 3, 'CAR-TOY-AXIO-BASE-PEARL-WHITE', TRUE) ON CONFLICT (sku) DO NOTHING;
INSERT INTO products (id, type, name, slug, price, compare_at_price, stock, sku, thumbnail_url, is_featured, is_active, car_model_id, car_variant_id, part_id, created_at, updated_at) VALUES ('35e1fd20-17a1-55cf-9d2d-fd86a3aca261', 'CAR', 'Toyota Axio Base — Pearl White', 'toyota-axio-base-pearl-white', 2100000, NULL, 3, 'PROD-CAR-TOY-AXIO-BASE-PEARL-WHITE', 'https://images.pexels.com/photos/170811/pexels-photo-170811.jpeg?auto=compress&cs=tinysrgb&w=1920&h=1080&fit=crop&q=85', FALSE, TRUE, '4a68bc1c-5f72-5f99-9bc6-63487acac12c', 'a787a584-a944-5f6f-aec4-5b5a606fda28', NULL, '2026-07-03T00:00:00.000Z'::timestamp, '2026-07-03T00:00:00.000Z'::timestamp) ON CONFLICT (slug) DO NOTHING;
INSERT INTO product_images (id, product_id, url, alt, sort_order) VALUES ('535c5f58-e5f8-5d92-9747-fc81ed0c52f8', '35e1fd20-17a1-55cf-9d2d-fd86a3aca261', 'https://images.pexels.com/photos/170811/pexels-photo-170811.jpeg?auto=compress&cs=tinysrgb&w=1920&h=1080&fit=crop&q=85', 'Toyota Axio Base — Pearl White', 0) ON CONFLICT DO NOTHING;
INSERT INTO car_variants (id, car_model_id, trim, engine, transmission, fuel_type, color, color_hex, price, stock, sku, is_active) VALUES ('db5af9c9-52e4-51e4-b6fe-7b9acaab3f88', '4a68bc1c-5f72-5f99-9bc6-63487acac12c', 'Base', '1.5L 4-Cyl', 'MANUAL', 'PETROL', 'Midnight Black', '#1A1A1A', 2100000, 3, 'CAR-TOY-AXIO-BASE-MIDNIGHT-BLACK', TRUE) ON CONFLICT (sku) DO NOTHING;
INSERT INTO products (id, type, name, slug, price, compare_at_price, stock, sku, thumbnail_url, is_featured, is_active, car_model_id, car_variant_id, part_id, created_at, updated_at) VALUES ('7dbfd84b-9a87-5432-85a7-0ba70240c7a2', 'CAR', 'Toyota Axio Base — Midnight Black', 'toyota-axio-base-midnight-black', 2100000, NULL, 3, 'PROD-CAR-TOY-AXIO-BASE-MIDNIGHT-BLACK', 'https://images.pexels.com/photos/170811/pexels-photo-170811.jpeg?auto=compress&cs=tinysrgb&w=1920&h=1080&fit=crop&q=85', FALSE, TRUE, '4a68bc1c-5f72-5f99-9bc6-63487acac12c', 'db5af9c9-52e4-51e4-b6fe-7b9acaab3f88', NULL, '2026-07-03T00:00:00.000Z'::timestamp, '2026-07-03T00:00:00.000Z'::timestamp) ON CONFLICT (slug) DO NOTHING;
INSERT INTO product_images (id, product_id, url, alt, sort_order) VALUES ('988f6869-55a2-502b-a03e-bea087aca647', '7dbfd84b-9a87-5432-85a7-0ba70240c7a2', 'https://images.pexels.com/photos/170811/pexels-photo-170811.jpeg?auto=compress&cs=tinysrgb&w=1920&h=1080&fit=crop&q=85', 'Toyota Axio Base — Midnight Black', 0) ON CONFLICT DO NOTHING;
INSERT INTO car_variants (id, car_model_id, trim, engine, transmission, fuel_type, color, color_hex, price, stock, sku, is_active) VALUES ('25d94c37-9303-5ad0-9cb5-e3f62cc7718f', '4a68bc1c-5f72-5f99-9bc6-63487acac12c', 'G', '1.8L 4-Cyl', 'CVT', 'PETROL', 'Pearl White', '#F5F5F5', 2350000, 3, 'CAR-TOY-AXIO-G-PEARL-WHITE', TRUE) ON CONFLICT (sku) DO NOTHING;
INSERT INTO products (id, type, name, slug, price, compare_at_price, stock, sku, thumbnail_url, is_featured, is_active, car_model_id, car_variant_id, part_id, created_at, updated_at) VALUES ('101ab986-6f0c-5cb4-a097-4f769a4d7d8a', 'CAR', 'Toyota Axio G — Pearl White', 'toyota-axio-g-pearl-white', 2350000, NULL, 3, 'PROD-CAR-TOY-AXIO-G-PEARL-WHITE', 'https://images.pexels.com/photos/170811/pexels-photo-170811.jpeg?auto=compress&cs=tinysrgb&w=1920&h=1080&fit=crop&q=85', FALSE, TRUE, '4a68bc1c-5f72-5f99-9bc6-63487acac12c', '25d94c37-9303-5ad0-9cb5-e3f62cc7718f', NULL, '2026-07-03T00:00:00.000Z'::timestamp, '2026-07-03T00:00:00.000Z'::timestamp) ON CONFLICT (slug) DO NOTHING;
INSERT INTO product_images (id, product_id, url, alt, sort_order) VALUES ('644e8895-d0c5-5124-a8ab-0d107baca41c', '101ab986-6f0c-5cb4-a097-4f769a4d7d8a', 'https://images.pexels.com/photos/170811/pexels-photo-170811.jpeg?auto=compress&cs=tinysrgb&w=1920&h=1080&fit=crop&q=85', 'Toyota Axio G — Pearl White', 0) ON CONFLICT DO NOTHING;
INSERT INTO car_variants (id, car_model_id, trim, engine, transmission, fuel_type, color, color_hex, price, stock, sku, is_active) VALUES ('b9fb3742-7844-5475-a3af-09deeb13797c', '4a68bc1c-5f72-5f99-9bc6-63487acac12c', 'G', '1.8L 4-Cyl', 'CVT', 'PETROL', 'Midnight Black', '#1A1A1A', 2350000, 3, 'CAR-TOY-AXIO-G-MIDNIGHT-BLACK', TRUE) ON CONFLICT (sku) DO NOTHING;
INSERT INTO products (id, type, name, slug, price, compare_at_price, stock, sku, thumbnail_url, is_featured, is_active, car_model_id, car_variant_id, part_id, created_at, updated_at) VALUES ('f1b48262-6185-58b0-bd00-bff887be9955', 'CAR', 'Toyota Axio G — Midnight Black', 'toyota-axio-g-midnight-black', 2350000, NULL, 3, 'PROD-CAR-TOY-AXIO-G-MIDNIGHT-BLACK', 'https://images.pexels.com/photos/170811/pexels-photo-170811.jpeg?auto=compress&cs=tinysrgb&w=1920&h=1080&fit=crop&q=85', FALSE, TRUE, '4a68bc1c-5f72-5f99-9bc6-63487acac12c', 'b9fb3742-7844-5475-a3af-09deeb13797c', NULL, '2026-07-03T00:00:00.000Z'::timestamp, '2026-07-03T00:00:00.000Z'::timestamp) ON CONFLICT (slug) DO NOTHING;
INSERT INTO product_images (id, product_id, url, alt, sort_order) VALUES ('837bc00a-2438-53a0-a23e-f8fb3ddeb91f', 'f1b48262-6185-58b0-bd00-bff887be9955', 'https://images.pexels.com/photos/170811/pexels-photo-170811.jpeg?auto=compress&cs=tinysrgb&w=1920&h=1080&fit=crop&q=85', 'Toyota Axio G — Midnight Black', 0) ON CONFLICT DO NOTHING;
INSERT INTO brands (id, name, slug, logo_url, hero_video_url, description, description_bn, is_active, sort_order, created_at) VALUES ('be365a41-33bb-58b3-b896-f4481be68be0', 'Hyundai', 'hyundai', 'https://res.cloudinary.com/demo/image/upload/v1699000000/brands/hyundai-logo.png', 'https://customer-abc123.cloudflarestream.com/hyundai-hero/manifest/video.m3u8', 'Hyundai — bold design, advanced tech, and outstanding value.', 'হুন্দাই — আধুনিক ডিজাইন, প্রযুক্তি এবং অসাধারণ মূল্য।', TRUE, 1, '2026-07-03T00:00:00.000Z'::timestamp) ON CONFLICT (slug) DO NOTHING;
INSERT INTO car_models (id, brand_id, name, slug, year_from, year_to, body_type, hero_image_url, video_url, model_3d_url, base_price, description, description_bn, is_active, created_at) VALUES ('82a162ab-2772-5fba-9153-bdd3251844ef', 'be365a41-33bb-58b3-b896-f4481be68be0', 'Tucson', 'tucson', 2022, 2025, 'SUV', 'https://images.unsplash.com/photo-1606664515524-ed2f786a0bd6?w=3840&h=2160&fit=crop&q=90&auto=format', 'https://customer-abc123.cloudflarestream.com/hyundai-tucson/manifest/video.m3u8', 'https://res.cloudinary.com/demo/raw/upload/v1699000000/models/hyundai-tucson.glb', 5500000, 'The Hyundai Tucson brings bold Parametric Jewel grille design and a feature-rich cabin to the mid-size SUV segment. 1.6L turbo petrol or 2.0L diesel engines paired with 6-speed automatic or 7DCT transmission. Hyundai SmartSense suite includes blind-spot collision warning and smart cruise control. Dual 10.25" displays, ventilated front seats, and Bose premium audio on top trims. 5-year unlimited km warranty — industry-leading in Bangladesh.', 'হুন্দাই টাকসন — বোল্ড ডিজাইন, স্মার্টসেন্স সেফটি, ৫ বছর ওয়ারেন্টি।', TRUE, '2026-07-03T00:00:00.000Z'::timestamp) ON CONFLICT (brand_id, slug) DO NOTHING;
INSERT INTO car_model_images (id, car_model_id, url, alt, sort_order) VALUES ('6fb71ede-96d8-5d44-96f4-b2a3989143ac', '82a162ab-2772-5fba-9153-bdd3251844ef', 'https://images.unsplash.com/photo-1606664515524-ed2f786a0bd6?w=3840&h=2160&fit=crop&q=90&auto=format', 'Tucson view 1', 0) ON CONFLICT DO NOTHING;
INSERT INTO car_model_images (id, car_model_id, url, alt, sort_order) VALUES ('22b651a9-9082-5389-ae80-ccf3da56537c', '82a162ab-2772-5fba-9153-bdd3251844ef', 'https://images.unsplash.com/photo-1606664515524-ed2f786a0bd6?w=3840&h=2160&fit=crop&q=90&auto=format', 'Tucson view 2', 1) ON CONFLICT DO NOTHING;
INSERT INTO car_model_images (id, car_model_id, url, alt, sort_order) VALUES ('c82c247e-9b85-5ce5-99f0-c2e8c357ffee', '82a162ab-2772-5fba-9153-bdd3251844ef', 'https://images.unsplash.com/photo-1606664515524-ed2f786a0bd6?w=3840&h=2160&fit=crop&q=90&auto=format', 'Tucson view 3', 2) ON CONFLICT DO NOTHING;
INSERT INTO car_variants (id, car_model_id, trim, engine, transmission, fuel_type, color, color_hex, price, stock, sku, is_active) VALUES ('1494114e-11a3-5bb8-85ee-bbd6fd29b342', '82a162ab-2772-5fba-9153-bdd3251844ef', 'Base', '1.5L 4-Cyl', 'MANUAL', 'PETROL', 'Pearl White', '#F5F5F5', 5500000, 3, 'CAR-HYU-TUCSON-BASE-PEARL-WHITE', TRUE) ON CONFLICT (sku) DO NOTHING;
INSERT INTO products (id, type, name, slug, price, compare_at_price, stock, sku, thumbnail_url, is_featured, is_active, car_model_id, car_variant_id, part_id, created_at, updated_at) VALUES ('24c3fe1a-3063-5b75-a33d-52fca60a2f1e', 'CAR', 'Hyundai Tucson Base — Pearl White', 'hyundai-tucson-base-pearl-white', 5500000, NULL, 3, 'PROD-CAR-HYU-TUCSON-BASE-PEARL-WHITE', 'https://images.unsplash.com/photo-1606664515524-ed2f786a0bd6?w=3840&h=2160&fit=crop&q=90&auto=format', FALSE, TRUE, '82a162ab-2772-5fba-9153-bdd3251844ef', '1494114e-11a3-5bb8-85ee-bbd6fd29b342', NULL, '2026-07-03T00:00:00.000Z'::timestamp, '2026-07-03T00:00:00.000Z'::timestamp) ON CONFLICT (slug) DO NOTHING;
INSERT INTO product_images (id, product_id, url, alt, sort_order) VALUES ('251d924c-64ed-5885-aaeb-e2c41fe7da68', '24c3fe1a-3063-5b75-a33d-52fca60a2f1e', 'https://images.unsplash.com/photo-1606664515524-ed2f786a0bd6?w=3840&h=2160&fit=crop&q=90&auto=format', 'Hyundai Tucson Base — Pearl White', 0) ON CONFLICT DO NOTHING;
INSERT INTO car_variants (id, car_model_id, trim, engine, transmission, fuel_type, color, color_hex, price, stock, sku, is_active) VALUES ('82a94766-b8b1-56ec-af4f-601c5d8e38e0', '82a162ab-2772-5fba-9153-bdd3251844ef', 'Base', '1.5L 4-Cyl', 'MANUAL', 'PETROL', 'Midnight Black', '#1A1A1A', 5500000, 3, 'CAR-HYU-TUCSON-BASE-MIDNIGHT-BLACK', TRUE) ON CONFLICT (sku) DO NOTHING;
INSERT INTO products (id, type, name, slug, price, compare_at_price, stock, sku, thumbnail_url, is_featured, is_active, car_model_id, car_variant_id, part_id, created_at, updated_at) VALUES ('7830e166-559f-58c4-a4c9-47b9efc31a63', 'CAR', 'Hyundai Tucson Base — Midnight Black', 'hyundai-tucson-base-midnight-black', 5500000, NULL, 3, 'PROD-CAR-HYU-TUCSON-BASE-MIDNIGHT-BLACK', 'https://images.unsplash.com/photo-1606664515524-ed2f786a0bd6?w=3840&h=2160&fit=crop&q=90&auto=format', FALSE, TRUE, '82a162ab-2772-5fba-9153-bdd3251844ef', '82a94766-b8b1-56ec-af4f-601c5d8e38e0', NULL, '2026-07-03T00:00:00.000Z'::timestamp, '2026-07-03T00:00:00.000Z'::timestamp) ON CONFLICT (slug) DO NOTHING;
INSERT INTO product_images (id, product_id, url, alt, sort_order) VALUES ('2a9d542d-97fb-54c0-8105-91472a472094', '7830e166-559f-58c4-a4c9-47b9efc31a63', 'https://images.unsplash.com/photo-1606664515524-ed2f786a0bd6?w=3840&h=2160&fit=crop&q=90&auto=format', 'Hyundai Tucson Base — Midnight Black', 0) ON CONFLICT DO NOTHING;
INSERT INTO car_variants (id, car_model_id, trim, engine, transmission, fuel_type, color, color_hex, price, stock, sku, is_active) VALUES ('452977f6-f2a3-508f-8976-0ecaa87bb677', '82a162ab-2772-5fba-9153-bdd3251844ef', 'G', '1.8L 4-Cyl', 'CVT', 'PETROL', 'Pearl White', '#F5F5F5', 5750000, 3, 'CAR-HYU-TUCSON-G-PEARL-WHITE', TRUE) ON CONFLICT (sku) DO NOTHING;
INSERT INTO products (id, type, name, slug, price, compare_at_price, stock, sku, thumbnail_url, is_featured, is_active, car_model_id, car_variant_id, part_id, created_at, updated_at) VALUES ('35d51266-49b1-5733-8fb5-be5997a71980', 'CAR', 'Hyundai Tucson G — Pearl White', 'hyundai-tucson-g-pearl-white', 5750000, NULL, 3, 'PROD-CAR-HYU-TUCSON-G-PEARL-WHITE', 'https://images.unsplash.com/photo-1606664515524-ed2f786a0bd6?w=3840&h=2160&fit=crop&q=90&auto=format', TRUE, TRUE, '82a162ab-2772-5fba-9153-bdd3251844ef', '452977f6-f2a3-508f-8976-0ecaa87bb677', NULL, '2026-07-03T00:00:00.000Z'::timestamp, '2026-07-03T00:00:00.000Z'::timestamp) ON CONFLICT (slug) DO NOTHING;
INSERT INTO product_images (id, product_id, url, alt, sort_order) VALUES ('b8c4b92c-0478-5175-a43a-15d85ac4881a', '35d51266-49b1-5733-8fb5-be5997a71980', 'https://images.unsplash.com/photo-1606664515524-ed2f786a0bd6?w=3840&h=2160&fit=crop&q=90&auto=format', 'Hyundai Tucson G — Pearl White', 0) ON CONFLICT DO NOTHING;
INSERT INTO car_variants (id, car_model_id, trim, engine, transmission, fuel_type, color, color_hex, price, stock, sku, is_active) VALUES ('22d19a78-3267-501d-ac49-2d677e76e6d1', '82a162ab-2772-5fba-9153-bdd3251844ef', 'G', '1.8L 4-Cyl', 'CVT', 'PETROL', 'Midnight Black', '#1A1A1A', 5750000, 3, 'CAR-HYU-TUCSON-G-MIDNIGHT-BLACK', TRUE) ON CONFLICT (sku) DO NOTHING;
INSERT INTO products (id, type, name, slug, price, compare_at_price, stock, sku, thumbnail_url, is_featured, is_active, car_model_id, car_variant_id, part_id, created_at, updated_at) VALUES ('fdeab086-7120-5e82-a5b0-6b3fa16eaac5', 'CAR', 'Hyundai Tucson G — Midnight Black', 'hyundai-tucson-g-midnight-black', 5750000, NULL, 3, 'PROD-CAR-HYU-TUCSON-G-MIDNIGHT-BLACK', 'https://images.unsplash.com/photo-1606664515524-ed2f786a0bd6?w=3840&h=2160&fit=crop&q=90&auto=format', TRUE, TRUE, '82a162ab-2772-5fba-9153-bdd3251844ef', '22d19a78-3267-501d-ac49-2d677e76e6d1', NULL, '2026-07-03T00:00:00.000Z'::timestamp, '2026-07-03T00:00:00.000Z'::timestamp) ON CONFLICT (slug) DO NOTHING;
INSERT INTO product_images (id, product_id, url, alt, sort_order) VALUES ('99e28410-eb57-5105-8958-ec041edbd06c', 'fdeab086-7120-5e82-a5b0-6b3fa16eaac5', 'https://images.unsplash.com/photo-1606664515524-ed2f786a0bd6?w=3840&h=2160&fit=crop&q=90&auto=format', 'Hyundai Tucson G — Midnight Black', 0) ON CONFLICT DO NOTHING;
INSERT INTO car_models (id, brand_id, name, slug, year_from, year_to, body_type, hero_image_url, video_url, model_3d_url, base_price, description, description_bn, is_active, created_at) VALUES ('a1432d21-3bc7-5271-8e37-7b622b5dd03c', 'be365a41-33bb-58b3-b896-f4481be68be0', 'Creta', 'creta', 2021, 2025, 'SUV', 'https://images.unsplash.com/photo-1617813489046-4c63c5d0c5f4?w=3840&h=2160&fit=crop&q=90&auto=format', 'https://customer-abc123.cloudflarestream.com/hyundai-creta/manifest/video.m3u8', 'https://res.cloudinary.com/demo/raw/upload/v1699000000/models/hyundai-creta.glb', 4200000, 'The Hyundai Creta dominates the compact SUV segment with its coupe-inspired styling and premium interior. 1.5L petrol with CVT or 1.4L turbo with DCT offers choice between efficiency and performance. Panoramic sunroof, 10.25" touchscreen with wireless Android Auto, and ambient lighting create an upscale experience. 430 litres boot space and 190 mm ground clearance suit Bangladesh lifestyle. Bestseller with strong resale demand.', 'হুন্দাই ক্রেটা — কমপ্যাক্ট SUV সেগমেন্টের বেস্টসেলার, প্যানোরামিক সানরুফ ও প্রিমিয়াম ইন্টেরিয়র।', TRUE, '2026-07-03T00:00:00.000Z'::timestamp) ON CONFLICT (brand_id, slug) DO NOTHING;
INSERT INTO car_model_images (id, car_model_id, url, alt, sort_order) VALUES ('cfd34316-b299-5cfa-ad23-812e38fda710', 'a1432d21-3bc7-5271-8e37-7b622b5dd03c', 'https://images.unsplash.com/photo-1617813489046-4c63c5d0c5f4?w=3840&h=2160&fit=crop&q=90&auto=format', 'Creta view 1', 0) ON CONFLICT DO NOTHING;
INSERT INTO car_model_images (id, car_model_id, url, alt, sort_order) VALUES ('94a59e86-1f7f-59b9-819e-152e1aa22b93', 'a1432d21-3bc7-5271-8e37-7b622b5dd03c', 'https://images.unsplash.com/photo-1617813489046-4c63c5d0c5f4?w=3840&h=2160&fit=crop&q=90&auto=format', 'Creta view 2', 1) ON CONFLICT DO NOTHING;
INSERT INTO car_model_images (id, car_model_id, url, alt, sort_order) VALUES ('36e1c432-6bfc-5e4f-9d90-d6318265742c', 'a1432d21-3bc7-5271-8e37-7b622b5dd03c', 'https://images.unsplash.com/photo-1617813489046-4c63c5d0c5f4?w=3840&h=2160&fit=crop&q=90&auto=format', 'Creta view 3', 2) ON CONFLICT DO NOTHING;
INSERT INTO car_variants (id, car_model_id, trim, engine, transmission, fuel_type, color, color_hex, price, stock, sku, is_active) VALUES ('9d499e13-4a80-544c-96ad-78d546e2c25f', 'a1432d21-3bc7-5271-8e37-7b622b5dd03c', 'Base', '1.5L 4-Cyl', 'MANUAL', 'PETROL', 'Pearl White', '#F5F5F5', 4200000, 3, 'CAR-HYU-CRETA-BASE-PEARL-WHITE', TRUE) ON CONFLICT (sku) DO NOTHING;
INSERT INTO products (id, type, name, slug, price, compare_at_price, stock, sku, thumbnail_url, is_featured, is_active, car_model_id, car_variant_id, part_id, created_at, updated_at) VALUES ('5e416ee4-16fe-5645-9888-4b10cd502147', 'CAR', 'Hyundai Creta Base — Pearl White', 'hyundai-creta-base-pearl-white', 4200000, NULL, 3, 'PROD-CAR-HYU-CRETA-BASE-PEARL-WHITE', 'https://images.unsplash.com/photo-1617813489046-4c63c5d0c5f4?w=3840&h=2160&fit=crop&q=90&auto=format', FALSE, TRUE, 'a1432d21-3bc7-5271-8e37-7b622b5dd03c', '9d499e13-4a80-544c-96ad-78d546e2c25f', NULL, '2026-07-03T00:00:00.000Z'::timestamp, '2026-07-03T00:00:00.000Z'::timestamp) ON CONFLICT (slug) DO NOTHING;
INSERT INTO product_images (id, product_id, url, alt, sort_order) VALUES ('c2570579-737a-5ba9-af12-ea064f9494f2', '5e416ee4-16fe-5645-9888-4b10cd502147', 'https://images.unsplash.com/photo-1617813489046-4c63c5d0c5f4?w=3840&h=2160&fit=crop&q=90&auto=format', 'Hyundai Creta Base — Pearl White', 0) ON CONFLICT DO NOTHING;
INSERT INTO car_variants (id, car_model_id, trim, engine, transmission, fuel_type, color, color_hex, price, stock, sku, is_active) VALUES ('cda1f649-6f4f-5799-85d9-cda507d5520a', 'a1432d21-3bc7-5271-8e37-7b622b5dd03c', 'Base', '1.5L 4-Cyl', 'MANUAL', 'PETROL', 'Midnight Black', '#1A1A1A', 4200000, 3, 'CAR-HYU-CRETA-BASE-MIDNIGHT-BLACK', TRUE) ON CONFLICT (sku) DO NOTHING;
INSERT INTO products (id, type, name, slug, price, compare_at_price, stock, sku, thumbnail_url, is_featured, is_active, car_model_id, car_variant_id, part_id, created_at, updated_at) VALUES ('cf5e8630-e99f-5ec5-bca4-a8f0e7b59ae8', 'CAR', 'Hyundai Creta Base — Midnight Black', 'hyundai-creta-base-midnight-black', 4200000, NULL, 3, 'PROD-CAR-HYU-CRETA-BASE-MIDNIGHT-BLACK', 'https://images.unsplash.com/photo-1617813489046-4c63c5d0c5f4?w=3840&h=2160&fit=crop&q=90&auto=format', FALSE, TRUE, 'a1432d21-3bc7-5271-8e37-7b622b5dd03c', 'cda1f649-6f4f-5799-85d9-cda507d5520a', NULL, '2026-07-03T00:00:00.000Z'::timestamp, '2026-07-03T00:00:00.000Z'::timestamp) ON CONFLICT (slug) DO NOTHING;
INSERT INTO product_images (id, product_id, url, alt, sort_order) VALUES ('4240967f-7d9a-5d60-aacb-fb482fc73a43', 'cf5e8630-e99f-5ec5-bca4-a8f0e7b59ae8', 'https://images.unsplash.com/photo-1617813489046-4c63c5d0c5f4?w=3840&h=2160&fit=crop&q=90&auto=format', 'Hyundai Creta Base — Midnight Black', 0) ON CONFLICT DO NOTHING;
INSERT INTO car_variants (id, car_model_id, trim, engine, transmission, fuel_type, color, color_hex, price, stock, sku, is_active) VALUES ('16f48715-7d7c-5fa3-bfb6-2f0b6aadc2dd', 'a1432d21-3bc7-5271-8e37-7b622b5dd03c', 'G', '1.8L 4-Cyl', 'CVT', 'PETROL', 'Pearl White', '#F5F5F5', 4450000, 3, 'CAR-HYU-CRETA-G-PEARL-WHITE', TRUE) ON CONFLICT (sku) DO NOTHING;
INSERT INTO products (id, type, name, slug, price, compare_at_price, stock, sku, thumbnail_url, is_featured, is_active, car_model_id, car_variant_id, part_id, created_at, updated_at) VALUES ('c746bf55-68df-5fbf-9993-4c335903a579', 'CAR', 'Hyundai Creta G — Pearl White', 'hyundai-creta-g-pearl-white', 4450000, NULL, 3, 'PROD-CAR-HYU-CRETA-G-PEARL-WHITE', 'https://images.unsplash.com/photo-1617813489046-4c63c5d0c5f4?w=3840&h=2160&fit=crop&q=90&auto=format', TRUE, TRUE, 'a1432d21-3bc7-5271-8e37-7b622b5dd03c', '16f48715-7d7c-5fa3-bfb6-2f0b6aadc2dd', NULL, '2026-07-03T00:00:00.000Z'::timestamp, '2026-07-03T00:00:00.000Z'::timestamp) ON CONFLICT (slug) DO NOTHING;
INSERT INTO product_images (id, product_id, url, alt, sort_order) VALUES ('78f4cf36-73e4-585a-a864-3938d354c64e', 'c746bf55-68df-5fbf-9993-4c335903a579', 'https://images.unsplash.com/photo-1617813489046-4c63c5d0c5f4?w=3840&h=2160&fit=crop&q=90&auto=format', 'Hyundai Creta G — Pearl White', 0) ON CONFLICT DO NOTHING;
INSERT INTO car_variants (id, car_model_id, trim, engine, transmission, fuel_type, color, color_hex, price, stock, sku, is_active) VALUES ('8f94896c-42e9-51f1-a743-20c89cee47ba', 'a1432d21-3bc7-5271-8e37-7b622b5dd03c', 'G', '1.8L 4-Cyl', 'CVT', 'PETROL', 'Midnight Black', '#1A1A1A', 4450000, 3, 'CAR-HYU-CRETA-G-MIDNIGHT-BLACK', TRUE) ON CONFLICT (sku) DO NOTHING;
INSERT INTO products (id, type, name, slug, price, compare_at_price, stock, sku, thumbnail_url, is_featured, is_active, car_model_id, car_variant_id, part_id, created_at, updated_at) VALUES ('3b0f0898-7279-5420-bc76-412f000945db', 'CAR', 'Hyundai Creta G — Midnight Black', 'hyundai-creta-g-midnight-black', 4450000, NULL, 3, 'PROD-CAR-HYU-CRETA-G-MIDNIGHT-BLACK', 'https://images.unsplash.com/photo-1617813489046-4c63c5d0c5f4?w=3840&h=2160&fit=crop&q=90&auto=format', TRUE, TRUE, 'a1432d21-3bc7-5271-8e37-7b622b5dd03c', '8f94896c-42e9-51f1-a743-20c89cee47ba', NULL, '2026-07-03T00:00:00.000Z'::timestamp, '2026-07-03T00:00:00.000Z'::timestamp) ON CONFLICT (slug) DO NOTHING;
INSERT INTO product_images (id, product_id, url, alt, sort_order) VALUES ('73db0a91-d3a7-52b2-974e-8db3e82011d5', '3b0f0898-7279-5420-bc76-412f000945db', 'https://images.unsplash.com/photo-1617813489046-4c63c5d0c5f4?w=3840&h=2160&fit=crop&q=90&auto=format', 'Hyundai Creta G — Midnight Black', 0) ON CONFLICT DO NOTHING;
INSERT INTO car_models (id, brand_id, name, slug, year_from, year_to, body_type, hero_image_url, video_url, model_3d_url, base_price, description, description_bn, is_active, created_at) VALUES ('e26d38f0-e3e2-5c3a-a266-ec20e2f321e1', 'be365a41-33bb-58b3-b896-f4481be68be0', 'Elantra', 'elantra', 2020, 2024, 'SEDAN', 'https://images.unsplash.com/photo-1555215695-3004980ad54e?w=3840&h=2160&fit=crop&q=90&auto=format', 'https://customer-abc123.cloudflarestream.com/hyundai-elantra/manifest/video.m3u8', NULL, 3800000, 'The Hyundai Elantra combines sporty sedan styling with advanced technology. The 2.0L MPI engine produces 159 hp with smooth 6-speed automatic transmission. Digital cockpit with twin displays, Hyundai SmartSense, and wireless phone charging on premium trims. Low drag coefficient (0.28 Cd) aids fuel efficiency on highway runs between Dhaka and Sylhet. Comfortable ride with independent rear multi-link suspension.', 'হুন্দাই এলান্ত্রা — স্পোর্টি সেডান ডিজাইন, ২.০L ইঞ্জিন ও স্মার্টসেন্স প্রযুক্তি।', TRUE, '2026-07-03T00:00:00.000Z'::timestamp) ON CONFLICT (brand_id, slug) DO NOTHING;
INSERT INTO car_model_images (id, car_model_id, url, alt, sort_order) VALUES ('4d32822a-7207-5be9-8bbf-c9f32e5d8d2e', 'e26d38f0-e3e2-5c3a-a266-ec20e2f321e1', 'https://images.unsplash.com/photo-1555215695-3004980ad54e?w=3840&h=2160&fit=crop&q=90&auto=format', 'Elantra view 1', 0) ON CONFLICT DO NOTHING;
INSERT INTO car_model_images (id, car_model_id, url, alt, sort_order) VALUES ('d151561a-db83-5159-84af-d08d3a40601a', 'e26d38f0-e3e2-5c3a-a266-ec20e2f321e1', 'https://images.unsplash.com/photo-1555215695-3004980ad54e?w=3840&h=2160&fit=crop&q=90&auto=format', 'Elantra view 2', 1) ON CONFLICT DO NOTHING;
INSERT INTO car_model_images (id, car_model_id, url, alt, sort_order) VALUES ('feabb005-b1f0-577c-93b8-6232bb2de64f', 'e26d38f0-e3e2-5c3a-a266-ec20e2f321e1', 'https://images.unsplash.com/photo-1555215695-3004980ad54e?w=3840&h=2160&fit=crop&q=90&auto=format', 'Elantra view 3', 2) ON CONFLICT DO NOTHING;
INSERT INTO car_variants (id, car_model_id, trim, engine, transmission, fuel_type, color, color_hex, price, stock, sku, is_active) VALUES ('3b8f8472-e728-5991-8db1-39cb13838564', 'e26d38f0-e3e2-5c3a-a266-ec20e2f321e1', 'Base', '1.5L 4-Cyl', 'MANUAL', 'PETROL', 'Pearl White', '#F5F5F5', 3800000, 3, 'CAR-HYU-ELANTRA-BASE-PEARL-WHITE', TRUE) ON CONFLICT (sku) DO NOTHING;
INSERT INTO products (id, type, name, slug, price, compare_at_price, stock, sku, thumbnail_url, is_featured, is_active, car_model_id, car_variant_id, part_id, created_at, updated_at) VALUES ('f731aa52-ce11-5320-b9e8-7d96810517a8', 'CAR', 'Hyundai Elantra Base — Pearl White', 'hyundai-elantra-base-pearl-white', 3800000, NULL, 3, 'PROD-CAR-HYU-ELANTRA-BASE-PEARL-WHITE', 'https://images.unsplash.com/photo-1555215695-3004980ad54e?w=3840&h=2160&fit=crop&q=90&auto=format', FALSE, TRUE, 'e26d38f0-e3e2-5c3a-a266-ec20e2f321e1', '3b8f8472-e728-5991-8db1-39cb13838564', NULL, '2026-07-03T00:00:00.000Z'::timestamp, '2026-07-03T00:00:00.000Z'::timestamp) ON CONFLICT (slug) DO NOTHING;
INSERT INTO product_images (id, product_id, url, alt, sort_order) VALUES ('e2e8dae9-ad9a-523d-bf9e-a1984d2c8fb4', 'f731aa52-ce11-5320-b9e8-7d96810517a8', 'https://images.unsplash.com/photo-1555215695-3004980ad54e?w=3840&h=2160&fit=crop&q=90&auto=format', 'Hyundai Elantra Base — Pearl White', 0) ON CONFLICT DO NOTHING;
INSERT INTO car_variants (id, car_model_id, trim, engine, transmission, fuel_type, color, color_hex, price, stock, sku, is_active) VALUES ('0cd87020-b520-57d0-bd66-3aa84f8861b1', 'e26d38f0-e3e2-5c3a-a266-ec20e2f321e1', 'Base', '1.5L 4-Cyl', 'MANUAL', 'PETROL', 'Midnight Black', '#1A1A1A', 3800000, 3, 'CAR-HYU-ELANTRA-BASE-MIDNIGHT-BLACK', TRUE) ON CONFLICT (sku) DO NOTHING;
INSERT INTO products (id, type, name, slug, price, compare_at_price, stock, sku, thumbnail_url, is_featured, is_active, car_model_id, car_variant_id, part_id, created_at, updated_at) VALUES ('3b0d194e-1dab-5d44-b801-03ffc5982307', 'CAR', 'Hyundai Elantra Base — Midnight Black', 'hyundai-elantra-base-midnight-black', 3800000, NULL, 3, 'PROD-CAR-HYU-ELANTRA-BASE-MIDNIGHT-BLACK', 'https://images.unsplash.com/photo-1555215695-3004980ad54e?w=3840&h=2160&fit=crop&q=90&auto=format', FALSE, TRUE, 'e26d38f0-e3e2-5c3a-a266-ec20e2f321e1', '0cd87020-b520-57d0-bd66-3aa84f8861b1', NULL, '2026-07-03T00:00:00.000Z'::timestamp, '2026-07-03T00:00:00.000Z'::timestamp) ON CONFLICT (slug) DO NOTHING;
INSERT INTO product_images (id, product_id, url, alt, sort_order) VALUES ('7d5dc9bc-d3b1-50d9-b259-d6780c5fb9f0', '3b0d194e-1dab-5d44-b801-03ffc5982307', 'https://images.unsplash.com/photo-1555215695-3004980ad54e?w=3840&h=2160&fit=crop&q=90&auto=format', 'Hyundai Elantra Base — Midnight Black', 0) ON CONFLICT DO NOTHING;
INSERT INTO car_variants (id, car_model_id, trim, engine, transmission, fuel_type, color, color_hex, price, stock, sku, is_active) VALUES ('c9e74f9f-d763-5576-90ec-a29de40de01c', 'e26d38f0-e3e2-5c3a-a266-ec20e2f321e1', 'G', '1.8L 4-Cyl', 'CVT', 'PETROL', 'Pearl White', '#F5F5F5', 4050000, 3, 'CAR-HYU-ELANTRA-G-PEARL-WHITE', TRUE) ON CONFLICT (sku) DO NOTHING;
INSERT INTO products (id, type, name, slug, price, compare_at_price, stock, sku, thumbnail_url, is_featured, is_active, car_model_id, car_variant_id, part_id, created_at, updated_at) VALUES ('be9e9109-6fbe-51d4-b362-6b55b29d0535', 'CAR', 'Hyundai Elantra G — Pearl White', 'hyundai-elantra-g-pearl-white', 4050000, NULL, 3, 'PROD-CAR-HYU-ELANTRA-G-PEARL-WHITE', 'https://images.unsplash.com/photo-1555215695-3004980ad54e?w=3840&h=2160&fit=crop&q=90&auto=format', FALSE, TRUE, 'e26d38f0-e3e2-5c3a-a266-ec20e2f321e1', 'c9e74f9f-d763-5576-90ec-a29de40de01c', NULL, '2026-07-03T00:00:00.000Z'::timestamp, '2026-07-03T00:00:00.000Z'::timestamp) ON CONFLICT (slug) DO NOTHING;
INSERT INTO product_images (id, product_id, url, alt, sort_order) VALUES ('805affe5-4373-50ce-8809-e62978213aa3', 'be9e9109-6fbe-51d4-b362-6b55b29d0535', 'https://images.unsplash.com/photo-1555215695-3004980ad54e?w=3840&h=2160&fit=crop&q=90&auto=format', 'Hyundai Elantra G — Pearl White', 0) ON CONFLICT DO NOTHING;
INSERT INTO car_variants (id, car_model_id, trim, engine, transmission, fuel_type, color, color_hex, price, stock, sku, is_active) VALUES ('b72efbba-f10e-5f2e-84df-a031b7ab5d9b', 'e26d38f0-e3e2-5c3a-a266-ec20e2f321e1', 'G', '1.8L 4-Cyl', 'CVT', 'PETROL', 'Midnight Black', '#1A1A1A', 4050000, 3, 'CAR-HYU-ELANTRA-G-MIDNIGHT-BLACK', TRUE) ON CONFLICT (sku) DO NOTHING;
INSERT INTO products (id, type, name, slug, price, compare_at_price, stock, sku, thumbnail_url, is_featured, is_active, car_model_id, car_variant_id, part_id, created_at, updated_at) VALUES ('4ae3b4ed-d1eb-5426-a1d5-c9afcffc0a86', 'CAR', 'Hyundai Elantra G — Midnight Black', 'hyundai-elantra-g-midnight-black', 4050000, NULL, 3, 'PROD-CAR-HYU-ELANTRA-G-MIDNIGHT-BLACK', 'https://images.unsplash.com/photo-1555215695-3004980ad54e?w=3840&h=2160&fit=crop&q=90&auto=format', FALSE, TRUE, 'e26d38f0-e3e2-5c3a-a266-ec20e2f321e1', 'b72efbba-f10e-5f2e-84df-a031b7ab5d9b', NULL, '2026-07-03T00:00:00.000Z'::timestamp, '2026-07-03T00:00:00.000Z'::timestamp) ON CONFLICT (slug) DO NOTHING;
INSERT INTO product_images (id, product_id, url, alt, sort_order) VALUES ('2624cb03-7d95-57be-8995-80c37e999b66', '4ae3b4ed-d1eb-5426-a1d5-c9afcffc0a86', 'https://images.unsplash.com/photo-1555215695-3004980ad54e?w=3840&h=2160&fit=crop&q=90&auto=format', 'Hyundai Elantra G — Midnight Black', 0) ON CONFLICT DO NOTHING;
INSERT INTO car_models (id, brand_id, name, slug, year_from, year_to, body_type, hero_image_url, video_url, model_3d_url, base_price, description, description_bn, is_active, created_at) VALUES ('9b77450b-1bf9-5ad0-b01d-b3fe83a6e980', 'be365a41-33bb-58b3-b896-f4481be68be0', 'Sonata', 'sonata', 2019, 2023, 'SEDAN', 'https://images.unsplash.com/photo-1583121274602-3bbbfa4c903a?w=3840&h=2160&fit=crop&q=90&auto=format', 'https://customer-abc123.cloudflarestream.com/hyundai-sonata/manifest/video.m3u8', NULL, 4500000, 'The Hyundai Sonata is a flagship D-segment sedan offering executive-level comfort and technology. 2.5L GDI engine with 8-speed automatic delivers refined power for highway cruising. Nappa leather seats with massage function, 12-speaker Bose system, and remote smart parking assist on Calligraphy trim. Extended wheelbase provides limousine-like rear space. Ideal for corporate fleet and discerning buyers seeking premium without European price tags.', 'হুন্দাই সোনাটা — ফ্ল্যাগশিপ সেডান, ম্যাসাজ সিট ও রিমোট পার্কিং সহ প্রিমিয়াম ফিচার।', TRUE, '2026-07-03T00:00:00.000Z'::timestamp) ON CONFLICT (brand_id, slug) DO NOTHING;
INSERT INTO car_model_images (id, car_model_id, url, alt, sort_order) VALUES ('4e9e5544-20f1-5387-af17-06c68d11bf7a', '9b77450b-1bf9-5ad0-b01d-b3fe83a6e980', 'https://images.unsplash.com/photo-1583121274602-3bbbfa4c903a?w=3840&h=2160&fit=crop&q=90&auto=format', 'Sonata view 1', 0) ON CONFLICT DO NOTHING;
INSERT INTO car_model_images (id, car_model_id, url, alt, sort_order) VALUES ('50db8910-08a3-5a1f-ac0b-90c86b981303', '9b77450b-1bf9-5ad0-b01d-b3fe83a6e980', 'https://images.unsplash.com/photo-1583121274602-3bbbfa4c903a?w=3840&h=2160&fit=crop&q=90&auto=format', 'Sonata view 2', 1) ON CONFLICT DO NOTHING;
INSERT INTO car_model_images (id, car_model_id, url, alt, sort_order) VALUES ('f9097dbb-070e-5443-9503-f2c050ee3ad5', '9b77450b-1bf9-5ad0-b01d-b3fe83a6e980', 'https://images.unsplash.com/photo-1583121274602-3bbbfa4c903a?w=3840&h=2160&fit=crop&q=90&auto=format', 'Sonata view 3', 2) ON CONFLICT DO NOTHING;
INSERT INTO car_variants (id, car_model_id, trim, engine, transmission, fuel_type, color, color_hex, price, stock, sku, is_active) VALUES ('40f615d3-732e-5bd2-9510-1de6f364bbeb', '9b77450b-1bf9-5ad0-b01d-b3fe83a6e980', 'Base', '1.5L 4-Cyl', 'MANUAL', 'PETROL', 'Pearl White', '#F5F5F5', 4500000, 3, 'CAR-HYU-SONATA-BASE-PEARL-WHITE', TRUE) ON CONFLICT (sku) DO NOTHING;
INSERT INTO products (id, type, name, slug, price, compare_at_price, stock, sku, thumbnail_url, is_featured, is_active, car_model_id, car_variant_id, part_id, created_at, updated_at) VALUES ('440c8571-614b-56ce-8a46-77ad8eb19a0b', 'CAR', 'Hyundai Sonata Base — Pearl White', 'hyundai-sonata-base-pearl-white', 4500000, NULL, 3, 'PROD-CAR-HYU-SONATA-BASE-PEARL-WHITE', 'https://images.unsplash.com/photo-1583121274602-3bbbfa4c903a?w=3840&h=2160&fit=crop&q=90&auto=format', FALSE, TRUE, '9b77450b-1bf9-5ad0-b01d-b3fe83a6e980', '40f615d3-732e-5bd2-9510-1de6f364bbeb', NULL, '2026-07-03T00:00:00.000Z'::timestamp, '2026-07-03T00:00:00.000Z'::timestamp) ON CONFLICT (slug) DO NOTHING;
INSERT INTO product_images (id, product_id, url, alt, sort_order) VALUES ('3a270025-0678-5ff4-9628-a987ec261cb1', '440c8571-614b-56ce-8a46-77ad8eb19a0b', 'https://images.unsplash.com/photo-1583121274602-3bbbfa4c903a?w=3840&h=2160&fit=crop&q=90&auto=format', 'Hyundai Sonata Base — Pearl White', 0) ON CONFLICT DO NOTHING;
INSERT INTO car_variants (id, car_model_id, trim, engine, transmission, fuel_type, color, color_hex, price, stock, sku, is_active) VALUES ('04eec904-1413-5b6e-b97f-4a77eb461fc0', '9b77450b-1bf9-5ad0-b01d-b3fe83a6e980', 'Base', '1.5L 4-Cyl', 'MANUAL', 'PETROL', 'Midnight Black', '#1A1A1A', 4500000, 3, 'CAR-HYU-SONATA-BASE-MIDNIGHT-BLACK', TRUE) ON CONFLICT (sku) DO NOTHING;
INSERT INTO products (id, type, name, slug, price, compare_at_price, stock, sku, thumbnail_url, is_featured, is_active, car_model_id, car_variant_id, part_id, created_at, updated_at) VALUES ('6dcbc1b1-89e3-5e7b-9bb4-45122e9254e5', 'CAR', 'Hyundai Sonata Base — Midnight Black', 'hyundai-sonata-base-midnight-black', 4500000, NULL, 3, 'PROD-CAR-HYU-SONATA-BASE-MIDNIGHT-BLACK', 'https://images.unsplash.com/photo-1583121274602-3bbbfa4c903a?w=3840&h=2160&fit=crop&q=90&auto=format', FALSE, TRUE, '9b77450b-1bf9-5ad0-b01d-b3fe83a6e980', '04eec904-1413-5b6e-b97f-4a77eb461fc0', NULL, '2026-07-03T00:00:00.000Z'::timestamp, '2026-07-03T00:00:00.000Z'::timestamp) ON CONFLICT (slug) DO NOTHING;
INSERT INTO product_images (id, product_id, url, alt, sort_order) VALUES ('d45c202f-fc12-5f35-b1e0-9ad0a6d52c7a', '6dcbc1b1-89e3-5e7b-9bb4-45122e9254e5', 'https://images.unsplash.com/photo-1583121274602-3bbbfa4c903a?w=3840&h=2160&fit=crop&q=90&auto=format', 'Hyundai Sonata Base — Midnight Black', 0) ON CONFLICT DO NOTHING;
INSERT INTO car_variants (id, car_model_id, trim, engine, transmission, fuel_type, color, color_hex, price, stock, sku, is_active) VALUES ('5e27d5b2-0273-5547-b16f-6eed23c5a297', '9b77450b-1bf9-5ad0-b01d-b3fe83a6e980', 'G', '1.8L 4-Cyl', 'CVT', 'PETROL', 'Pearl White', '#F5F5F5', 4750000, 3, 'CAR-HYU-SONATA-G-PEARL-WHITE', TRUE) ON CONFLICT (sku) DO NOTHING;
INSERT INTO products (id, type, name, slug, price, compare_at_price, stock, sku, thumbnail_url, is_featured, is_active, car_model_id, car_variant_id, part_id, created_at, updated_at) VALUES ('006f5133-417d-5af1-91fe-a1face3583fd', 'CAR', 'Hyundai Sonata G — Pearl White', 'hyundai-sonata-g-pearl-white', 4750000, NULL, 3, 'PROD-CAR-HYU-SONATA-G-PEARL-WHITE', 'https://images.unsplash.com/photo-1583121274602-3bbbfa4c903a?w=3840&h=2160&fit=crop&q=90&auto=format', FALSE, TRUE, '9b77450b-1bf9-5ad0-b01d-b3fe83a6e980', '5e27d5b2-0273-5547-b16f-6eed23c5a297', NULL, '2026-07-03T00:00:00.000Z'::timestamp, '2026-07-03T00:00:00.000Z'::timestamp) ON CONFLICT (slug) DO NOTHING;
INSERT INTO product_images (id, product_id, url, alt, sort_order) VALUES ('5eb12a3e-3549-5848-a6d4-a743384a8243', '006f5133-417d-5af1-91fe-a1face3583fd', 'https://images.unsplash.com/photo-1583121274602-3bbbfa4c903a?w=3840&h=2160&fit=crop&q=90&auto=format', 'Hyundai Sonata G — Pearl White', 0) ON CONFLICT DO NOTHING;
INSERT INTO car_variants (id, car_model_id, trim, engine, transmission, fuel_type, color, color_hex, price, stock, sku, is_active) VALUES ('329f630b-c564-551d-b8bb-08f12ae5abe4', '9b77450b-1bf9-5ad0-b01d-b3fe83a6e980', 'G', '1.8L 4-Cyl', 'CVT', 'PETROL', 'Midnight Black', '#1A1A1A', 4750000, 3, 'CAR-HYU-SONATA-G-MIDNIGHT-BLACK', TRUE) ON CONFLICT (sku) DO NOTHING;
INSERT INTO products (id, type, name, slug, price, compare_at_price, stock, sku, thumbnail_url, is_featured, is_active, car_model_id, car_variant_id, part_id, created_at, updated_at) VALUES ('bdaf143d-92bc-5c6d-b3c5-4bdd6ac9d606', 'CAR', 'Hyundai Sonata G — Midnight Black', 'hyundai-sonata-g-midnight-black', 4750000, NULL, 3, 'PROD-CAR-HYU-SONATA-G-MIDNIGHT-BLACK', 'https://images.unsplash.com/photo-1583121274602-3bbbfa4c903a?w=3840&h=2160&fit=crop&q=90&auto=format', FALSE, TRUE, '9b77450b-1bf9-5ad0-b01d-b3fe83a6e980', '329f630b-c564-551d-b8bb-08f12ae5abe4', NULL, '2026-07-03T00:00:00.000Z'::timestamp, '2026-07-03T00:00:00.000Z'::timestamp) ON CONFLICT (slug) DO NOTHING;
INSERT INTO product_images (id, product_id, url, alt, sort_order) VALUES ('a6134693-70e6-5a3d-ab58-1dd8236e1344', 'bdaf143d-92bc-5c6d-b3c5-4bdd6ac9d606', 'https://images.unsplash.com/photo-1583121274602-3bbbfa4c903a?w=3840&h=2160&fit=crop&q=90&auto=format', 'Hyundai Sonata G — Midnight Black', 0) ON CONFLICT DO NOTHING;
INSERT INTO car_models (id, brand_id, name, slug, year_from, year_to, body_type, hero_image_url, video_url, model_3d_url, base_price, description, description_bn, is_active, created_at) VALUES ('4f86bada-fd95-599f-b70f-ce0fbc41f2ba', 'be365a41-33bb-58b3-b896-f4481be68be0', 'Santa Fe', 'santa-fe', 2021, 2025, 'SUV', 'https://images.pexels.com/photos/909907/pexels-photo-909907.jpeg?auto=compress&cs=tinysrgb&w=1920&h=1080&fit=crop&q=85', 'https://customer-abc123.cloudflarestream.com/hyundai-santa-fe/manifest/video.m3u8', 'https://res.cloudinary.com/demo/raw/upload/v1699000000/models/hyundai-santa-fe.glb', 6800000, 'The Hyundai Santa Fe is a 6/7-seat premium SUV with bold cascading grille and quilted leather interior. 2.2L diesel or 2.5L turbo petrol with 8-speed automatic and HTRAC AWD system. Highway Drive Assist combines adaptive cruise, lane keeping, and navigation-based speed adjustment. 571 litres boot (5-seat config). Three-row seating with one-touch fold. 5-star safety rating with 9 airbags on Calligraphy grade.', 'হুন্দাই সান্তা ফে — ৬/৭ সিট প্রিমিয়াম SUV, HTRAC AWD ও ৯ এয়ারব্যাগ।', TRUE, '2026-07-03T00:00:00.000Z'::timestamp) ON CONFLICT (brand_id, slug) DO NOTHING;
INSERT INTO car_model_images (id, car_model_id, url, alt, sort_order) VALUES ('83e67fa8-6726-50a9-bd10-ca6ed8b5b59c', '4f86bada-fd95-599f-b70f-ce0fbc41f2ba', 'https://images.pexels.com/photos/909907/pexels-photo-909907.jpeg?auto=compress&cs=tinysrgb&w=1920&h=1080&fit=crop&q=85', 'Santa Fe view 1', 0) ON CONFLICT DO NOTHING;
INSERT INTO car_model_images (id, car_model_id, url, alt, sort_order) VALUES ('db8a5b50-f118-54c4-a3d1-4d223e5e9577', '4f86bada-fd95-599f-b70f-ce0fbc41f2ba', 'https://images.pexels.com/photos/909907/pexels-photo-909907.jpeg?auto=compress&cs=tinysrgb&w=1920&h=1080&fit=crop&q=85', 'Santa Fe view 2', 1) ON CONFLICT DO NOTHING;
INSERT INTO car_model_images (id, car_model_id, url, alt, sort_order) VALUES ('6a9af546-69e1-534a-8299-697ac8ea203a', '4f86bada-fd95-599f-b70f-ce0fbc41f2ba', 'https://images.pexels.com/photos/909907/pexels-photo-909907.jpeg?auto=compress&cs=tinysrgb&w=1920&h=1080&fit=crop&q=85', 'Santa Fe view 3', 2) ON CONFLICT DO NOTHING;
INSERT INTO car_variants (id, car_model_id, trim, engine, transmission, fuel_type, color, color_hex, price, stock, sku, is_active) VALUES ('4473f973-01ed-5046-af75-1e68cc6ec67f', '4f86bada-fd95-599f-b70f-ce0fbc41f2ba', 'Base', '1.5L 4-Cyl', 'MANUAL', 'PETROL', 'Pearl White', '#F5F5F5', 6800000, 3, 'CAR-HYU-SANTA-FE-BASE-PEARL-WHITE', TRUE) ON CONFLICT (sku) DO NOTHING;
INSERT INTO products (id, type, name, slug, price, compare_at_price, stock, sku, thumbnail_url, is_featured, is_active, car_model_id, car_variant_id, part_id, created_at, updated_at) VALUES ('7ba482da-c8f7-5ffe-9459-2db4f4013936', 'CAR', 'Hyundai Santa Fe Base — Pearl White', 'hyundai-santa-fe-base-pearl-white', 6800000, NULL, 3, 'PROD-CAR-HYU-SANTA-FE-BASE-PEARL-WHITE', 'https://images.pexels.com/photos/909907/pexels-photo-909907.jpeg?auto=compress&cs=tinysrgb&w=1920&h=1080&fit=crop&q=85', FALSE, TRUE, '4f86bada-fd95-599f-b70f-ce0fbc41f2ba', '4473f973-01ed-5046-af75-1e68cc6ec67f', NULL, '2026-07-03T00:00:00.000Z'::timestamp, '2026-07-03T00:00:00.000Z'::timestamp) ON CONFLICT (slug) DO NOTHING;
INSERT INTO product_images (id, product_id, url, alt, sort_order) VALUES ('390cb183-35a8-5ce7-882d-81d642c22ff7', '7ba482da-c8f7-5ffe-9459-2db4f4013936', 'https://images.pexels.com/photos/909907/pexels-photo-909907.jpeg?auto=compress&cs=tinysrgb&w=1920&h=1080&fit=crop&q=85', 'Hyundai Santa Fe Base — Pearl White', 0) ON CONFLICT DO NOTHING;
INSERT INTO car_variants (id, car_model_id, trim, engine, transmission, fuel_type, color, color_hex, price, stock, sku, is_active) VALUES ('67eae3b7-1442-56cf-8b6e-96f3ab42f3c9', '4f86bada-fd95-599f-b70f-ce0fbc41f2ba', 'Base', '1.5L 4-Cyl', 'MANUAL', 'PETROL', 'Midnight Black', '#1A1A1A', 6800000, 3, 'CAR-HYU-SANTA-FE-BASE-MIDNIGHT-BLACK', TRUE) ON CONFLICT (sku) DO NOTHING;
INSERT INTO products (id, type, name, slug, price, compare_at_price, stock, sku, thumbnail_url, is_featured, is_active, car_model_id, car_variant_id, part_id, created_at, updated_at) VALUES ('ce3dea07-7637-5b1f-9c0a-c6bc7cc6e863', 'CAR', 'Hyundai Santa Fe Base — Midnight Black', 'hyundai-santa-fe-base-midnight-black', 6800000, NULL, 3, 'PROD-CAR-HYU-SANTA-FE-BASE-MIDNIGHT-BLACK', 'https://images.pexels.com/photos/909907/pexels-photo-909907.jpeg?auto=compress&cs=tinysrgb&w=1920&h=1080&fit=crop&q=85', FALSE, TRUE, '4f86bada-fd95-599f-b70f-ce0fbc41f2ba', '67eae3b7-1442-56cf-8b6e-96f3ab42f3c9', NULL, '2026-07-03T00:00:00.000Z'::timestamp, '2026-07-03T00:00:00.000Z'::timestamp) ON CONFLICT (slug) DO NOTHING;
INSERT INTO product_images (id, product_id, url, alt, sort_order) VALUES ('2743cc7b-023e-5211-a96e-58da87c19401', 'ce3dea07-7637-5b1f-9c0a-c6bc7cc6e863', 'https://images.pexels.com/photos/909907/pexels-photo-909907.jpeg?auto=compress&cs=tinysrgb&w=1920&h=1080&fit=crop&q=85', 'Hyundai Santa Fe Base — Midnight Black', 0) ON CONFLICT DO NOTHING;
INSERT INTO car_variants (id, car_model_id, trim, engine, transmission, fuel_type, color, color_hex, price, stock, sku, is_active) VALUES ('bf2da70e-cdb3-5551-9d4b-4da28838da44', '4f86bada-fd95-599f-b70f-ce0fbc41f2ba', 'G', '1.8L 4-Cyl', 'CVT', 'PETROL', 'Pearl White', '#F5F5F5', 7050000, 3, 'CAR-HYU-SANTA-FE-G-PEARL-WHITE', TRUE) ON CONFLICT (sku) DO NOTHING;
INSERT INTO products (id, type, name, slug, price, compare_at_price, stock, sku, thumbnail_url, is_featured, is_active, car_model_id, car_variant_id, part_id, created_at, updated_at) VALUES ('215e7bfa-fbd2-5f5c-b74b-dd94281da3d4', 'CAR', 'Hyundai Santa Fe G — Pearl White', 'hyundai-santa-fe-g-pearl-white', 7050000, NULL, 3, 'PROD-CAR-HYU-SANTA-FE-G-PEARL-WHITE', 'https://images.pexels.com/photos/909907/pexels-photo-909907.jpeg?auto=compress&cs=tinysrgb&w=1920&h=1080&fit=crop&q=85', FALSE, TRUE, '4f86bada-fd95-599f-b70f-ce0fbc41f2ba', 'bf2da70e-cdb3-5551-9d4b-4da28838da44', NULL, '2026-07-03T00:00:00.000Z'::timestamp, '2026-07-03T00:00:00.000Z'::timestamp) ON CONFLICT (slug) DO NOTHING;
INSERT INTO product_images (id, product_id, url, alt, sort_order) VALUES ('9fa072eb-6b1a-5cdb-89ee-36bc9b12b4cb', '215e7bfa-fbd2-5f5c-b74b-dd94281da3d4', 'https://images.pexels.com/photos/909907/pexels-photo-909907.jpeg?auto=compress&cs=tinysrgb&w=1920&h=1080&fit=crop&q=85', 'Hyundai Santa Fe G — Pearl White', 0) ON CONFLICT DO NOTHING;
INSERT INTO car_variants (id, car_model_id, trim, engine, transmission, fuel_type, color, color_hex, price, stock, sku, is_active) VALUES ('2b0c257d-c602-5aaa-924e-af84b1c66046', '4f86bada-fd95-599f-b70f-ce0fbc41f2ba', 'G', '1.8L 4-Cyl', 'CVT', 'PETROL', 'Midnight Black', '#1A1A1A', 7050000, 3, 'CAR-HYU-SANTA-FE-G-MIDNIGHT-BLACK', TRUE) ON CONFLICT (sku) DO NOTHING;
INSERT INTO products (id, type, name, slug, price, compare_at_price, stock, sku, thumbnail_url, is_featured, is_active, car_model_id, car_variant_id, part_id, created_at, updated_at) VALUES ('16795226-a411-5184-b704-14ac11b9a0ed', 'CAR', 'Hyundai Santa Fe G — Midnight Black', 'hyundai-santa-fe-g-midnight-black', 7050000, NULL, 3, 'PROD-CAR-HYU-SANTA-FE-G-MIDNIGHT-BLACK', 'https://images.pexels.com/photos/909907/pexels-photo-909907.jpeg?auto=compress&cs=tinysrgb&w=1920&h=1080&fit=crop&q=85', FALSE, TRUE, '4f86bada-fd95-599f-b70f-ce0fbc41f2ba', '2b0c257d-c602-5aaa-924e-af84b1c66046', NULL, '2026-07-03T00:00:00.000Z'::timestamp, '2026-07-03T00:00:00.000Z'::timestamp) ON CONFLICT (slug) DO NOTHING;
INSERT INTO product_images (id, product_id, url, alt, sort_order) VALUES ('b7201ebf-06ee-5949-917e-a8962c1e5adf', '16795226-a411-5184-b704-14ac11b9a0ed', 'https://images.pexels.com/photos/909907/pexels-photo-909907.jpeg?auto=compress&cs=tinysrgb&w=1920&h=1080&fit=crop&q=85', 'Hyundai Santa Fe G — Midnight Black', 0) ON CONFLICT DO NOTHING;
INSERT INTO car_models (id, brand_id, name, slug, year_from, year_to, body_type, hero_image_url, video_url, model_3d_url, base_price, description, description_bn, is_active, created_at) VALUES ('369d4d74-3924-53ea-a618-1b37b8f2bcd4', 'be365a41-33bb-58b3-b896-f4481be68be0', 'i10', 'i10', 2018, 2023, 'HATCHBACK', 'https://images.pexels.com/photos/2449454/pexels-photo-2449454.jpeg?auto=compress&cs=tinysrgb&w=1920&h=1080&fit=crop&q=85', 'https://customer-abc123.cloudflarestream.com/hyundai-i10/manifest/video.m3u8', NULL, 1650000, 'The Hyundai i10 is the perfect city car for first-time buyers and urban commuters. Compact 3.6-metre length eases parking in Gulshan and Old Dhaka alike. 1.2L Kappa engine returns 14–16 km/L; responsive handling makes traffic navigation effortless. 8" touchscreen, rear camera, and automatic climate control punch above its price class. Lowest maintenance cost in the Hyundai lineup with 5-year warranty.', 'হুন্দাই i10 — শহরের জন্য আদর্শ কমপ্যাক্ট কার, সাশ্রয়ী জ্বালানি ও কম রক্ষণাবেক্ষণ।', TRUE, '2026-07-03T00:00:00.000Z'::timestamp) ON CONFLICT (brand_id, slug) DO NOTHING;
INSERT INTO car_model_images (id, car_model_id, url, alt, sort_order) VALUES ('0f055330-fcf5-5d8e-9568-4ae025b7c51f', '369d4d74-3924-53ea-a618-1b37b8f2bcd4', 'https://images.pexels.com/photos/2449454/pexels-photo-2449454.jpeg?auto=compress&cs=tinysrgb&w=1920&h=1080&fit=crop&q=85', 'i10 view 1', 0) ON CONFLICT DO NOTHING;
INSERT INTO car_model_images (id, car_model_id, url, alt, sort_order) VALUES ('04dfeb60-8e71-5874-b5c3-b105ed10efa4', '369d4d74-3924-53ea-a618-1b37b8f2bcd4', 'https://images.pexels.com/photos/2449454/pexels-photo-2449454.jpeg?auto=compress&cs=tinysrgb&w=1920&h=1080&fit=crop&q=85', 'i10 view 2', 1) ON CONFLICT DO NOTHING;
INSERT INTO car_model_images (id, car_model_id, url, alt, sort_order) VALUES ('adf9c38a-da1d-548f-9567-a54628c719b9', '369d4d74-3924-53ea-a618-1b37b8f2bcd4', 'https://images.pexels.com/photos/2449454/pexels-photo-2449454.jpeg?auto=compress&cs=tinysrgb&w=1920&h=1080&fit=crop&q=85', 'i10 view 3', 2) ON CONFLICT DO NOTHING;
INSERT INTO car_variants (id, car_model_id, trim, engine, transmission, fuel_type, color, color_hex, price, stock, sku, is_active) VALUES ('012eb36f-6134-576b-9245-0f65fdf1b4ea', '369d4d74-3924-53ea-a618-1b37b8f2bcd4', 'Base', '1.5L 4-Cyl', 'MANUAL', 'PETROL', 'Pearl White', '#F5F5F5', 1650000, 3, 'CAR-HYU-I10-BASE-PEARL-WHITE', TRUE) ON CONFLICT (sku) DO NOTHING;
INSERT INTO products (id, type, name, slug, price, compare_at_price, stock, sku, thumbnail_url, is_featured, is_active, car_model_id, car_variant_id, part_id, created_at, updated_at) VALUES ('2c7bbd10-91d8-5312-9b01-bee3a01756e5', 'CAR', 'Hyundai i10 Base — Pearl White', 'hyundai-i10-base-pearl-white', 1650000, NULL, 3, 'PROD-CAR-HYU-I10-BASE-PEARL-WHITE', 'https://images.pexels.com/photos/2449454/pexels-photo-2449454.jpeg?auto=compress&cs=tinysrgb&w=1920&h=1080&fit=crop&q=85', FALSE, TRUE, '369d4d74-3924-53ea-a618-1b37b8f2bcd4', '012eb36f-6134-576b-9245-0f65fdf1b4ea', NULL, '2026-07-03T00:00:00.000Z'::timestamp, '2026-07-03T00:00:00.000Z'::timestamp) ON CONFLICT (slug) DO NOTHING;
INSERT INTO product_images (id, product_id, url, alt, sort_order) VALUES ('0fa97b29-0923-5002-b2cd-6182e9c09cf1', '2c7bbd10-91d8-5312-9b01-bee3a01756e5', 'https://images.pexels.com/photos/2449454/pexels-photo-2449454.jpeg?auto=compress&cs=tinysrgb&w=1920&h=1080&fit=crop&q=85', 'Hyundai i10 Base — Pearl White', 0) ON CONFLICT DO NOTHING;
INSERT INTO car_variants (id, car_model_id, trim, engine, transmission, fuel_type, color, color_hex, price, stock, sku, is_active) VALUES ('a1e7a254-aa77-5daa-a1dd-09dfbcd735c0', '369d4d74-3924-53ea-a618-1b37b8f2bcd4', 'Base', '1.5L 4-Cyl', 'MANUAL', 'PETROL', 'Midnight Black', '#1A1A1A', 1650000, 3, 'CAR-HYU-I10-BASE-MIDNIGHT-BLACK', TRUE) ON CONFLICT (sku) DO NOTHING;
INSERT INTO products (id, type, name, slug, price, compare_at_price, stock, sku, thumbnail_url, is_featured, is_active, car_model_id, car_variant_id, part_id, created_at, updated_at) VALUES ('6bd6b013-95aa-544e-9e69-06d6cf78bf48', 'CAR', 'Hyundai i10 Base — Midnight Black', 'hyundai-i10-base-midnight-black', 1650000, NULL, 3, 'PROD-CAR-HYU-I10-BASE-MIDNIGHT-BLACK', 'https://images.pexels.com/photos/2449454/pexels-photo-2449454.jpeg?auto=compress&cs=tinysrgb&w=1920&h=1080&fit=crop&q=85', FALSE, TRUE, '369d4d74-3924-53ea-a618-1b37b8f2bcd4', 'a1e7a254-aa77-5daa-a1dd-09dfbcd735c0', NULL, '2026-07-03T00:00:00.000Z'::timestamp, '2026-07-03T00:00:00.000Z'::timestamp) ON CONFLICT (slug) DO NOTHING;
INSERT INTO product_images (id, product_id, url, alt, sort_order) VALUES ('6ef4ea5c-4933-507b-a2e7-26e1d748f749', '6bd6b013-95aa-544e-9e69-06d6cf78bf48', 'https://images.pexels.com/photos/2449454/pexels-photo-2449454.jpeg?auto=compress&cs=tinysrgb&w=1920&h=1080&fit=crop&q=85', 'Hyundai i10 Base — Midnight Black', 0) ON CONFLICT DO NOTHING;
INSERT INTO car_variants (id, car_model_id, trim, engine, transmission, fuel_type, color, color_hex, price, stock, sku, is_active) VALUES ('a98b9fda-f208-59a2-8997-fe1a5170559e', '369d4d74-3924-53ea-a618-1b37b8f2bcd4', 'G', '1.8L 4-Cyl', 'CVT', 'PETROL', 'Pearl White', '#F5F5F5', 1900000, 3, 'CAR-HYU-I10-G-PEARL-WHITE', TRUE) ON CONFLICT (sku) DO NOTHING;
INSERT INTO products (id, type, name, slug, price, compare_at_price, stock, sku, thumbnail_url, is_featured, is_active, car_model_id, car_variant_id, part_id, created_at, updated_at) VALUES ('2fbf553b-5136-5286-b7b5-effb7f00ae3e', 'CAR', 'Hyundai i10 G — Pearl White', 'hyundai-i10-g-pearl-white', 1900000, NULL, 3, 'PROD-CAR-HYU-I10-G-PEARL-WHITE', 'https://images.pexels.com/photos/2449454/pexels-photo-2449454.jpeg?auto=compress&cs=tinysrgb&w=1920&h=1080&fit=crop&q=85', FALSE, TRUE, '369d4d74-3924-53ea-a618-1b37b8f2bcd4', 'a98b9fda-f208-59a2-8997-fe1a5170559e', NULL, '2026-07-03T00:00:00.000Z'::timestamp, '2026-07-03T00:00:00.000Z'::timestamp) ON CONFLICT (slug) DO NOTHING;
INSERT INTO product_images (id, product_id, url, alt, sort_order) VALUES ('23e52cb8-08db-56b2-b710-7d728845f2fc', '2fbf553b-5136-5286-b7b5-effb7f00ae3e', 'https://images.pexels.com/photos/2449454/pexels-photo-2449454.jpeg?auto=compress&cs=tinysrgb&w=1920&h=1080&fit=crop&q=85', 'Hyundai i10 G — Pearl White', 0) ON CONFLICT DO NOTHING;
INSERT INTO car_variants (id, car_model_id, trim, engine, transmission, fuel_type, color, color_hex, price, stock, sku, is_active) VALUES ('232aa60f-bdde-591b-82e0-7003b56dd8bf', '369d4d74-3924-53ea-a618-1b37b8f2bcd4', 'G', '1.8L 4-Cyl', 'CVT', 'PETROL', 'Midnight Black', '#1A1A1A', 1900000, 3, 'CAR-HYU-I10-G-MIDNIGHT-BLACK', TRUE) ON CONFLICT (sku) DO NOTHING;
INSERT INTO products (id, type, name, slug, price, compare_at_price, stock, sku, thumbnail_url, is_featured, is_active, car_model_id, car_variant_id, part_id, created_at, updated_at) VALUES ('5d9c0638-c610-5077-b125-e1498a3fa217', 'CAR', 'Hyundai i10 G — Midnight Black', 'hyundai-i10-g-midnight-black', 1900000, NULL, 3, 'PROD-CAR-HYU-I10-G-MIDNIGHT-BLACK', 'https://images.pexels.com/photos/2449454/pexels-photo-2449454.jpeg?auto=compress&cs=tinysrgb&w=1920&h=1080&fit=crop&q=85', FALSE, TRUE, '369d4d74-3924-53ea-a618-1b37b8f2bcd4', '232aa60f-bdde-591b-82e0-7003b56dd8bf', NULL, '2026-07-03T00:00:00.000Z'::timestamp, '2026-07-03T00:00:00.000Z'::timestamp) ON CONFLICT (slug) DO NOTHING;
INSERT INTO product_images (id, product_id, url, alt, sort_order) VALUES ('d02cea9a-3e41-5ec1-b02d-75035933cd56', '5d9c0638-c610-5077-b125-e1498a3fa217', 'https://images.pexels.com/photos/2449454/pexels-photo-2449454.jpeg?auto=compress&cs=tinysrgb&w=1920&h=1080&fit=crop&q=85', 'Hyundai i10 G — Midnight Black', 0) ON CONFLICT DO NOTHING;
INSERT INTO brands (id, name, slug, logo_url, hero_video_url, description, description_bn, is_active, sort_order, created_at) VALUES ('69f00f5a-f20f-5637-a36d-711159236f0c', 'Nissan', 'nissan', 'https://res.cloudinary.com/demo/image/upload/v1699000000/brands/nissan-logo.png', 'https://customer-abc123.cloudflarestream.com/nissan-hero/manifest/video.m3u8', 'Nissan — performance, comfort, and iconic models for every driver.', 'নিসান — পারফরম্যান্স, আরাম এবং প্রতিটি চালকের জন্য আইকনিক মডেল।', TRUE, 2, '2026-07-03T00:00:00.000Z'::timestamp) ON CONFLICT (slug) DO NOTHING;
INSERT INTO car_models (id, brand_id, name, slug, year_from, year_to, body_type, hero_image_url, video_url, model_3d_url, base_price, description, description_bn, is_active, created_at) VALUES ('1fb2515b-ea56-54ea-ad8f-7cdb0f01a4ad', '69f00f5a-f20f-5637-a36d-711159236f0c', 'X-Trail', 'x-trail', 2021, 2025, 'SUV', 'https://images.unsplash.com/photo-1606664515524-ed2f786a0bd6?w=3840&h=2160&fit=crop&q=90&auto=format', 'https://customer-abc123.cloudflarestream.com/nissan-x-trail/manifest/video.m3u8', 'https://res.cloudinary.com/demo/raw/upload/v1699000000/models/nissan-x-trail.glb', 5800000, 'The Nissan X-Trail is a versatile family SUV with available third-row seating and intelligent 4WD. 2.5L petrol engine with Xtronic CVT delivers smooth, efficient performance. ProPILOT driver assistance reduces fatigue on long highway journeys. Zero Gravity front seats reduce fatigue on Dhaka-Chittagong routes. 700 litres maximum cargo space with seats folded. e-POWER hybrid variant available on newer models for exceptional fuel economy.', 'নিসান এক্স-ট্রেইল — বহুমুখী ফ্যামিলি SUV, প্রোপাইলট সহায়তা ও ৭০০L কার্গো স্পেস।', TRUE, '2026-07-03T00:00:00.000Z'::timestamp) ON CONFLICT (brand_id, slug) DO NOTHING;
INSERT INTO car_model_images (id, car_model_id, url, alt, sort_order) VALUES ('aea30de3-a442-5782-b6c5-ad8a15c4788a', '1fb2515b-ea56-54ea-ad8f-7cdb0f01a4ad', 'https://images.unsplash.com/photo-1606664515524-ed2f786a0bd6?w=3840&h=2160&fit=crop&q=90&auto=format', 'X-Trail view 1', 0) ON CONFLICT DO NOTHING;
INSERT INTO car_model_images (id, car_model_id, url, alt, sort_order) VALUES ('8d991f1e-e1d2-5b43-bfa1-02a9cdda75cd', '1fb2515b-ea56-54ea-ad8f-7cdb0f01a4ad', 'https://images.unsplash.com/photo-1606664515524-ed2f786a0bd6?w=3840&h=2160&fit=crop&q=90&auto=format', 'X-Trail view 2', 1) ON CONFLICT DO NOTHING;
INSERT INTO car_model_images (id, car_model_id, url, alt, sort_order) VALUES ('a97ef53c-bd0d-5e87-b1e3-c2f45be7bd3c', '1fb2515b-ea56-54ea-ad8f-7cdb0f01a4ad', 'https://images.unsplash.com/photo-1606664515524-ed2f786a0bd6?w=3840&h=2160&fit=crop&q=90&auto=format', 'X-Trail view 3', 2) ON CONFLICT DO NOTHING;
INSERT INTO car_variants (id, car_model_id, trim, engine, transmission, fuel_type, color, color_hex, price, stock, sku, is_active) VALUES ('d131a87c-9d84-550b-987c-5f35f086d322', '1fb2515b-ea56-54ea-ad8f-7cdb0f01a4ad', 'Base', '1.5L 4-Cyl', 'MANUAL', 'PETROL', 'Pearl White', '#F5F5F5', 5800000, 3, 'CAR-NIS-X-TRAIL-BASE-PEARL-WHITE', TRUE) ON CONFLICT (sku) DO NOTHING;
INSERT INTO products (id, type, name, slug, price, compare_at_price, stock, sku, thumbnail_url, is_featured, is_active, car_model_id, car_variant_id, part_id, created_at, updated_at) VALUES ('18573566-c674-55d5-b730-ae022cbef17b', 'CAR', 'Nissan X-Trail Base — Pearl White', 'nissan-x-trail-base-pearl-white', 5800000, NULL, 3, 'PROD-CAR-NIS-X-TRAIL-BASE-PEARL-WHITE', 'https://images.unsplash.com/photo-1606664515524-ed2f786a0bd6?w=3840&h=2160&fit=crop&q=90&auto=format', FALSE, TRUE, '1fb2515b-ea56-54ea-ad8f-7cdb0f01a4ad', 'd131a87c-9d84-550b-987c-5f35f086d322', NULL, '2026-07-03T00:00:00.000Z'::timestamp, '2026-07-03T00:00:00.000Z'::timestamp) ON CONFLICT (slug) DO NOTHING;
INSERT INTO product_images (id, product_id, url, alt, sort_order) VALUES ('c5a4bfe9-97b1-5efc-b4c9-6264803f6e94', '18573566-c674-55d5-b730-ae022cbef17b', 'https://images.unsplash.com/photo-1606664515524-ed2f786a0bd6?w=3840&h=2160&fit=crop&q=90&auto=format', 'Nissan X-Trail Base — Pearl White', 0) ON CONFLICT DO NOTHING;
INSERT INTO car_variants (id, car_model_id, trim, engine, transmission, fuel_type, color, color_hex, price, stock, sku, is_active) VALUES ('c81a0d3b-2584-55bc-82ce-c5f3aaef50a5', '1fb2515b-ea56-54ea-ad8f-7cdb0f01a4ad', 'Base', '1.5L 4-Cyl', 'MANUAL', 'PETROL', 'Midnight Black', '#1A1A1A', 5800000, 3, 'CAR-NIS-X-TRAIL-BASE-MIDNIGHT-BLACK', TRUE) ON CONFLICT (sku) DO NOTHING;
INSERT INTO products (id, type, name, slug, price, compare_at_price, stock, sku, thumbnail_url, is_featured, is_active, car_model_id, car_variant_id, part_id, created_at, updated_at) VALUES ('eac9d485-f60a-5d0b-a004-37284c77810c', 'CAR', 'Nissan X-Trail Base — Midnight Black', 'nissan-x-trail-base-midnight-black', 5800000, NULL, 3, 'PROD-CAR-NIS-X-TRAIL-BASE-MIDNIGHT-BLACK', 'https://images.unsplash.com/photo-1606664515524-ed2f786a0bd6?w=3840&h=2160&fit=crop&q=90&auto=format', FALSE, TRUE, '1fb2515b-ea56-54ea-ad8f-7cdb0f01a4ad', 'c81a0d3b-2584-55bc-82ce-c5f3aaef50a5', NULL, '2026-07-03T00:00:00.000Z'::timestamp, '2026-07-03T00:00:00.000Z'::timestamp) ON CONFLICT (slug) DO NOTHING;
INSERT INTO product_images (id, product_id, url, alt, sort_order) VALUES ('57484e9d-6250-50e0-8acb-cdfcf3acf0b7', 'eac9d485-f60a-5d0b-a004-37284c77810c', 'https://images.unsplash.com/photo-1606664515524-ed2f786a0bd6?w=3840&h=2160&fit=crop&q=90&auto=format', 'Nissan X-Trail Base — Midnight Black', 0) ON CONFLICT DO NOTHING;
INSERT INTO car_variants (id, car_model_id, trim, engine, transmission, fuel_type, color, color_hex, price, stock, sku, is_active) VALUES ('5a706164-91fe-5066-baaa-973bbc8d3b04', '1fb2515b-ea56-54ea-ad8f-7cdb0f01a4ad', 'G', '1.8L 4-Cyl', 'CVT', 'PETROL', 'Pearl White', '#F5F5F5', 6050000, 3, 'CAR-NIS-X-TRAIL-G-PEARL-WHITE', TRUE) ON CONFLICT (sku) DO NOTHING;
INSERT INTO products (id, type, name, slug, price, compare_at_price, stock, sku, thumbnail_url, is_featured, is_active, car_model_id, car_variant_id, part_id, created_at, updated_at) VALUES ('1b2b0a7b-1b3d-5682-8a11-2c5168e5f784', 'CAR', 'Nissan X-Trail G — Pearl White', 'nissan-x-trail-g-pearl-white', 6050000, NULL, 3, 'PROD-CAR-NIS-X-TRAIL-G-PEARL-WHITE', 'https://images.unsplash.com/photo-1606664515524-ed2f786a0bd6?w=3840&h=2160&fit=crop&q=90&auto=format', TRUE, TRUE, '1fb2515b-ea56-54ea-ad8f-7cdb0f01a4ad', '5a706164-91fe-5066-baaa-973bbc8d3b04', NULL, '2026-07-03T00:00:00.000Z'::timestamp, '2026-07-03T00:00:00.000Z'::timestamp) ON CONFLICT (slug) DO NOTHING;
INSERT INTO product_images (id, product_id, url, alt, sort_order) VALUES ('f3acfd46-b8ba-5365-b617-d0437dcf140b', '1b2b0a7b-1b3d-5682-8a11-2c5168e5f784', 'https://images.unsplash.com/photo-1606664515524-ed2f786a0bd6?w=3840&h=2160&fit=crop&q=90&auto=format', 'Nissan X-Trail G — Pearl White', 0) ON CONFLICT DO NOTHING;
INSERT INTO car_variants (id, car_model_id, trim, engine, transmission, fuel_type, color, color_hex, price, stock, sku, is_active) VALUES ('dafd7cf5-4818-5133-9a8e-43b0903bc086', '1fb2515b-ea56-54ea-ad8f-7cdb0f01a4ad', 'G', '1.8L 4-Cyl', 'CVT', 'PETROL', 'Midnight Black', '#1A1A1A', 6050000, 3, 'CAR-NIS-X-TRAIL-G-MIDNIGHT-BLACK', TRUE) ON CONFLICT (sku) DO NOTHING;
INSERT INTO products (id, type, name, slug, price, compare_at_price, stock, sku, thumbnail_url, is_featured, is_active, car_model_id, car_variant_id, part_id, created_at, updated_at) VALUES ('c22a4a12-fc3a-597e-afeb-4115b6fbc732', 'CAR', 'Nissan X-Trail G — Midnight Black', 'nissan-x-trail-g-midnight-black', 6050000, NULL, 3, 'PROD-CAR-NIS-X-TRAIL-G-MIDNIGHT-BLACK', 'https://images.unsplash.com/photo-1606664515524-ed2f786a0bd6?w=3840&h=2160&fit=crop&q=90&auto=format', TRUE, TRUE, '1fb2515b-ea56-54ea-ad8f-7cdb0f01a4ad', 'dafd7cf5-4818-5133-9a8e-43b0903bc086', NULL, '2026-07-03T00:00:00.000Z'::timestamp, '2026-07-03T00:00:00.000Z'::timestamp) ON CONFLICT (slug) DO NOTHING;
INSERT INTO product_images (id, product_id, url, alt, sort_order) VALUES ('14b724db-5265-5632-9e9c-a518d42ff5d0', 'c22a4a12-fc3a-597e-afeb-4115b6fbc732', 'https://images.unsplash.com/photo-1606664515524-ed2f786a0bd6?w=3840&h=2160&fit=crop&q=90&auto=format', 'Nissan X-Trail G — Midnight Black', 0) ON CONFLICT DO NOTHING;
INSERT INTO car_models (id, brand_id, name, slug, year_from, year_to, body_type, hero_image_url, video_url, model_3d_url, base_price, description, description_bn, is_active, created_at) VALUES ('276f91ee-e2bb-5ee6-9930-f3e3ab7ea1bb', '69f00f5a-f20f-5637-a36d-711159236f0c', 'Sunny', 'sunny', 2018, 2023, 'SEDAN', 'https://images.pexels.com/photos/170811/pexels-photo-170811.jpeg?auto=compress&cs=tinysrgb&w=1920&h=1080&fit=crop&q=85', 'https://customer-abc123.cloudflarestream.com/nissan-sunny/manifest/video.m3u8', NULL, 2400000, 'The Nissan Sunny is a budget-friendly sedan trusted by ride-share drivers and families across Bangladesh. Simple, durable 1.5L engine with excellent parts availability and low service costs. Spacious cabin for its class with generous boot for airport runs and grocery hauls. Known for surviving high daily mileage (100+ km/day) with minimal issues. Best value proposition in the Nissan lineup for practical buyers.', 'নিসান সানি — বাজেট-বান্ধব সেডান, রাইড-শেয়ার ও পরিবারের জন্য নির্ভরযোগ্য।', TRUE, '2026-07-03T00:00:00.000Z'::timestamp) ON CONFLICT (brand_id, slug) DO NOTHING;
INSERT INTO car_model_images (id, car_model_id, url, alt, sort_order) VALUES ('4340f5fc-9999-57e7-b50e-2e4bd252b11e', '276f91ee-e2bb-5ee6-9930-f3e3ab7ea1bb', 'https://images.pexels.com/photos/170811/pexels-photo-170811.jpeg?auto=compress&cs=tinysrgb&w=1920&h=1080&fit=crop&q=85', 'Sunny view 1', 0) ON CONFLICT DO NOTHING;
INSERT INTO car_model_images (id, car_model_id, url, alt, sort_order) VALUES ('a57968ef-201d-5a13-a083-da4ea5667fda', '276f91ee-e2bb-5ee6-9930-f3e3ab7ea1bb', 'https://images.pexels.com/photos/170811/pexels-photo-170811.jpeg?auto=compress&cs=tinysrgb&w=1920&h=1080&fit=crop&q=85', 'Sunny view 2', 1) ON CONFLICT DO NOTHING;
INSERT INTO car_model_images (id, car_model_id, url, alt, sort_order) VALUES ('65058b69-a002-56b4-94ab-9a4185a69fd6', '276f91ee-e2bb-5ee6-9930-f3e3ab7ea1bb', 'https://images.pexels.com/photos/170811/pexels-photo-170811.jpeg?auto=compress&cs=tinysrgb&w=1920&h=1080&fit=crop&q=85', 'Sunny view 3', 2) ON CONFLICT DO NOTHING;
INSERT INTO car_variants (id, car_model_id, trim, engine, transmission, fuel_type, color, color_hex, price, stock, sku, is_active) VALUES ('d1da3075-360a-505e-a31b-5d088d92694f', '276f91ee-e2bb-5ee6-9930-f3e3ab7ea1bb', 'Base', '1.5L 4-Cyl', 'MANUAL', 'PETROL', 'Pearl White', '#F5F5F5', 2400000, 3, 'CAR-NIS-SUNNY-BASE-PEARL-WHITE', TRUE) ON CONFLICT (sku) DO NOTHING;
INSERT INTO products (id, type, name, slug, price, compare_at_price, stock, sku, thumbnail_url, is_featured, is_active, car_model_id, car_variant_id, part_id, created_at, updated_at) VALUES ('c8ce3df7-28ca-5a36-aa32-53388b93090d', 'CAR', 'Nissan Sunny Base — Pearl White', 'nissan-sunny-base-pearl-white', 2400000, NULL, 3, 'PROD-CAR-NIS-SUNNY-BASE-PEARL-WHITE', 'https://images.pexels.com/photos/170811/pexels-photo-170811.jpeg?auto=compress&cs=tinysrgb&w=1920&h=1080&fit=crop&q=85', FALSE, TRUE, '276f91ee-e2bb-5ee6-9930-f3e3ab7ea1bb', 'd1da3075-360a-505e-a31b-5d088d92694f', NULL, '2026-07-03T00:00:00.000Z'::timestamp, '2026-07-03T00:00:00.000Z'::timestamp) ON CONFLICT (slug) DO NOTHING;
INSERT INTO product_images (id, product_id, url, alt, sort_order) VALUES ('da3714b7-6fc6-5d3b-8fb3-bbfd55fe4b87', 'c8ce3df7-28ca-5a36-aa32-53388b93090d', 'https://images.pexels.com/photos/170811/pexels-photo-170811.jpeg?auto=compress&cs=tinysrgb&w=1920&h=1080&fit=crop&q=85', 'Nissan Sunny Base — Pearl White', 0) ON CONFLICT DO NOTHING;
INSERT INTO car_variants (id, car_model_id, trim, engine, transmission, fuel_type, color, color_hex, price, stock, sku, is_active) VALUES ('ab802e81-37e9-50b0-b945-36c7706d5402', '276f91ee-e2bb-5ee6-9930-f3e3ab7ea1bb', 'Base', '1.5L 4-Cyl', 'MANUAL', 'PETROL', 'Midnight Black', '#1A1A1A', 2400000, 3, 'CAR-NIS-SUNNY-BASE-MIDNIGHT-BLACK', TRUE) ON CONFLICT (sku) DO NOTHING;
INSERT INTO products (id, type, name, slug, price, compare_at_price, stock, sku, thumbnail_url, is_featured, is_active, car_model_id, car_variant_id, part_id, created_at, updated_at) VALUES ('560463de-7bca-56d5-b3a2-c15d425811f9', 'CAR', 'Nissan Sunny Base — Midnight Black', 'nissan-sunny-base-midnight-black', 2400000, NULL, 3, 'PROD-CAR-NIS-SUNNY-BASE-MIDNIGHT-BLACK', 'https://images.pexels.com/photos/170811/pexels-photo-170811.jpeg?auto=compress&cs=tinysrgb&w=1920&h=1080&fit=crop&q=85', FALSE, TRUE, '276f91ee-e2bb-5ee6-9930-f3e3ab7ea1bb', 'ab802e81-37e9-50b0-b945-36c7706d5402', NULL, '2026-07-03T00:00:00.000Z'::timestamp, '2026-07-03T00:00:00.000Z'::timestamp) ON CONFLICT (slug) DO NOTHING;
INSERT INTO product_images (id, product_id, url, alt, sort_order) VALUES ('a3ccc8e9-0b88-506f-b02c-c11f6c696931', '560463de-7bca-56d5-b3a2-c15d425811f9', 'https://images.pexels.com/photos/170811/pexels-photo-170811.jpeg?auto=compress&cs=tinysrgb&w=1920&h=1080&fit=crop&q=85', 'Nissan Sunny Base — Midnight Black', 0) ON CONFLICT DO NOTHING;
INSERT INTO car_variants (id, car_model_id, trim, engine, transmission, fuel_type, color, color_hex, price, stock, sku, is_active) VALUES ('62bd8893-460a-54b7-bb78-5d46e5cfe973', '276f91ee-e2bb-5ee6-9930-f3e3ab7ea1bb', 'G', '1.8L 4-Cyl', 'CVT', 'PETROL', 'Pearl White', '#F5F5F5', 2650000, 3, 'CAR-NIS-SUNNY-G-PEARL-WHITE', TRUE) ON CONFLICT (sku) DO NOTHING;
INSERT INTO products (id, type, name, slug, price, compare_at_price, stock, sku, thumbnail_url, is_featured, is_active, car_model_id, car_variant_id, part_id, created_at, updated_at) VALUES ('61ee5284-1d8b-525b-a122-ffd298666463', 'CAR', 'Nissan Sunny G — Pearl White', 'nissan-sunny-g-pearl-white', 2650000, NULL, 3, 'PROD-CAR-NIS-SUNNY-G-PEARL-WHITE', 'https://images.pexels.com/photos/170811/pexels-photo-170811.jpeg?auto=compress&cs=tinysrgb&w=1920&h=1080&fit=crop&q=85', FALSE, TRUE, '276f91ee-e2bb-5ee6-9930-f3e3ab7ea1bb', '62bd8893-460a-54b7-bb78-5d46e5cfe973', NULL, '2026-07-03T00:00:00.000Z'::timestamp, '2026-07-03T00:00:00.000Z'::timestamp) ON CONFLICT (slug) DO NOTHING;
INSERT INTO product_images (id, product_id, url, alt, sort_order) VALUES ('abb7587b-7da6-5345-8032-51274a4a9ab1', '61ee5284-1d8b-525b-a122-ffd298666463', 'https://images.pexels.com/photos/170811/pexels-photo-170811.jpeg?auto=compress&cs=tinysrgb&w=1920&h=1080&fit=crop&q=85', 'Nissan Sunny G — Pearl White', 0) ON CONFLICT DO NOTHING;
INSERT INTO car_variants (id, car_model_id, trim, engine, transmission, fuel_type, color, color_hex, price, stock, sku, is_active) VALUES ('8bc4f901-2f00-59c3-8fb8-37dbbb932e4b', '276f91ee-e2bb-5ee6-9930-f3e3ab7ea1bb', 'G', '1.8L 4-Cyl', 'CVT', 'PETROL', 'Midnight Black', '#1A1A1A', 2650000, 3, 'CAR-NIS-SUNNY-G-MIDNIGHT-BLACK', TRUE) ON CONFLICT (sku) DO NOTHING;
INSERT INTO products (id, type, name, slug, price, compare_at_price, stock, sku, thumbnail_url, is_featured, is_active, car_model_id, car_variant_id, part_id, created_at, updated_at) VALUES ('9e336bec-b778-598e-bec0-abb25196b5bb', 'CAR', 'Nissan Sunny G — Midnight Black', 'nissan-sunny-g-midnight-black', 2650000, NULL, 3, 'PROD-CAR-NIS-SUNNY-G-MIDNIGHT-BLACK', 'https://images.pexels.com/photos/170811/pexels-photo-170811.jpeg?auto=compress&cs=tinysrgb&w=1920&h=1080&fit=crop&q=85', FALSE, TRUE, '276f91ee-e2bb-5ee6-9930-f3e3ab7ea1bb', '8bc4f901-2f00-59c3-8fb8-37dbbb932e4b', NULL, '2026-07-03T00:00:00.000Z'::timestamp, '2026-07-03T00:00:00.000Z'::timestamp) ON CONFLICT (slug) DO NOTHING;
INSERT INTO product_images (id, product_id, url, alt, sort_order) VALUES ('3313c55c-cffb-5cc6-8276-360dfa98b8aa', '9e336bec-b778-598e-bec0-abb25196b5bb', 'https://images.pexels.com/photos/170811/pexels-photo-170811.jpeg?auto=compress&cs=tinysrgb&w=1920&h=1080&fit=crop&q=85', 'Nissan Sunny G — Midnight Black', 0) ON CONFLICT DO NOTHING;
INSERT INTO car_models (id, brand_id, name, slug, year_from, year_to, body_type, hero_image_url, video_url, model_3d_url, base_price, description, description_bn, is_active, created_at) VALUES ('e0b41d3b-d075-56e7-a469-b6df0c8c21c3', '69f00f5a-f20f-5637-a36d-711159236f0c', 'Navara', 'navara', 2020, 2025, 'PICKUP', 'https://images.pexels.com/photos/6476589/pexels-photo-6476589.jpeg?auto=compress&cs=tinysrgb&w=1920&h=1080&fit=crop&q=85', 'https://customer-abc123.cloudflarestream.com/nissan-navara/manifest/video.m3u8', 'https://res.cloudinary.com/demo/raw/upload/v1699000000/models/nissan-navara.glb', 5200000, 'The Nissan Navara is a premium pickup truck combining workhorse capability with car-like refinement. 2.5L turbo diesel (190 hp, 450 Nm) tows up to 3,500 kg. Multi-link rear suspension — unique in the segment — delivers SUV-comfortable ride unladen. Intelligent Around View Monitor aids tight manoeuvring. Popular for construction, agriculture, and adventure use across Bangladesh. Pro-4X trim adds off-road hardware.', 'নিসান নভারা — প্রিমিয়াম পিকআপ, ৩৫০০ কেজি টোইং ও SUV-সদৃশ আরাম।', TRUE, '2026-07-03T00:00:00.000Z'::timestamp) ON CONFLICT (brand_id, slug) DO NOTHING;
INSERT INTO car_model_images (id, car_model_id, url, alt, sort_order) VALUES ('7a4fd6be-2b18-59e6-bdd0-12922a9e1de6', 'e0b41d3b-d075-56e7-a469-b6df0c8c21c3', 'https://images.pexels.com/photos/6476589/pexels-photo-6476589.jpeg?auto=compress&cs=tinysrgb&w=1920&h=1080&fit=crop&q=85', 'Navara view 1', 0) ON CONFLICT DO NOTHING;
INSERT INTO car_model_images (id, car_model_id, url, alt, sort_order) VALUES ('e8b6a414-0feb-5017-8966-0aca4da543a7', 'e0b41d3b-d075-56e7-a469-b6df0c8c21c3', 'https://images.pexels.com/photos/6476589/pexels-photo-6476589.jpeg?auto=compress&cs=tinysrgb&w=1920&h=1080&fit=crop&q=85', 'Navara view 2', 1) ON CONFLICT DO NOTHING;
INSERT INTO car_model_images (id, car_model_id, url, alt, sort_order) VALUES ('84a3f828-c449-527d-8ee1-39fd21743eff', 'e0b41d3b-d075-56e7-a469-b6df0c8c21c3', 'https://images.pexels.com/photos/6476589/pexels-photo-6476589.jpeg?auto=compress&cs=tinysrgb&w=1920&h=1080&fit=crop&q=85', 'Navara view 3', 2) ON CONFLICT DO NOTHING;
INSERT INTO car_variants (id, car_model_id, trim, engine, transmission, fuel_type, color, color_hex, price, stock, sku, is_active) VALUES ('b04575f0-0a96-54a7-97da-081f3d5a134a', 'e0b41d3b-d075-56e7-a469-b6df0c8c21c3', 'Base', '1.5L 4-Cyl', 'MANUAL', 'PETROL', 'Pearl White', '#F5F5F5', 5200000, 3, 'CAR-NIS-NAVARA-BASE-PEARL-WHITE', TRUE) ON CONFLICT (sku) DO NOTHING;
INSERT INTO products (id, type, name, slug, price, compare_at_price, stock, sku, thumbnail_url, is_featured, is_active, car_model_id, car_variant_id, part_id, created_at, updated_at) VALUES ('239d18fa-f368-5daa-8816-cb85a63e0e1e', 'CAR', 'Nissan Navara Base — Pearl White', 'nissan-navara-base-pearl-white', 5200000, NULL, 3, 'PROD-CAR-NIS-NAVARA-BASE-PEARL-WHITE', 'https://images.pexels.com/photos/6476589/pexels-photo-6476589.jpeg?auto=compress&cs=tinysrgb&w=1920&h=1080&fit=crop&q=85', FALSE, TRUE, 'e0b41d3b-d075-56e7-a469-b6df0c8c21c3', 'b04575f0-0a96-54a7-97da-081f3d5a134a', NULL, '2026-07-03T00:00:00.000Z'::timestamp, '2026-07-03T00:00:00.000Z'::timestamp) ON CONFLICT (slug) DO NOTHING;
INSERT INTO product_images (id, product_id, url, alt, sort_order) VALUES ('7fe3516d-0fff-5061-bd35-4e11a96e5b04', '239d18fa-f368-5daa-8816-cb85a63e0e1e', 'https://images.pexels.com/photos/6476589/pexels-photo-6476589.jpeg?auto=compress&cs=tinysrgb&w=1920&h=1080&fit=crop&q=85', 'Nissan Navara Base — Pearl White', 0) ON CONFLICT DO NOTHING;
INSERT INTO car_variants (id, car_model_id, trim, engine, transmission, fuel_type, color, color_hex, price, stock, sku, is_active) VALUES ('be6c24ea-8c0e-5e49-8628-45efe3766b0b', 'e0b41d3b-d075-56e7-a469-b6df0c8c21c3', 'Base', '1.5L 4-Cyl', 'MANUAL', 'PETROL', 'Midnight Black', '#1A1A1A', 5200000, 3, 'CAR-NIS-NAVARA-BASE-MIDNIGHT-BLACK', TRUE) ON CONFLICT (sku) DO NOTHING;
INSERT INTO products (id, type, name, slug, price, compare_at_price, stock, sku, thumbnail_url, is_featured, is_active, car_model_id, car_variant_id, part_id, created_at, updated_at) VALUES ('5ce77110-5caa-506d-8116-f00bd49f1c50', 'CAR', 'Nissan Navara Base — Midnight Black', 'nissan-navara-base-midnight-black', 5200000, NULL, 3, 'PROD-CAR-NIS-NAVARA-BASE-MIDNIGHT-BLACK', 'https://images.pexels.com/photos/6476589/pexels-photo-6476589.jpeg?auto=compress&cs=tinysrgb&w=1920&h=1080&fit=crop&q=85', FALSE, TRUE, 'e0b41d3b-d075-56e7-a469-b6df0c8c21c3', 'be6c24ea-8c0e-5e49-8628-45efe3766b0b', NULL, '2026-07-03T00:00:00.000Z'::timestamp, '2026-07-03T00:00:00.000Z'::timestamp) ON CONFLICT (slug) DO NOTHING;
INSERT INTO product_images (id, product_id, url, alt, sort_order) VALUES ('b6d29a24-0589-529b-9e55-692cd92a3c78', '5ce77110-5caa-506d-8116-f00bd49f1c50', 'https://images.pexels.com/photos/6476589/pexels-photo-6476589.jpeg?auto=compress&cs=tinysrgb&w=1920&h=1080&fit=crop&q=85', 'Nissan Navara Base — Midnight Black', 0) ON CONFLICT DO NOTHING;
INSERT INTO car_variants (id, car_model_id, trim, engine, transmission, fuel_type, color, color_hex, price, stock, sku, is_active) VALUES ('a829647f-bf89-5754-a995-452735d5f686', 'e0b41d3b-d075-56e7-a469-b6df0c8c21c3', 'G', '1.8L 4-Cyl', 'CVT', 'PETROL', 'Pearl White', '#F5F5F5', 5450000, 3, 'CAR-NIS-NAVARA-G-PEARL-WHITE', TRUE) ON CONFLICT (sku) DO NOTHING;
INSERT INTO products (id, type, name, slug, price, compare_at_price, stock, sku, thumbnail_url, is_featured, is_active, car_model_id, car_variant_id, part_id, created_at, updated_at) VALUES ('2d0ab207-5604-53f0-a4de-f501b62f66a6', 'CAR', 'Nissan Navara G — Pearl White', 'nissan-navara-g-pearl-white', 5450000, NULL, 3, 'PROD-CAR-NIS-NAVARA-G-PEARL-WHITE', 'https://images.pexels.com/photos/6476589/pexels-photo-6476589.jpeg?auto=compress&cs=tinysrgb&w=1920&h=1080&fit=crop&q=85', FALSE, TRUE, 'e0b41d3b-d075-56e7-a469-b6df0c8c21c3', 'a829647f-bf89-5754-a995-452735d5f686', NULL, '2026-07-03T00:00:00.000Z'::timestamp, '2026-07-03T00:00:00.000Z'::timestamp) ON CONFLICT (slug) DO NOTHING;
INSERT INTO product_images (id, product_id, url, alt, sort_order) VALUES ('7590cce4-45d3-5065-96a7-aadbf9dcabb5', '2d0ab207-5604-53f0-a4de-f501b62f66a6', 'https://images.pexels.com/photos/6476589/pexels-photo-6476589.jpeg?auto=compress&cs=tinysrgb&w=1920&h=1080&fit=crop&q=85', 'Nissan Navara G — Pearl White', 0) ON CONFLICT DO NOTHING;
INSERT INTO car_variants (id, car_model_id, trim, engine, transmission, fuel_type, color, color_hex, price, stock, sku, is_active) VALUES ('10d6f42d-9e4a-562e-8f64-812403ac4851', 'e0b41d3b-d075-56e7-a469-b6df0c8c21c3', 'G', '1.8L 4-Cyl', 'CVT', 'PETROL', 'Midnight Black', '#1A1A1A', 5450000, 3, 'CAR-NIS-NAVARA-G-MIDNIGHT-BLACK', TRUE) ON CONFLICT (sku) DO NOTHING;
INSERT INTO products (id, type, name, slug, price, compare_at_price, stock, sku, thumbnail_url, is_featured, is_active, car_model_id, car_variant_id, part_id, created_at, updated_at) VALUES ('113bb30a-b4e4-5008-a2cf-30cb6c86d811', 'CAR', 'Nissan Navara G — Midnight Black', 'nissan-navara-g-midnight-black', 5450000, NULL, 3, 'PROD-CAR-NIS-NAVARA-G-MIDNIGHT-BLACK', 'https://images.pexels.com/photos/6476589/pexels-photo-6476589.jpeg?auto=compress&cs=tinysrgb&w=1920&h=1080&fit=crop&q=85', FALSE, TRUE, 'e0b41d3b-d075-56e7-a469-b6df0c8c21c3', '10d6f42d-9e4a-562e-8f64-812403ac4851', NULL, '2026-07-03T00:00:00.000Z'::timestamp, '2026-07-03T00:00:00.000Z'::timestamp) ON CONFLICT (slug) DO NOTHING;
INSERT INTO product_images (id, product_id, url, alt, sort_order) VALUES ('e7adf145-2c00-55a6-a5e3-cfe4b0fea152', '113bb30a-b4e4-5008-a2cf-30cb6c86d811', 'https://images.pexels.com/photos/6476589/pexels-photo-6476589.jpeg?auto=compress&cs=tinysrgb&w=1920&h=1080&fit=crop&q=85', 'Nissan Navara G — Midnight Black', 0) ON CONFLICT DO NOTHING;
INSERT INTO car_models (id, brand_id, name, slug, year_from, year_to, body_type, hero_image_url, video_url, model_3d_url, base_price, description, description_bn, is_active, created_at) VALUES ('7fb492a9-1509-502b-8e81-cbc04dc4838c', '69f00f5a-f20f-5637-a36d-711159236f0c', 'Kicks', 'kicks', 2021, 2024, 'SUV', 'https://images.unsplash.com/photo-1533473156550-15d00a14276d?w=3840&h=2160&fit=crop&q=90&auto=format', 'https://customer-abc123.cloudflarestream.com/nissan-kicks/manifest/video.m3u8', NULL, 3900000, 'The Nissan Kicks is a stylish compact crossover with floating roof design and personalisation options. 1.6L petrol engine with smooth CVT; fuel economy around 13 km/L combined. 422 litres boot and 185 mm ground clearance suit urban Bangladesh lifestyle. NissanConnect 8" display with smartphone integration. Safety Shield 360 includes automatic emergency braking and rear cross-traffic alert. Fresh alternative to established Creta and Corolla Cross rivals.', 'নিসান কিক্স — স্টাইলিশ কমপ্যাক্ট ক্রসওভার, সেফটি শিল্ড ৩৬০ ও ৪২২L বুট।', TRUE, '2026-07-03T00:00:00.000Z'::timestamp) ON CONFLICT (brand_id, slug) DO NOTHING;
INSERT INTO car_model_images (id, car_model_id, url, alt, sort_order) VALUES ('8ea18128-75cc-5c79-bf4e-82cee3e3224d', '7fb492a9-1509-502b-8e81-cbc04dc4838c', 'https://images.unsplash.com/photo-1533473156550-15d00a14276d?w=3840&h=2160&fit=crop&q=90&auto=format', 'Kicks view 1', 0) ON CONFLICT DO NOTHING;
INSERT INTO car_model_images (id, car_model_id, url, alt, sort_order) VALUES ('eecfbeb1-652e-57d0-9f49-6e3cd89258d7', '7fb492a9-1509-502b-8e81-cbc04dc4838c', 'https://images.unsplash.com/photo-1533473156550-15d00a14276d?w=3840&h=2160&fit=crop&q=90&auto=format', 'Kicks view 2', 1) ON CONFLICT DO NOTHING;
INSERT INTO car_model_images (id, car_model_id, url, alt, sort_order) VALUES ('c17b15aa-40f8-587e-9bfb-ace5f5a91cf0', '7fb492a9-1509-502b-8e81-cbc04dc4838c', 'https://images.unsplash.com/photo-1533473156550-15d00a14276d?w=3840&h=2160&fit=crop&q=90&auto=format', 'Kicks view 3', 2) ON CONFLICT DO NOTHING;
INSERT INTO car_variants (id, car_model_id, trim, engine, transmission, fuel_type, color, color_hex, price, stock, sku, is_active) VALUES ('a240a97e-5365-5cb3-8266-8241633eb164', '7fb492a9-1509-502b-8e81-cbc04dc4838c', 'Base', '1.5L 4-Cyl', 'MANUAL', 'PETROL', 'Pearl White', '#F5F5F5', 3900000, 3, 'CAR-NIS-KICKS-BASE-PEARL-WHITE', TRUE) ON CONFLICT (sku) DO NOTHING;
INSERT INTO products (id, type, name, slug, price, compare_at_price, stock, sku, thumbnail_url, is_featured, is_active, car_model_id, car_variant_id, part_id, created_at, updated_at) VALUES ('eaedaf4d-96fa-5dac-91ad-d52ce70625f5', 'CAR', 'Nissan Kicks Base — Pearl White', 'nissan-kicks-base-pearl-white', 3900000, NULL, 3, 'PROD-CAR-NIS-KICKS-BASE-PEARL-WHITE', 'https://images.unsplash.com/photo-1533473156550-15d00a14276d?w=3840&h=2160&fit=crop&q=90&auto=format', FALSE, TRUE, '7fb492a9-1509-502b-8e81-cbc04dc4838c', 'a240a97e-5365-5cb3-8266-8241633eb164', NULL, '2026-07-03T00:00:00.000Z'::timestamp, '2026-07-03T00:00:00.000Z'::timestamp) ON CONFLICT (slug) DO NOTHING;
INSERT INTO product_images (id, product_id, url, alt, sort_order) VALUES ('ff2a8f54-9e10-501c-b21f-cda839ff8fea', 'eaedaf4d-96fa-5dac-91ad-d52ce70625f5', 'https://images.unsplash.com/photo-1533473156550-15d00a14276d?w=3840&h=2160&fit=crop&q=90&auto=format', 'Nissan Kicks Base — Pearl White', 0) ON CONFLICT DO NOTHING;
INSERT INTO car_variants (id, car_model_id, trim, engine, transmission, fuel_type, color, color_hex, price, stock, sku, is_active) VALUES ('b6e9661e-34c5-5904-b584-a50eeda3c5bc', '7fb492a9-1509-502b-8e81-cbc04dc4838c', 'Base', '1.5L 4-Cyl', 'MANUAL', 'PETROL', 'Midnight Black', '#1A1A1A', 3900000, 3, 'CAR-NIS-KICKS-BASE-MIDNIGHT-BLACK', TRUE) ON CONFLICT (sku) DO NOTHING;
INSERT INTO products (id, type, name, slug, price, compare_at_price, stock, sku, thumbnail_url, is_featured, is_active, car_model_id, car_variant_id, part_id, created_at, updated_at) VALUES ('8e6a245a-fd8e-5cc6-8bdb-0e942342b3b8', 'CAR', 'Nissan Kicks Base — Midnight Black', 'nissan-kicks-base-midnight-black', 3900000, NULL, 3, 'PROD-CAR-NIS-KICKS-BASE-MIDNIGHT-BLACK', 'https://images.unsplash.com/photo-1533473156550-15d00a14276d?w=3840&h=2160&fit=crop&q=90&auto=format', FALSE, TRUE, '7fb492a9-1509-502b-8e81-cbc04dc4838c', 'b6e9661e-34c5-5904-b584-a50eeda3c5bc', NULL, '2026-07-03T00:00:00.000Z'::timestamp, '2026-07-03T00:00:00.000Z'::timestamp) ON CONFLICT (slug) DO NOTHING;
INSERT INTO product_images (id, product_id, url, alt, sort_order) VALUES ('98de252e-bcb5-5d11-9290-ee71b40ac408', '8e6a245a-fd8e-5cc6-8bdb-0e942342b3b8', 'https://images.unsplash.com/photo-1533473156550-15d00a14276d?w=3840&h=2160&fit=crop&q=90&auto=format', 'Nissan Kicks Base — Midnight Black', 0) ON CONFLICT DO NOTHING;
INSERT INTO car_variants (id, car_model_id, trim, engine, transmission, fuel_type, color, color_hex, price, stock, sku, is_active) VALUES ('554b9309-bd40-50c8-b9c8-a2e55e594432', '7fb492a9-1509-502b-8e81-cbc04dc4838c', 'G', '1.8L 4-Cyl', 'CVT', 'PETROL', 'Pearl White', '#F5F5F5', 4150000, 3, 'CAR-NIS-KICKS-G-PEARL-WHITE', TRUE) ON CONFLICT (sku) DO NOTHING;
INSERT INTO products (id, type, name, slug, price, compare_at_price, stock, sku, thumbnail_url, is_featured, is_active, car_model_id, car_variant_id, part_id, created_at, updated_at) VALUES ('7b6e921f-32a8-5486-82a8-7a4d18dcb777', 'CAR', 'Nissan Kicks G — Pearl White', 'nissan-kicks-g-pearl-white', 4150000, NULL, 3, 'PROD-CAR-NIS-KICKS-G-PEARL-WHITE', 'https://images.unsplash.com/photo-1533473156550-15d00a14276d?w=3840&h=2160&fit=crop&q=90&auto=format', FALSE, TRUE, '7fb492a9-1509-502b-8e81-cbc04dc4838c', '554b9309-bd40-50c8-b9c8-a2e55e594432', NULL, '2026-07-03T00:00:00.000Z'::timestamp, '2026-07-03T00:00:00.000Z'::timestamp) ON CONFLICT (slug) DO NOTHING;
INSERT INTO product_images (id, product_id, url, alt, sort_order) VALUES ('42bb0a8a-e6b1-5ef7-b519-1839fc73db3e', '7b6e921f-32a8-5486-82a8-7a4d18dcb777', 'https://images.unsplash.com/photo-1533473156550-15d00a14276d?w=3840&h=2160&fit=crop&q=90&auto=format', 'Nissan Kicks G — Pearl White', 0) ON CONFLICT DO NOTHING;
INSERT INTO car_variants (id, car_model_id, trim, engine, transmission, fuel_type, color, color_hex, price, stock, sku, is_active) VALUES ('17230322-f9a6-56b1-a1fe-07c305f06a56', '7fb492a9-1509-502b-8e81-cbc04dc4838c', 'G', '1.8L 4-Cyl', 'CVT', 'PETROL', 'Midnight Black', '#1A1A1A', 4150000, 3, 'CAR-NIS-KICKS-G-MIDNIGHT-BLACK', TRUE) ON CONFLICT (sku) DO NOTHING;
INSERT INTO products (id, type, name, slug, price, compare_at_price, stock, sku, thumbnail_url, is_featured, is_active, car_model_id, car_variant_id, part_id, created_at, updated_at) VALUES ('7c9fba05-3d2e-52f8-9e8c-9a70b53c1957', 'CAR', 'Nissan Kicks G — Midnight Black', 'nissan-kicks-g-midnight-black', 4150000, NULL, 3, 'PROD-CAR-NIS-KICKS-G-MIDNIGHT-BLACK', 'https://images.unsplash.com/photo-1533473156550-15d00a14276d?w=3840&h=2160&fit=crop&q=90&auto=format', FALSE, TRUE, '7fb492a9-1509-502b-8e81-cbc04dc4838c', '17230322-f9a6-56b1-a1fe-07c305f06a56', NULL, '2026-07-03T00:00:00.000Z'::timestamp, '2026-07-03T00:00:00.000Z'::timestamp) ON CONFLICT (slug) DO NOTHING;
INSERT INTO product_images (id, product_id, url, alt, sort_order) VALUES ('e9340d73-69fa-5d56-9493-c3c94b97b40a', '7c9fba05-3d2e-52f8-9e8c-9a70b53c1957', 'https://images.unsplash.com/photo-1533473156550-15d00a14276d?w=3840&h=2160&fit=crop&q=90&auto=format', 'Nissan Kicks G — Midnight Black', 0) ON CONFLICT DO NOTHING;
INSERT INTO car_models (id, brand_id, name, slug, year_from, year_to, body_type, hero_image_url, video_url, model_3d_url, base_price, description, description_bn, is_active, created_at) VALUES ('bf0ef73c-2702-52fa-b4b3-add1b6b9ab26', '69f00f5a-f20f-5637-a36d-711159236f0c', 'Teana', 'teana', 2017, 2022, 'SEDAN', 'https://images.unsplash.com/photo-1549317661-bd32c8ce0db2?w=3840&h=2160&fit=crop&q=90&auto=format', 'https://customer-abc123.cloudflarestream.com/nissan-teana/manifest/video.m3u8', NULL, 3500000, 'The Nissan Teana is a premium executive sedan offering V6 smoothness and a cocoon-like cabin. 2.5L or 3.5L VQ-series engine paired with CVT for seamless acceleration. BOSE premium audio, powered rear seats, and dual-panel sunroof create a first-class rear experience. Popular reconditioned import for business executives. Whisper-quiet NVH levels and plush suspension tuning prioritise comfort over sportiness.', 'নিসান টিয়ানা — প্রিমিয়াম এক্সিকিউটিভ সেডান, V6 মসৃণতা ও বোস অডিও।', TRUE, '2026-07-03T00:00:00.000Z'::timestamp) ON CONFLICT (brand_id, slug) DO NOTHING;
INSERT INTO car_model_images (id, car_model_id, url, alt, sort_order) VALUES ('9e736a14-32e5-5ffe-899e-ec64036b07ec', 'bf0ef73c-2702-52fa-b4b3-add1b6b9ab26', 'https://images.unsplash.com/photo-1549317661-bd32c8ce0db2?w=3840&h=2160&fit=crop&q=90&auto=format', 'Teana view 1', 0) ON CONFLICT DO NOTHING;
INSERT INTO car_model_images (id, car_model_id, url, alt, sort_order) VALUES ('ab0e7d1b-6262-5eb3-9c20-e2f45273dbf2', 'bf0ef73c-2702-52fa-b4b3-add1b6b9ab26', 'https://images.unsplash.com/photo-1549317661-bd32c8ce0db2?w=3840&h=2160&fit=crop&q=90&auto=format', 'Teana view 2', 1) ON CONFLICT DO NOTHING;
INSERT INTO car_model_images (id, car_model_id, url, alt, sort_order) VALUES ('2cb211c7-48df-5e74-8446-37727255d224', 'bf0ef73c-2702-52fa-b4b3-add1b6b9ab26', 'https://images.unsplash.com/photo-1549317661-bd32c8ce0db2?w=3840&h=2160&fit=crop&q=90&auto=format', 'Teana view 3', 2) ON CONFLICT DO NOTHING;
INSERT INTO car_variants (id, car_model_id, trim, engine, transmission, fuel_type, color, color_hex, price, stock, sku, is_active) VALUES ('9c816d87-ceca-5607-b295-1825e9294106', 'bf0ef73c-2702-52fa-b4b3-add1b6b9ab26', 'Base', '1.5L 4-Cyl', 'MANUAL', 'PETROL', 'Pearl White', '#F5F5F5', 3500000, 3, 'CAR-NIS-TEANA-BASE-PEARL-WHITE', TRUE) ON CONFLICT (sku) DO NOTHING;
INSERT INTO products (id, type, name, slug, price, compare_at_price, stock, sku, thumbnail_url, is_featured, is_active, car_model_id, car_variant_id, part_id, created_at, updated_at) VALUES ('ad80ad4e-ea86-59e7-974e-05a371462aea', 'CAR', 'Nissan Teana Base — Pearl White', 'nissan-teana-base-pearl-white', 3500000, NULL, 3, 'PROD-CAR-NIS-TEANA-BASE-PEARL-WHITE', 'https://images.unsplash.com/photo-1549317661-bd32c8ce0db2?w=3840&h=2160&fit=crop&q=90&auto=format', FALSE, TRUE, 'bf0ef73c-2702-52fa-b4b3-add1b6b9ab26', '9c816d87-ceca-5607-b295-1825e9294106', NULL, '2026-07-03T00:00:00.000Z'::timestamp, '2026-07-03T00:00:00.000Z'::timestamp) ON CONFLICT (slug) DO NOTHING;
INSERT INTO product_images (id, product_id, url, alt, sort_order) VALUES ('78a67e04-2969-5a42-a7e4-024441bef7e5', 'ad80ad4e-ea86-59e7-974e-05a371462aea', 'https://images.unsplash.com/photo-1549317661-bd32c8ce0db2?w=3840&h=2160&fit=crop&q=90&auto=format', 'Nissan Teana Base — Pearl White', 0) ON CONFLICT DO NOTHING;
INSERT INTO car_variants (id, car_model_id, trim, engine, transmission, fuel_type, color, color_hex, price, stock, sku, is_active) VALUES ('e22c56ba-a61e-5d7b-9ee8-66b550ac067c', 'bf0ef73c-2702-52fa-b4b3-add1b6b9ab26', 'Base', '1.5L 4-Cyl', 'MANUAL', 'PETROL', 'Midnight Black', '#1A1A1A', 3500000, 3, 'CAR-NIS-TEANA-BASE-MIDNIGHT-BLACK', TRUE) ON CONFLICT (sku) DO NOTHING;
INSERT INTO products (id, type, name, slug, price, compare_at_price, stock, sku, thumbnail_url, is_featured, is_active, car_model_id, car_variant_id, part_id, created_at, updated_at) VALUES ('7169f4d9-578b-5bae-a914-97f24fff7ecf', 'CAR', 'Nissan Teana Base — Midnight Black', 'nissan-teana-base-midnight-black', 3500000, NULL, 3, 'PROD-CAR-NIS-TEANA-BASE-MIDNIGHT-BLACK', 'https://images.unsplash.com/photo-1549317661-bd32c8ce0db2?w=3840&h=2160&fit=crop&q=90&auto=format', FALSE, TRUE, 'bf0ef73c-2702-52fa-b4b3-add1b6b9ab26', 'e22c56ba-a61e-5d7b-9ee8-66b550ac067c', NULL, '2026-07-03T00:00:00.000Z'::timestamp, '2026-07-03T00:00:00.000Z'::timestamp) ON CONFLICT (slug) DO NOTHING;
INSERT INTO product_images (id, product_id, url, alt, sort_order) VALUES ('27070cf7-d886-51aa-85b2-2df27216cca9', '7169f4d9-578b-5bae-a914-97f24fff7ecf', 'https://images.unsplash.com/photo-1549317661-bd32c8ce0db2?w=3840&h=2160&fit=crop&q=90&auto=format', 'Nissan Teana Base — Midnight Black', 0) ON CONFLICT DO NOTHING;
INSERT INTO car_variants (id, car_model_id, trim, engine, transmission, fuel_type, color, color_hex, price, stock, sku, is_active) VALUES ('46c6ccd2-1228-5edc-8c6b-2c3e992bf2a0', 'bf0ef73c-2702-52fa-b4b3-add1b6b9ab26', 'G', '1.8L 4-Cyl', 'CVT', 'PETROL', 'Pearl White', '#F5F5F5', 3750000, 3, 'CAR-NIS-TEANA-G-PEARL-WHITE', TRUE) ON CONFLICT (sku) DO NOTHING;
INSERT INTO products (id, type, name, slug, price, compare_at_price, stock, sku, thumbnail_url, is_featured, is_active, car_model_id, car_variant_id, part_id, created_at, updated_at) VALUES ('fe0a0926-4089-507f-a6a4-ad510ee39e45', 'CAR', 'Nissan Teana G — Pearl White', 'nissan-teana-g-pearl-white', 3750000, NULL, 3, 'PROD-CAR-NIS-TEANA-G-PEARL-WHITE', 'https://images.unsplash.com/photo-1549317661-bd32c8ce0db2?w=3840&h=2160&fit=crop&q=90&auto=format', FALSE, TRUE, 'bf0ef73c-2702-52fa-b4b3-add1b6b9ab26', '46c6ccd2-1228-5edc-8c6b-2c3e992bf2a0', NULL, '2026-07-03T00:00:00.000Z'::timestamp, '2026-07-03T00:00:00.000Z'::timestamp) ON CONFLICT (slug) DO NOTHING;
INSERT INTO product_images (id, product_id, url, alt, sort_order) VALUES ('2c419347-f7d0-53cd-808b-dcc635245938', 'fe0a0926-4089-507f-a6a4-ad510ee39e45', 'https://images.unsplash.com/photo-1549317661-bd32c8ce0db2?w=3840&h=2160&fit=crop&q=90&auto=format', 'Nissan Teana G — Pearl White', 0) ON CONFLICT DO NOTHING;
INSERT INTO car_variants (id, car_model_id, trim, engine, transmission, fuel_type, color, color_hex, price, stock, sku, is_active) VALUES ('73f5bddd-fa71-56a4-92bd-50c56428927d', 'bf0ef73c-2702-52fa-b4b3-add1b6b9ab26', 'G', '1.8L 4-Cyl', 'CVT', 'PETROL', 'Midnight Black', '#1A1A1A', 3750000, 3, 'CAR-NIS-TEANA-G-MIDNIGHT-BLACK', TRUE) ON CONFLICT (sku) DO NOTHING;
INSERT INTO products (id, type, name, slug, price, compare_at_price, stock, sku, thumbnail_url, is_featured, is_active, car_model_id, car_variant_id, part_id, created_at, updated_at) VALUES ('2923d03a-6e0a-562f-9a76-5ea507bb39fb', 'CAR', 'Nissan Teana G — Midnight Black', 'nissan-teana-g-midnight-black', 3750000, NULL, 3, 'PROD-CAR-NIS-TEANA-G-MIDNIGHT-BLACK', 'https://images.unsplash.com/photo-1549317661-bd32c8ce0db2?w=3840&h=2160&fit=crop&q=90&auto=format', FALSE, TRUE, 'bf0ef73c-2702-52fa-b4b3-add1b6b9ab26', '73f5bddd-fa71-56a4-92bd-50c56428927d', NULL, '2026-07-03T00:00:00.000Z'::timestamp, '2026-07-03T00:00:00.000Z'::timestamp) ON CONFLICT (slug) DO NOTHING;
INSERT INTO product_images (id, product_id, url, alt, sort_order) VALUES ('90abb8e7-3e45-55f9-b24c-596330e3da5d', '2923d03a-6e0a-562f-9a76-5ea507bb39fb', 'https://images.unsplash.com/photo-1549317661-bd32c8ce0db2?w=3840&h=2160&fit=crop&q=90&auto=format', 'Nissan Teana G — Midnight Black', 0) ON CONFLICT DO NOTHING;
INSERT INTO car_models (id, brand_id, name, slug, year_from, year_to, body_type, hero_image_url, video_url, model_3d_url, base_price, description, description_bn, is_active, created_at) VALUES ('c0ed2b73-c9de-5b0f-90bb-e4d3ca2397f8', '69f00f5a-f20f-5637-a36d-711159236f0c', 'Magnite', 'magnite', 2022, 2025, 'SUV', 'https://images.unsplash.com/photo-1618843479313-40f8afb5110d?w=3840&h=2160&fit=crop&q=90&auto=format', 'https://customer-abc123.cloudflarestream.com/nissan-magnite/manifest/video.m3u8', NULL, 2800000, 'The Nissan Magnite is the most affordable Nissan SUV in Bangladesh — bringing turbocharged performance to the entry segment. 1.0L turbo petrol produces 100 hp with 5-speed manual or CVT. 390 litres boot, 205 mm ground clearance, and compact 4-metre length. Tech Pack adds wireless charging, JBL audio, and 360° camera. Ideal first SUV for young professionals. Competitive pricing with Nissan reliability backing.', 'নিসান ম্যাগনাইট — সবচেয়ে সাশ্রয়ী নিসান SUV, ১.০L টার্বো ও ৩৬০° ক্যামেরা।', TRUE, '2026-07-03T00:00:00.000Z'::timestamp) ON CONFLICT (brand_id, slug) DO NOTHING;
INSERT INTO car_model_images (id, car_model_id, url, alt, sort_order) VALUES ('8d6fe3fb-c885-56a0-ab8b-6a58c01beea9', 'c0ed2b73-c9de-5b0f-90bb-e4d3ca2397f8', 'https://images.unsplash.com/photo-1618843479313-40f8afb5110d?w=3840&h=2160&fit=crop&q=90&auto=format', 'Magnite view 1', 0) ON CONFLICT DO NOTHING;
INSERT INTO car_model_images (id, car_model_id, url, alt, sort_order) VALUES ('d5e94edd-5c55-5b2e-8beb-d188e54a807e', 'c0ed2b73-c9de-5b0f-90bb-e4d3ca2397f8', 'https://images.unsplash.com/photo-1618843479313-40f8afb5110d?w=3840&h=2160&fit=crop&q=90&auto=format', 'Magnite view 2', 1) ON CONFLICT DO NOTHING;
INSERT INTO car_model_images (id, car_model_id, url, alt, sort_order) VALUES ('fa2be275-289d-5c2b-b828-12268ad928dd', 'c0ed2b73-c9de-5b0f-90bb-e4d3ca2397f8', 'https://images.unsplash.com/photo-1618843479313-40f8afb5110d?w=3840&h=2160&fit=crop&q=90&auto=format', 'Magnite view 3', 2) ON CONFLICT DO NOTHING;
INSERT INTO car_variants (id, car_model_id, trim, engine, transmission, fuel_type, color, color_hex, price, stock, sku, is_active) VALUES ('3a66396f-c832-553b-97c1-7312bd8b1ddc', 'c0ed2b73-c9de-5b0f-90bb-e4d3ca2397f8', 'Base', '1.5L 4-Cyl', 'MANUAL', 'PETROL', 'Pearl White', '#F5F5F5', 2800000, 3, 'CAR-NIS-MAGNITE-BASE-PEARL-WHITE', TRUE) ON CONFLICT (sku) DO NOTHING;
INSERT INTO products (id, type, name, slug, price, compare_at_price, stock, sku, thumbnail_url, is_featured, is_active, car_model_id, car_variant_id, part_id, created_at, updated_at) VALUES ('b42a5956-bf44-5fb0-a06e-06068da6b6c6', 'CAR', 'Nissan Magnite Base — Pearl White', 'nissan-magnite-base-pearl-white', 2800000, NULL, 3, 'PROD-CAR-NIS-MAGNITE-BASE-PEARL-WHITE', 'https://images.unsplash.com/photo-1618843479313-40f8afb5110d?w=3840&h=2160&fit=crop&q=90&auto=format', FALSE, TRUE, 'c0ed2b73-c9de-5b0f-90bb-e4d3ca2397f8', '3a66396f-c832-553b-97c1-7312bd8b1ddc', NULL, '2026-07-03T00:00:00.000Z'::timestamp, '2026-07-03T00:00:00.000Z'::timestamp) ON CONFLICT (slug) DO NOTHING;
INSERT INTO product_images (id, product_id, url, alt, sort_order) VALUES ('78e506bb-cdc7-5783-b709-45402f87f736', 'b42a5956-bf44-5fb0-a06e-06068da6b6c6', 'https://images.unsplash.com/photo-1618843479313-40f8afb5110d?w=3840&h=2160&fit=crop&q=90&auto=format', 'Nissan Magnite Base — Pearl White', 0) ON CONFLICT DO NOTHING;
INSERT INTO car_variants (id, car_model_id, trim, engine, transmission, fuel_type, color, color_hex, price, stock, sku, is_active) VALUES ('46c94dc9-5d47-560c-b8e2-a26741a4a48b', 'c0ed2b73-c9de-5b0f-90bb-e4d3ca2397f8', 'Base', '1.5L 4-Cyl', 'MANUAL', 'PETROL', 'Midnight Black', '#1A1A1A', 2800000, 3, 'CAR-NIS-MAGNITE-BASE-MIDNIGHT-BLACK', TRUE) ON CONFLICT (sku) DO NOTHING;
INSERT INTO products (id, type, name, slug, price, compare_at_price, stock, sku, thumbnail_url, is_featured, is_active, car_model_id, car_variant_id, part_id, created_at, updated_at) VALUES ('bf2761e7-5570-5549-9e04-47209809b40b', 'CAR', 'Nissan Magnite Base — Midnight Black', 'nissan-magnite-base-midnight-black', 2800000, NULL, 3, 'PROD-CAR-NIS-MAGNITE-BASE-MIDNIGHT-BLACK', 'https://images.unsplash.com/photo-1618843479313-40f8afb5110d?w=3840&h=2160&fit=crop&q=90&auto=format', FALSE, TRUE, 'c0ed2b73-c9de-5b0f-90bb-e4d3ca2397f8', '46c94dc9-5d47-560c-b8e2-a26741a4a48b', NULL, '2026-07-03T00:00:00.000Z'::timestamp, '2026-07-03T00:00:00.000Z'::timestamp) ON CONFLICT (slug) DO NOTHING;
INSERT INTO product_images (id, product_id, url, alt, sort_order) VALUES ('ce948ecf-0bad-545f-9a17-90ffa2389064', 'bf2761e7-5570-5549-9e04-47209809b40b', 'https://images.unsplash.com/photo-1618843479313-40f8afb5110d?w=3840&h=2160&fit=crop&q=90&auto=format', 'Nissan Magnite Base — Midnight Black', 0) ON CONFLICT DO NOTHING;
INSERT INTO car_variants (id, car_model_id, trim, engine, transmission, fuel_type, color, color_hex, price, stock, sku, is_active) VALUES ('12c21ed6-aedf-5a65-946a-8979a6588da3', 'c0ed2b73-c9de-5b0f-90bb-e4d3ca2397f8', 'G', '1.8L 4-Cyl', 'CVT', 'PETROL', 'Pearl White', '#F5F5F5', 3050000, 3, 'CAR-NIS-MAGNITE-G-PEARL-WHITE', TRUE) ON CONFLICT (sku) DO NOTHING;
INSERT INTO products (id, type, name, slug, price, compare_at_price, stock, sku, thumbnail_url, is_featured, is_active, car_model_id, car_variant_id, part_id, created_at, updated_at) VALUES ('f92808e8-13e9-5abc-96ff-a950dab365d6', 'CAR', 'Nissan Magnite G — Pearl White', 'nissan-magnite-g-pearl-white', 3050000, NULL, 3, 'PROD-CAR-NIS-MAGNITE-G-PEARL-WHITE', 'https://images.unsplash.com/photo-1618843479313-40f8afb5110d?w=3840&h=2160&fit=crop&q=90&auto=format', FALSE, TRUE, 'c0ed2b73-c9de-5b0f-90bb-e4d3ca2397f8', '12c21ed6-aedf-5a65-946a-8979a6588da3', NULL, '2026-07-03T00:00:00.000Z'::timestamp, '2026-07-03T00:00:00.000Z'::timestamp) ON CONFLICT (slug) DO NOTHING;
INSERT INTO product_images (id, product_id, url, alt, sort_order) VALUES ('fb4b6d27-c878-5e25-a7a0-036596106e1a', 'f92808e8-13e9-5abc-96ff-a950dab365d6', 'https://images.unsplash.com/photo-1618843479313-40f8afb5110d?w=3840&h=2160&fit=crop&q=90&auto=format', 'Nissan Magnite G — Pearl White', 0) ON CONFLICT DO NOTHING;
INSERT INTO car_variants (id, car_model_id, trim, engine, transmission, fuel_type, color, color_hex, price, stock, sku, is_active) VALUES ('04a776c9-810d-5b37-953e-b1427dae71d0', 'c0ed2b73-c9de-5b0f-90bb-e4d3ca2397f8', 'G', '1.8L 4-Cyl', 'CVT', 'PETROL', 'Midnight Black', '#1A1A1A', 3050000, 3, 'CAR-NIS-MAGNITE-G-MIDNIGHT-BLACK', TRUE) ON CONFLICT (sku) DO NOTHING;
INSERT INTO products (id, type, name, slug, price, compare_at_price, stock, sku, thumbnail_url, is_featured, is_active, car_model_id, car_variant_id, part_id, created_at, updated_at) VALUES ('49d54873-5f83-5a3d-8134-7d51d4434cd2', 'CAR', 'Nissan Magnite G — Midnight Black', 'nissan-magnite-g-midnight-black', 3050000, NULL, 3, 'PROD-CAR-NIS-MAGNITE-G-MIDNIGHT-BLACK', 'https://images.unsplash.com/photo-1618843479313-40f8afb5110d?w=3840&h=2160&fit=crop&q=90&auto=format', FALSE, TRUE, 'c0ed2b73-c9de-5b0f-90bb-e4d3ca2397f8', '04a776c9-810d-5b37-953e-b1427dae71d0', NULL, '2026-07-03T00:00:00.000Z'::timestamp, '2026-07-03T00:00:00.000Z'::timestamp) ON CONFLICT (slug) DO NOTHING;
INSERT INTO product_images (id, product_id, url, alt, sort_order) VALUES ('339bc2a0-fe0f-5a2e-b184-677265fa1629', '49d54873-5f83-5a3d-8134-7d51d4434cd2', 'https://images.unsplash.com/photo-1618843479313-40f8afb5110d?w=3840&h=2160&fit=crop&q=90&auto=format', 'Nissan Magnite G — Midnight Black', 0) ON CONFLICT DO NOTHING;
INSERT INTO brands (id, name, slug, logo_url, hero_video_url, description, description_bn, is_active, sort_order, created_at) VALUES ('24d12c94-5048-5f26-b57b-1caae4aff1fb', 'BAW', 'baw', 'https://res.cloudinary.com/demo/image/upload/v1699000000/brands/baw-logo.png', 'https://customer-abc123.cloudflarestream.com/baw-hero/manifest/video.m3u8', 'BAW — affordable electric mobility for Bangladesh. City EVs, sedans, SUVs, and commercial vans with zero emissions.', 'BAW — বাংলাদেশের জন্য সাশ্রয়ী ইলেকট্রিক গাড়ি। শূন্য নির্গমন, কম চলানো খরচ।', TRUE, 3, '2026-07-03T00:00:00.000Z'::timestamp) ON CONFLICT (slug) DO NOTHING;
INSERT INTO car_models (id, brand_id, name, slug, year_from, year_to, body_type, hero_image_url, video_url, model_3d_url, base_price, description, description_bn, is_active, created_at) VALUES ('d7a8aa59-c37b-5b19-b34c-b0ad85c094bb', '24d12c94-5048-5f26-b57b-1caae4aff1fb', 'Pony', 'pony', 2023, 2026, 'HATCHBACK', 'https://images.pexels.com/photos/3861969/pexels-photo-3861969.jpeg?auto=compress&cs=tinysrgb&w=1920&h=1080&fit=crop&q=85', 'https://customer-abc123.cloudflarestream.com/baw-pony/manifest/video.m3u8', 'https://res.cloudinary.com/demo/raw/upload/v1699000000/models/baw-pony.glb', 1850000, 'The BAW Pony is a compact city EV designed for Bangladesh urban commuting. Single-motor FWD with up to 200 km real-world range (Standard) or 280 km (Long Range). Fast 30 kW DC charging adds 80% in 45 minutes. Compact 3.5-metre footprint eases parking in Gulshan and Mirpur. Zero fuel cost, minimal maintenance — no oil changes required. Ideal for ride-share fleets and eco-conscious first-time buyers.', 'BAW পনি — কমপ্যাক্ট সিটি ইভি, ২০০–২৮০ km রেঞ্জ, দ্রুত DC চার্জিং।', TRUE, '2026-07-03T00:00:00.000Z'::timestamp) ON CONFLICT (brand_id, slug) DO NOTHING;
INSERT INTO car_model_images (id, car_model_id, url, alt, sort_order) VALUES ('2d6e59b9-7548-5f98-ae99-64f3e4fff95a', 'd7a8aa59-c37b-5b19-b34c-b0ad85c094bb', 'https://images.pexels.com/photos/3861969/pexels-photo-3861969.jpeg?auto=compress&cs=tinysrgb&w=1920&h=1080&fit=crop&q=85', 'Pony view 1', 0) ON CONFLICT DO NOTHING;
INSERT INTO car_model_images (id, car_model_id, url, alt, sort_order) VALUES ('63ee926a-9cb3-58fa-8f05-7965aa5fcc07', 'd7a8aa59-c37b-5b19-b34c-b0ad85c094bb', 'https://images.pexels.com/photos/3861969/pexels-photo-3861969.jpeg?auto=compress&cs=tinysrgb&w=1920&h=1080&fit=crop&q=85', 'Pony view 2', 1) ON CONFLICT DO NOTHING;
INSERT INTO car_model_images (id, car_model_id, url, alt, sort_order) VALUES ('1c8d8b17-50f0-588c-8c71-cb403bb6fe2f', 'd7a8aa59-c37b-5b19-b34c-b0ad85c094bb', 'https://images.pexels.com/photos/3861969/pexels-photo-3861969.jpeg?auto=compress&cs=tinysrgb&w=1920&h=1080&fit=crop&q=85', 'Pony view 3', 2) ON CONFLICT DO NOTHING;
INSERT INTO car_variants (id, car_model_id, trim, engine, transmission, fuel_type, color, color_hex, price, stock, sku, is_active) VALUES ('fcadcba8-498e-56d8-a254-7d2b03667167', 'd7a8aa59-c37b-5b19-b34c-b0ad85c094bb', 'Standard Range', '60 kW Motor', 'AUTOMATIC', 'ELECTRIC', 'Arctic White', '#F8FAFC', 1850000, 3, 'CAR-BAW-PONY-STANDARD-RANGE-ARCTIC-WHITE', TRUE) ON CONFLICT (sku) DO NOTHING;
INSERT INTO products (id, type, name, slug, price, compare_at_price, stock, sku, thumbnail_url, is_featured, is_active, car_model_id, car_variant_id, part_id, created_at, updated_at) VALUES ('c7d6368c-a33d-50c5-9434-64c47603bb92', 'CAR', 'BAW Pony Standard Range — Arctic White', 'baw-pony-standard-range-arctic-white', 1850000, NULL, 3, 'PROD-CAR-BAW-PONY-STANDARD-RANGE-ARCTIC-WHITE', 'https://images.pexels.com/photos/3861969/pexels-photo-3861969.jpeg?auto=compress&cs=tinysrgb&w=1920&h=1080&fit=crop&q=85', FALSE, TRUE, 'd7a8aa59-c37b-5b19-b34c-b0ad85c094bb', 'fcadcba8-498e-56d8-a254-7d2b03667167', NULL, '2026-07-03T00:00:00.000Z'::timestamp, '2026-07-03T00:00:00.000Z'::timestamp) ON CONFLICT (slug) DO NOTHING;
INSERT INTO product_images (id, product_id, url, alt, sort_order) VALUES ('65d8a457-9bfa-5da3-9813-a07db03cf9b1', 'c7d6368c-a33d-50c5-9434-64c47603bb92', 'https://images.pexels.com/photos/3861969/pexels-photo-3861969.jpeg?auto=compress&cs=tinysrgb&w=1920&h=1080&fit=crop&q=85', 'BAW Pony Standard Range — Arctic White', 0) ON CONFLICT DO NOTHING;
INSERT INTO car_variants (id, car_model_id, trim, engine, transmission, fuel_type, color, color_hex, price, stock, sku, is_active) VALUES ('5fff48a1-2748-5b10-b40e-b831af34e9fc', 'd7a8aa59-c37b-5b19-b34c-b0ad85c094bb', 'Standard Range', '60 kW Motor', 'AUTOMATIC', 'ELECTRIC', 'Midnight Blue', '#1E3A5F', 1850000, 3, 'CAR-BAW-PONY-STANDARD-RANGE-MIDNIGHT-BLUE', TRUE) ON CONFLICT (sku) DO NOTHING;
INSERT INTO products (id, type, name, slug, price, compare_at_price, stock, sku, thumbnail_url, is_featured, is_active, car_model_id, car_variant_id, part_id, created_at, updated_at) VALUES ('1728721a-47e0-5000-a5a2-dbca087e64fa', 'CAR', 'BAW Pony Standard Range — Midnight Blue', 'baw-pony-standard-range-midnight-blue', 1850000, NULL, 3, 'PROD-CAR-BAW-PONY-STANDARD-RANGE-MIDNIGHT-BLUE', 'https://images.pexels.com/photos/3861969/pexels-photo-3861969.jpeg?auto=compress&cs=tinysrgb&w=1920&h=1080&fit=crop&q=85', FALSE, TRUE, 'd7a8aa59-c37b-5b19-b34c-b0ad85c094bb', '5fff48a1-2748-5b10-b40e-b831af34e9fc', NULL, '2026-07-03T00:00:00.000Z'::timestamp, '2026-07-03T00:00:00.000Z'::timestamp) ON CONFLICT (slug) DO NOTHING;
INSERT INTO product_images (id, product_id, url, alt, sort_order) VALUES ('390f43c9-d268-5784-9a98-a2726e477794', '1728721a-47e0-5000-a5a2-dbca087e64fa', 'https://images.pexels.com/photos/3861969/pexels-photo-3861969.jpeg?auto=compress&cs=tinysrgb&w=1920&h=1080&fit=crop&q=85', 'BAW Pony Standard Range — Midnight Blue', 0) ON CONFLICT DO NOTHING;
INSERT INTO car_variants (id, car_model_id, trim, engine, transmission, fuel_type, color, color_hex, price, stock, sku, is_active) VALUES ('b4f967ef-4d6f-5c20-823b-27c0f07aaf22', 'd7a8aa59-c37b-5b19-b34c-b0ad85c094bb', 'Long Range', '100 kW Motor', 'AUTOMATIC', 'ELECTRIC', 'Arctic White', '#F8FAFC', 2200000, 3, 'CAR-BAW-PONY-LONG-RANGE-ARCTIC-WHITE', TRUE) ON CONFLICT (sku) DO NOTHING;
INSERT INTO products (id, type, name, slug, price, compare_at_price, stock, sku, thumbnail_url, is_featured, is_active, car_model_id, car_variant_id, part_id, created_at, updated_at) VALUES ('5e21dc0f-20ac-5ffe-a81a-228544ba4acd', 'CAR', 'BAW Pony Long Range — Arctic White', 'baw-pony-long-range-arctic-white', 2200000, NULL, 3, 'PROD-CAR-BAW-PONY-LONG-RANGE-ARCTIC-WHITE', 'https://images.pexels.com/photos/3861969/pexels-photo-3861969.jpeg?auto=compress&cs=tinysrgb&w=1920&h=1080&fit=crop&q=85', TRUE, TRUE, 'd7a8aa59-c37b-5b19-b34c-b0ad85c094bb', 'b4f967ef-4d6f-5c20-823b-27c0f07aaf22', NULL, '2026-07-03T00:00:00.000Z'::timestamp, '2026-07-03T00:00:00.000Z'::timestamp) ON CONFLICT (slug) DO NOTHING;
INSERT INTO product_images (id, product_id, url, alt, sort_order) VALUES ('94ea07fd-03a8-591d-846b-88ab2c820292', '5e21dc0f-20ac-5ffe-a81a-228544ba4acd', 'https://images.pexels.com/photos/3861969/pexels-photo-3861969.jpeg?auto=compress&cs=tinysrgb&w=1920&h=1080&fit=crop&q=85', 'BAW Pony Long Range — Arctic White', 0) ON CONFLICT DO NOTHING;
INSERT INTO car_variants (id, car_model_id, trim, engine, transmission, fuel_type, color, color_hex, price, stock, sku, is_active) VALUES ('2f9674c2-b7d3-54ff-831f-7b1d6aee3257', 'd7a8aa59-c37b-5b19-b34c-b0ad85c094bb', 'Long Range', '100 kW Motor', 'AUTOMATIC', 'ELECTRIC', 'Midnight Blue', '#1E3A5F', 2200000, 3, 'CAR-BAW-PONY-LONG-RANGE-MIDNIGHT-BLUE', TRUE) ON CONFLICT (sku) DO NOTHING;
INSERT INTO products (id, type, name, slug, price, compare_at_price, stock, sku, thumbnail_url, is_featured, is_active, car_model_id, car_variant_id, part_id, created_at, updated_at) VALUES ('21899e21-605b-570d-81f9-1be6aca433f6', 'CAR', 'BAW Pony Long Range — Midnight Blue', 'baw-pony-long-range-midnight-blue', 2200000, NULL, 3, 'PROD-CAR-BAW-PONY-LONG-RANGE-MIDNIGHT-BLUE', 'https://images.pexels.com/photos/3861969/pexels-photo-3861969.jpeg?auto=compress&cs=tinysrgb&w=1920&h=1080&fit=crop&q=85', TRUE, TRUE, 'd7a8aa59-c37b-5b19-b34c-b0ad85c094bb', '2f9674c2-b7d3-54ff-831f-7b1d6aee3257', NULL, '2026-07-03T00:00:00.000Z'::timestamp, '2026-07-03T00:00:00.000Z'::timestamp) ON CONFLICT (slug) DO NOTHING;
INSERT INTO product_images (id, product_id, url, alt, sort_order) VALUES ('762ea7f3-d3e2-5be4-8b80-0ac77e90404a', '21899e21-605b-570d-81f9-1be6aca433f6', 'https://images.pexels.com/photos/3861969/pexels-photo-3861969.jpeg?auto=compress&cs=tinysrgb&w=1920&h=1080&fit=crop&q=85', 'BAW Pony Long Range — Midnight Blue', 0) ON CONFLICT DO NOTHING;
INSERT INTO car_models (id, brand_id, name, slug, year_from, year_to, body_type, hero_image_url, video_url, model_3d_url, base_price, description, description_bn, is_active, created_at) VALUES ('48d11736-9500-5fd9-b319-f428fcc4df40', '24d12c94-5048-5f26-b57b-1caae4aff1fb', 'EC3', 'ec3', 2023, 2026, 'SEDAN', 'https://images.pexels.com/photos/7777107/pexels-photo-7777107.jpeg?auto=compress&cs=tinysrgb&w=1920&h=1080&fit=crop&q=85', 'https://customer-abc123.cloudflarestream.com/baw-ec3/manifest/video.m3u8', 'https://res.cloudinary.com/demo/raw/upload/v1699000000/models/baw-ec3.glb', 2450000, 'The BAW EC3 is a practical electric sedan for families and corporate fleets. Spacious 5-seat cabin, 450-litre boot, and smooth single-speed transmission. 120 kW motor delivers brisk city acceleration; Long Range battery option reaches 320 km WLTP. Regenerative braking with one-pedal mode reduces brake wear. 6-year battery warranty and AutoHub BD EV service network support.', 'BAW EC3 — ৫-সিট ইলেকট্রিক সেডান, ৩২০ km রেঞ্জ, ৬ বছর ব্যাটারি ওয়ারেন্টি।', TRUE, '2026-07-03T00:00:00.000Z'::timestamp) ON CONFLICT (brand_id, slug) DO NOTHING;
INSERT INTO car_model_images (id, car_model_id, url, alt, sort_order) VALUES ('1aebf291-c6c7-5bc7-ab54-111ad419add2', '48d11736-9500-5fd9-b319-f428fcc4df40', 'https://images.pexels.com/photos/7777107/pexels-photo-7777107.jpeg?auto=compress&cs=tinysrgb&w=1920&h=1080&fit=crop&q=85', 'EC3 view 1', 0) ON CONFLICT DO NOTHING;
INSERT INTO car_model_images (id, car_model_id, url, alt, sort_order) VALUES ('0e2c6bd7-aef0-5726-838a-f49318f5f3cb', '48d11736-9500-5fd9-b319-f428fcc4df40', 'https://images.pexels.com/photos/7777107/pexels-photo-7777107.jpeg?auto=compress&cs=tinysrgb&w=1920&h=1080&fit=crop&q=85', 'EC3 view 2', 1) ON CONFLICT DO NOTHING;
INSERT INTO car_model_images (id, car_model_id, url, alt, sort_order) VALUES ('a2c557de-477f-58f7-a760-11bd84bcf4de', '48d11736-9500-5fd9-b319-f428fcc4df40', 'https://images.pexels.com/photos/7777107/pexels-photo-7777107.jpeg?auto=compress&cs=tinysrgb&w=1920&h=1080&fit=crop&q=85', 'EC3 view 3', 2) ON CONFLICT DO NOTHING;
INSERT INTO car_variants (id, car_model_id, trim, engine, transmission, fuel_type, color, color_hex, price, stock, sku, is_active) VALUES ('eb025438-37ac-51fb-8811-a0905d3a3825', '48d11736-9500-5fd9-b319-f428fcc4df40', 'Standard Range', '60 kW Motor', 'AUTOMATIC', 'ELECTRIC', 'Arctic White', '#F8FAFC', 2450000, 3, 'CAR-BAW-EC3-STANDARD-RANGE-ARCTIC-WHITE', TRUE) ON CONFLICT (sku) DO NOTHING;
INSERT INTO products (id, type, name, slug, price, compare_at_price, stock, sku, thumbnail_url, is_featured, is_active, car_model_id, car_variant_id, part_id, created_at, updated_at) VALUES ('d89baa02-0d0f-5737-8536-22f738104037', 'CAR', 'BAW EC3 Standard Range — Arctic White', 'baw-ec3-standard-range-arctic-white', 2450000, NULL, 3, 'PROD-CAR-BAW-EC3-STANDARD-RANGE-ARCTIC-WHITE', 'https://images.pexels.com/photos/7777107/pexels-photo-7777107.jpeg?auto=compress&cs=tinysrgb&w=1920&h=1080&fit=crop&q=85', FALSE, TRUE, '48d11736-9500-5fd9-b319-f428fcc4df40', 'eb025438-37ac-51fb-8811-a0905d3a3825', NULL, '2026-07-03T00:00:00.000Z'::timestamp, '2026-07-03T00:00:00.000Z'::timestamp) ON CONFLICT (slug) DO NOTHING;
INSERT INTO product_images (id, product_id, url, alt, sort_order) VALUES ('b74cfa57-a483-5a14-9294-bb6a46661c52', 'd89baa02-0d0f-5737-8536-22f738104037', 'https://images.pexels.com/photos/7777107/pexels-photo-7777107.jpeg?auto=compress&cs=tinysrgb&w=1920&h=1080&fit=crop&q=85', 'BAW EC3 Standard Range — Arctic White', 0) ON CONFLICT DO NOTHING;
INSERT INTO car_variants (id, car_model_id, trim, engine, transmission, fuel_type, color, color_hex, price, stock, sku, is_active) VALUES ('d8e48485-d16a-59d3-9a76-b06e0a23a74a', '48d11736-9500-5fd9-b319-f428fcc4df40', 'Standard Range', '60 kW Motor', 'AUTOMATIC', 'ELECTRIC', 'Midnight Blue', '#1E3A5F', 2450000, 3, 'CAR-BAW-EC3-STANDARD-RANGE-MIDNIGHT-BLUE', TRUE) ON CONFLICT (sku) DO NOTHING;
INSERT INTO products (id, type, name, slug, price, compare_at_price, stock, sku, thumbnail_url, is_featured, is_active, car_model_id, car_variant_id, part_id, created_at, updated_at) VALUES ('067069c1-f87b-5a20-9187-73b061e135bd', 'CAR', 'BAW EC3 Standard Range — Midnight Blue', 'baw-ec3-standard-range-midnight-blue', 2450000, NULL, 3, 'PROD-CAR-BAW-EC3-STANDARD-RANGE-MIDNIGHT-BLUE', 'https://images.pexels.com/photos/7777107/pexels-photo-7777107.jpeg?auto=compress&cs=tinysrgb&w=1920&h=1080&fit=crop&q=85', FALSE, TRUE, '48d11736-9500-5fd9-b319-f428fcc4df40', 'd8e48485-d16a-59d3-9a76-b06e0a23a74a', NULL, '2026-07-03T00:00:00.000Z'::timestamp, '2026-07-03T00:00:00.000Z'::timestamp) ON CONFLICT (slug) DO NOTHING;
INSERT INTO product_images (id, product_id, url, alt, sort_order) VALUES ('5c041a0e-117e-5c79-8f2c-2b5be8c76e81', '067069c1-f87b-5a20-9187-73b061e135bd', 'https://images.pexels.com/photos/7777107/pexels-photo-7777107.jpeg?auto=compress&cs=tinysrgb&w=1920&h=1080&fit=crop&q=85', 'BAW EC3 Standard Range — Midnight Blue', 0) ON CONFLICT DO NOTHING;
INSERT INTO car_variants (id, car_model_id, trim, engine, transmission, fuel_type, color, color_hex, price, stock, sku, is_active) VALUES ('5f6a3d9c-eadf-5ebf-809a-f6054b17a42f', '48d11736-9500-5fd9-b319-f428fcc4df40', 'Long Range', '100 kW Motor', 'AUTOMATIC', 'ELECTRIC', 'Arctic White', '#F8FAFC', 2800000, 3, 'CAR-BAW-EC3-LONG-RANGE-ARCTIC-WHITE', TRUE) ON CONFLICT (sku) DO NOTHING;
INSERT INTO products (id, type, name, slug, price, compare_at_price, stock, sku, thumbnail_url, is_featured, is_active, car_model_id, car_variant_id, part_id, created_at, updated_at) VALUES ('50169616-1d3d-57fa-b7b3-400e08267fef', 'CAR', 'BAW EC3 Long Range — Arctic White', 'baw-ec3-long-range-arctic-white', 2800000, NULL, 3, 'PROD-CAR-BAW-EC3-LONG-RANGE-ARCTIC-WHITE', 'https://images.pexels.com/photos/7777107/pexels-photo-7777107.jpeg?auto=compress&cs=tinysrgb&w=1920&h=1080&fit=crop&q=85', FALSE, TRUE, '48d11736-9500-5fd9-b319-f428fcc4df40', '5f6a3d9c-eadf-5ebf-809a-f6054b17a42f', NULL, '2026-07-03T00:00:00.000Z'::timestamp, '2026-07-03T00:00:00.000Z'::timestamp) ON CONFLICT (slug) DO NOTHING;
INSERT INTO product_images (id, product_id, url, alt, sort_order) VALUES ('30249187-c698-53dd-9bef-89dcf1290525', '50169616-1d3d-57fa-b7b3-400e08267fef', 'https://images.pexels.com/photos/7777107/pexels-photo-7777107.jpeg?auto=compress&cs=tinysrgb&w=1920&h=1080&fit=crop&q=85', 'BAW EC3 Long Range — Arctic White', 0) ON CONFLICT DO NOTHING;
INSERT INTO car_variants (id, car_model_id, trim, engine, transmission, fuel_type, color, color_hex, price, stock, sku, is_active) VALUES ('10c561ab-3364-5031-8289-98e2c07f0fda', '48d11736-9500-5fd9-b319-f428fcc4df40', 'Long Range', '100 kW Motor', 'AUTOMATIC', 'ELECTRIC', 'Midnight Blue', '#1E3A5F', 2800000, 3, 'CAR-BAW-EC3-LONG-RANGE-MIDNIGHT-BLUE', TRUE) ON CONFLICT (sku) DO NOTHING;
INSERT INTO products (id, type, name, slug, price, compare_at_price, stock, sku, thumbnail_url, is_featured, is_active, car_model_id, car_variant_id, part_id, created_at, updated_at) VALUES ('a6369976-0152-5ee6-b0dd-d993d2ca7a55', 'CAR', 'BAW EC3 Long Range — Midnight Blue', 'baw-ec3-long-range-midnight-blue', 2800000, NULL, 3, 'PROD-CAR-BAW-EC3-LONG-RANGE-MIDNIGHT-BLUE', 'https://images.pexels.com/photos/7777107/pexels-photo-7777107.jpeg?auto=compress&cs=tinysrgb&w=1920&h=1080&fit=crop&q=85', FALSE, TRUE, '48d11736-9500-5fd9-b319-f428fcc4df40', '10c561ab-3364-5031-8289-98e2c07f0fda', NULL, '2026-07-03T00:00:00.000Z'::timestamp, '2026-07-03T00:00:00.000Z'::timestamp) ON CONFLICT (slug) DO NOTHING;
INSERT INTO product_images (id, product_id, url, alt, sort_order) VALUES ('f4946cf2-2b86-53c3-aaa7-978ba8593c5d', 'a6369976-0152-5ee6-b0dd-d993d2ca7a55', 'https://images.pexels.com/photos/7777107/pexels-photo-7777107.jpeg?auto=compress&cs=tinysrgb&w=1920&h=1080&fit=crop&q=85', 'BAW EC3 Long Range — Midnight Blue', 0) ON CONFLICT DO NOTHING;
INSERT INTO car_models (id, brand_id, name, slug, year_from, year_to, body_type, hero_image_url, video_url, model_3d_url, base_price, description, description_bn, is_active, created_at) VALUES ('eeb8a6e2-8c47-5813-8f74-9bc802e7a1c0', '24d12c94-5048-5f26-b57b-1caae4aff1fb', 'EU5', 'eu5', 2024, 2026, 'SUV', 'https://images.pexels.com/photos/3807277/pexels-photo-3807277.jpeg?auto=compress&cs=tinysrgb&w=1920&h=1080&fit=crop&q=85', 'https://customer-abc123.cloudflarestream.com/baw-eu5/manifest/video.m3u8', 'https://res.cloudinary.com/demo/raw/upload/v1699000000/models/baw-eu5.glb', 3200000, 'The BAW EU5 electric SUV combines raised seating position with zero-emission driving. 150 kW dual-mode motor, 65 kWh battery pack, and 380 km combined range. 180 mm ground clearance handles monsoon road conditions. Panoramic glass roof, 10" connected infotainment, and V2L (vehicle-to-load) power export for camping or emergency backup. Fastest-growing EV segment choice in Dhaka.', 'BAW EU5 — ইলেকট্রিক SUV, ৩৮০ km রেঞ্জ, V2L পাওয়ার এক্সপোর্ট।', TRUE, '2026-07-03T00:00:00.000Z'::timestamp) ON CONFLICT (brand_id, slug) DO NOTHING;
INSERT INTO car_model_images (id, car_model_id, url, alt, sort_order) VALUES ('f9604a11-fc17-5398-ab09-a236a35b8fe4', 'eeb8a6e2-8c47-5813-8f74-9bc802e7a1c0', 'https://images.pexels.com/photos/3807277/pexels-photo-3807277.jpeg?auto=compress&cs=tinysrgb&w=1920&h=1080&fit=crop&q=85', 'EU5 view 1', 0) ON CONFLICT DO NOTHING;
INSERT INTO car_model_images (id, car_model_id, url, alt, sort_order) VALUES ('517c341d-5311-529e-842a-5984e8a798ea', 'eeb8a6e2-8c47-5813-8f74-9bc802e7a1c0', 'https://images.pexels.com/photos/3807277/pexels-photo-3807277.jpeg?auto=compress&cs=tinysrgb&w=1920&h=1080&fit=crop&q=85', 'EU5 view 2', 1) ON CONFLICT DO NOTHING;
INSERT INTO car_model_images (id, car_model_id, url, alt, sort_order) VALUES ('e738bdf5-25bd-583f-a88a-7d6ac6ee8da4', 'eeb8a6e2-8c47-5813-8f74-9bc802e7a1c0', 'https://images.pexels.com/photos/3807277/pexels-photo-3807277.jpeg?auto=compress&cs=tinysrgb&w=1920&h=1080&fit=crop&q=85', 'EU5 view 3', 2) ON CONFLICT DO NOTHING;
INSERT INTO car_variants (id, car_model_id, trim, engine, transmission, fuel_type, color, color_hex, price, stock, sku, is_active) VALUES ('3d071890-6622-5bc1-ae17-352ca6af4c6b', 'eeb8a6e2-8c47-5813-8f74-9bc802e7a1c0', 'Standard Range', '60 kW Motor', 'AUTOMATIC', 'ELECTRIC', 'Arctic White', '#F8FAFC', 3200000, 3, 'CAR-BAW-EU5-STANDARD-RANGE-ARCTIC-WHITE', TRUE) ON CONFLICT (sku) DO NOTHING;
INSERT INTO products (id, type, name, slug, price, compare_at_price, stock, sku, thumbnail_url, is_featured, is_active, car_model_id, car_variant_id, part_id, created_at, updated_at) VALUES ('e438f0a0-9e14-5ac0-bd34-e3a0e9c7d916', 'CAR', 'BAW EU5 Standard Range — Arctic White', 'baw-eu5-standard-range-arctic-white', 3200000, NULL, 3, 'PROD-CAR-BAW-EU5-STANDARD-RANGE-ARCTIC-WHITE', 'https://images.pexels.com/photos/3807277/pexels-photo-3807277.jpeg?auto=compress&cs=tinysrgb&w=1920&h=1080&fit=crop&q=85', FALSE, TRUE, 'eeb8a6e2-8c47-5813-8f74-9bc802e7a1c0', '3d071890-6622-5bc1-ae17-352ca6af4c6b', NULL, '2026-07-03T00:00:00.000Z'::timestamp, '2026-07-03T00:00:00.000Z'::timestamp) ON CONFLICT (slug) DO NOTHING;
INSERT INTO product_images (id, product_id, url, alt, sort_order) VALUES ('d1602345-0d11-5dd0-89f2-4324ed3e6eb1', 'e438f0a0-9e14-5ac0-bd34-e3a0e9c7d916', 'https://images.pexels.com/photos/3807277/pexels-photo-3807277.jpeg?auto=compress&cs=tinysrgb&w=1920&h=1080&fit=crop&q=85', 'BAW EU5 Standard Range — Arctic White', 0) ON CONFLICT DO NOTHING;
INSERT INTO car_variants (id, car_model_id, trim, engine, transmission, fuel_type, color, color_hex, price, stock, sku, is_active) VALUES ('7a6c0e17-e2f5-5586-8cb4-940c23c0301d', 'eeb8a6e2-8c47-5813-8f74-9bc802e7a1c0', 'Standard Range', '60 kW Motor', 'AUTOMATIC', 'ELECTRIC', 'Midnight Blue', '#1E3A5F', 3200000, 3, 'CAR-BAW-EU5-STANDARD-RANGE-MIDNIGHT-BLUE', TRUE) ON CONFLICT (sku) DO NOTHING;
INSERT INTO products (id, type, name, slug, price, compare_at_price, stock, sku, thumbnail_url, is_featured, is_active, car_model_id, car_variant_id, part_id, created_at, updated_at) VALUES ('96572f48-ae55-58c6-89e9-aa5553086628', 'CAR', 'BAW EU5 Standard Range — Midnight Blue', 'baw-eu5-standard-range-midnight-blue', 3200000, NULL, 3, 'PROD-CAR-BAW-EU5-STANDARD-RANGE-MIDNIGHT-BLUE', 'https://images.pexels.com/photos/3807277/pexels-photo-3807277.jpeg?auto=compress&cs=tinysrgb&w=1920&h=1080&fit=crop&q=85', FALSE, TRUE, 'eeb8a6e2-8c47-5813-8f74-9bc802e7a1c0', '7a6c0e17-e2f5-5586-8cb4-940c23c0301d', NULL, '2026-07-03T00:00:00.000Z'::timestamp, '2026-07-03T00:00:00.000Z'::timestamp) ON CONFLICT (slug) DO NOTHING;
INSERT INTO product_images (id, product_id, url, alt, sort_order) VALUES ('84fc4167-2384-5b8e-a3dc-c37f1632b9b1', '96572f48-ae55-58c6-89e9-aa5553086628', 'https://images.pexels.com/photos/3807277/pexels-photo-3807277.jpeg?auto=compress&cs=tinysrgb&w=1920&h=1080&fit=crop&q=85', 'BAW EU5 Standard Range — Midnight Blue', 0) ON CONFLICT DO NOTHING;
INSERT INTO car_variants (id, car_model_id, trim, engine, transmission, fuel_type, color, color_hex, price, stock, sku, is_active) VALUES ('3c66ee2b-d5cf-520e-8342-fbbcf3233b08', 'eeb8a6e2-8c47-5813-8f74-9bc802e7a1c0', 'Long Range', '100 kW Motor', 'AUTOMATIC', 'ELECTRIC', 'Arctic White', '#F8FAFC', 3550000, 3, 'CAR-BAW-EU5-LONG-RANGE-ARCTIC-WHITE', TRUE) ON CONFLICT (sku) DO NOTHING;
INSERT INTO products (id, type, name, slug, price, compare_at_price, stock, sku, thumbnail_url, is_featured, is_active, car_model_id, car_variant_id, part_id, created_at, updated_at) VALUES ('08ccda6f-6cf1-55c8-b5ed-43d32d38a48a', 'CAR', 'BAW EU5 Long Range — Arctic White', 'baw-eu5-long-range-arctic-white', 3550000, NULL, 3, 'PROD-CAR-BAW-EU5-LONG-RANGE-ARCTIC-WHITE', 'https://images.pexels.com/photos/3807277/pexels-photo-3807277.jpeg?auto=compress&cs=tinysrgb&w=1920&h=1080&fit=crop&q=85', TRUE, TRUE, 'eeb8a6e2-8c47-5813-8f74-9bc802e7a1c0', '3c66ee2b-d5cf-520e-8342-fbbcf3233b08', NULL, '2026-07-03T00:00:00.000Z'::timestamp, '2026-07-03T00:00:00.000Z'::timestamp) ON CONFLICT (slug) DO NOTHING;
INSERT INTO product_images (id, product_id, url, alt, sort_order) VALUES ('751c1e0f-809f-57ac-b6c9-8fa032b77b65', '08ccda6f-6cf1-55c8-b5ed-43d32d38a48a', 'https://images.pexels.com/photos/3807277/pexels-photo-3807277.jpeg?auto=compress&cs=tinysrgb&w=1920&h=1080&fit=crop&q=85', 'BAW EU5 Long Range — Arctic White', 0) ON CONFLICT DO NOTHING;
INSERT INTO car_variants (id, car_model_id, trim, engine, transmission, fuel_type, color, color_hex, price, stock, sku, is_active) VALUES ('94a8f26a-4eb4-5db2-acdd-a5f5995bc54e', 'eeb8a6e2-8c47-5813-8f74-9bc802e7a1c0', 'Long Range', '100 kW Motor', 'AUTOMATIC', 'ELECTRIC', 'Midnight Blue', '#1E3A5F', 3550000, 3, 'CAR-BAW-EU5-LONG-RANGE-MIDNIGHT-BLUE', TRUE) ON CONFLICT (sku) DO NOTHING;
INSERT INTO products (id, type, name, slug, price, compare_at_price, stock, sku, thumbnail_url, is_featured, is_active, car_model_id, car_variant_id, part_id, created_at, updated_at) VALUES ('c69f9ee1-2c28-55ea-aff5-63d0c74048b5', 'CAR', 'BAW EU5 Long Range — Midnight Blue', 'baw-eu5-long-range-midnight-blue', 3550000, NULL, 3, 'PROD-CAR-BAW-EU5-LONG-RANGE-MIDNIGHT-BLUE', 'https://images.pexels.com/photos/3807277/pexels-photo-3807277.jpeg?auto=compress&cs=tinysrgb&w=1920&h=1080&fit=crop&q=85', TRUE, TRUE, 'eeb8a6e2-8c47-5813-8f74-9bc802e7a1c0', '94a8f26a-4eb4-5db2-acdd-a5f5995bc54e', NULL, '2026-07-03T00:00:00.000Z'::timestamp, '2026-07-03T00:00:00.000Z'::timestamp) ON CONFLICT (slug) DO NOTHING;
INSERT INTO product_images (id, product_id, url, alt, sort_order) VALUES ('1e3e9f6a-f8ef-5297-a49d-1d02f379f88d', 'c69f9ee1-2c28-55ea-aff5-63d0c74048b5', 'https://images.pexels.com/photos/3807277/pexels-photo-3807277.jpeg?auto=compress&cs=tinysrgb&w=1920&h=1080&fit=crop&q=85', 'BAW EU5 Long Range — Midnight Blue', 0) ON CONFLICT DO NOTHING;
INSERT INTO car_models (id, brand_id, name, slug, year_from, year_to, body_type, hero_image_url, video_url, model_3d_url, base_price, description, description_bn, is_active, created_at) VALUES ('0d3a430a-f26e-50f7-9420-77fc7bb91877', '24d12c94-5048-5f26-b57b-1caae4aff1fb', 'EV6 Cargo', 'ev6-cargo', 2023, 2026, 'VAN', 'https://images.pexels.com/photos/6476589/pexels-photo-6476589.jpeg?auto=compress&cs=tinysrgb&w=1920&h=1080&fit=crop&q=85', 'https://customer-abc123.cloudflarestream.com/baw-ev6-cargo/manifest/video.m3u8', NULL, 2650000, 'The BAW EV6 Cargo is a commercial electric van for last-mile delivery and small business logistics. 1,200 kg payload capacity, sliding side door, and 220 km range optimized for city routes. Ultra-low running cost vs diesel hiace — ideal for e-commerce and pharmacy delivery fleets. AC fast charge compatible; eligible for green fleet incentives. AutoHub BD offers fleet pricing and bulk charging setup consultation.', 'BAW EV6 কার্গো — ইলেকট্রিক কমার্শিয়াল ভ্যান, ১২০০ kg পে-লোড, ফ্লিট ডেলিভারির জন্য।', TRUE, '2026-07-03T00:00:00.000Z'::timestamp) ON CONFLICT (brand_id, slug) DO NOTHING;
INSERT INTO car_model_images (id, car_model_id, url, alt, sort_order) VALUES ('d7bc6a2d-25b7-57b0-9c46-9b2d7471ba95', '0d3a430a-f26e-50f7-9420-77fc7bb91877', 'https://images.pexels.com/photos/6476589/pexels-photo-6476589.jpeg?auto=compress&cs=tinysrgb&w=1920&h=1080&fit=crop&q=85', 'EV6 Cargo view 1', 0) ON CONFLICT DO NOTHING;
INSERT INTO car_model_images (id, car_model_id, url, alt, sort_order) VALUES ('3f92657a-c1db-5406-b441-15513e977c9e', '0d3a430a-f26e-50f7-9420-77fc7bb91877', 'https://images.pexels.com/photos/6476589/pexels-photo-6476589.jpeg?auto=compress&cs=tinysrgb&w=1920&h=1080&fit=crop&q=85', 'EV6 Cargo view 2', 1) ON CONFLICT DO NOTHING;
INSERT INTO car_model_images (id, car_model_id, url, alt, sort_order) VALUES ('fd3eef41-3290-58b1-86b8-c2cc762d1f06', '0d3a430a-f26e-50f7-9420-77fc7bb91877', 'https://images.pexels.com/photos/6476589/pexels-photo-6476589.jpeg?auto=compress&cs=tinysrgb&w=1920&h=1080&fit=crop&q=85', 'EV6 Cargo view 3', 2) ON CONFLICT DO NOTHING;
INSERT INTO car_variants (id, car_model_id, trim, engine, transmission, fuel_type, color, color_hex, price, stock, sku, is_active) VALUES ('b579e6ca-55d1-5e35-ab28-ca237151ee7f', '0d3a430a-f26e-50f7-9420-77fc7bb91877', 'Standard Range', '60 kW Motor', 'AUTOMATIC', 'ELECTRIC', 'Arctic White', '#F8FAFC', 2650000, 3, 'CAR-BAW-EV6-CARGO-STANDARD-RANGE-ARCTIC-WHITE', TRUE) ON CONFLICT (sku) DO NOTHING;
INSERT INTO products (id, type, name, slug, price, compare_at_price, stock, sku, thumbnail_url, is_featured, is_active, car_model_id, car_variant_id, part_id, created_at, updated_at) VALUES ('44a15c6c-900c-5907-9966-7bc10bb139bc', 'CAR', 'BAW EV6 Cargo Standard Range — Arctic White', 'baw-ev6-cargo-standard-range-arctic-white', 2650000, NULL, 3, 'PROD-CAR-BAW-EV6-CARGO-STANDARD-RANGE-ARCTIC-WHITE', 'https://images.pexels.com/photos/6476589/pexels-photo-6476589.jpeg?auto=compress&cs=tinysrgb&w=1920&h=1080&fit=crop&q=85', FALSE, TRUE, '0d3a430a-f26e-50f7-9420-77fc7bb91877', 'b579e6ca-55d1-5e35-ab28-ca237151ee7f', NULL, '2026-07-03T00:00:00.000Z'::timestamp, '2026-07-03T00:00:00.000Z'::timestamp) ON CONFLICT (slug) DO NOTHING;
INSERT INTO product_images (id, product_id, url, alt, sort_order) VALUES ('0edea1a1-75a8-5b1b-9ef5-40bcd877b0d6', '44a15c6c-900c-5907-9966-7bc10bb139bc', 'https://images.pexels.com/photos/6476589/pexels-photo-6476589.jpeg?auto=compress&cs=tinysrgb&w=1920&h=1080&fit=crop&q=85', 'BAW EV6 Cargo Standard Range — Arctic White', 0) ON CONFLICT DO NOTHING;
INSERT INTO car_variants (id, car_model_id, trim, engine, transmission, fuel_type, color, color_hex, price, stock, sku, is_active) VALUES ('4bc6877e-0b55-5c61-8a12-a8b08fe42a02', '0d3a430a-f26e-50f7-9420-77fc7bb91877', 'Standard Range', '60 kW Motor', 'AUTOMATIC', 'ELECTRIC', 'Midnight Blue', '#1E3A5F', 2650000, 3, 'CAR-BAW-EV6-CARGO-STANDARD-RANGE-MIDNIGHT-BLUE', TRUE) ON CONFLICT (sku) DO NOTHING;
INSERT INTO products (id, type, name, slug, price, compare_at_price, stock, sku, thumbnail_url, is_featured, is_active, car_model_id, car_variant_id, part_id, created_at, updated_at) VALUES ('bb1f3c2c-7ee8-506a-a013-e7bac64e2bb1', 'CAR', 'BAW EV6 Cargo Standard Range — Midnight Blue', 'baw-ev6-cargo-standard-range-midnight-blue', 2650000, NULL, 3, 'PROD-CAR-BAW-EV6-CARGO-STANDARD-RANGE-MIDNIGHT-BLUE', 'https://images.pexels.com/photos/6476589/pexels-photo-6476589.jpeg?auto=compress&cs=tinysrgb&w=1920&h=1080&fit=crop&q=85', FALSE, TRUE, '0d3a430a-f26e-50f7-9420-77fc7bb91877', '4bc6877e-0b55-5c61-8a12-a8b08fe42a02', NULL, '2026-07-03T00:00:00.000Z'::timestamp, '2026-07-03T00:00:00.000Z'::timestamp) ON CONFLICT (slug) DO NOTHING;
INSERT INTO product_images (id, product_id, url, alt, sort_order) VALUES ('ba098329-942d-59ae-b239-55c9d7bd31ed', 'bb1f3c2c-7ee8-506a-a013-e7bac64e2bb1', 'https://images.pexels.com/photos/6476589/pexels-photo-6476589.jpeg?auto=compress&cs=tinysrgb&w=1920&h=1080&fit=crop&q=85', 'BAW EV6 Cargo Standard Range — Midnight Blue', 0) ON CONFLICT DO NOTHING;
INSERT INTO car_variants (id, car_model_id, trim, engine, transmission, fuel_type, color, color_hex, price, stock, sku, is_active) VALUES ('88a7d5f1-4ac0-55d0-8c16-f7936ae4994e', '0d3a430a-f26e-50f7-9420-77fc7bb91877', 'Long Range', '100 kW Motor', 'AUTOMATIC', 'ELECTRIC', 'Arctic White', '#F8FAFC', 3000000, 3, 'CAR-BAW-EV6-CARGO-LONG-RANGE-ARCTIC-WHITE', TRUE) ON CONFLICT (sku) DO NOTHING;
INSERT INTO products (id, type, name, slug, price, compare_at_price, stock, sku, thumbnail_url, is_featured, is_active, car_model_id, car_variant_id, part_id, created_at, updated_at) VALUES ('6dceff7e-c66c-5329-992a-f4dcb6874000', 'CAR', 'BAW EV6 Cargo Long Range — Arctic White', 'baw-ev6-cargo-long-range-arctic-white', 3000000, NULL, 3, 'PROD-CAR-BAW-EV6-CARGO-LONG-RANGE-ARCTIC-WHITE', 'https://images.pexels.com/photos/6476589/pexels-photo-6476589.jpeg?auto=compress&cs=tinysrgb&w=1920&h=1080&fit=crop&q=85', FALSE, TRUE, '0d3a430a-f26e-50f7-9420-77fc7bb91877', '88a7d5f1-4ac0-55d0-8c16-f7936ae4994e', NULL, '2026-07-03T00:00:00.000Z'::timestamp, '2026-07-03T00:00:00.000Z'::timestamp) ON CONFLICT (slug) DO NOTHING;
INSERT INTO product_images (id, product_id, url, alt, sort_order) VALUES ('bfcadb5c-699f-5b9e-90fb-d251a0bd37d2', '6dceff7e-c66c-5329-992a-f4dcb6874000', 'https://images.pexels.com/photos/6476589/pexels-photo-6476589.jpeg?auto=compress&cs=tinysrgb&w=1920&h=1080&fit=crop&q=85', 'BAW EV6 Cargo Long Range — Arctic White', 0) ON CONFLICT DO NOTHING;
INSERT INTO car_variants (id, car_model_id, trim, engine, transmission, fuel_type, color, color_hex, price, stock, sku, is_active) VALUES ('4a0edce4-d9f5-5876-8bcf-8a805a95e0fa', '0d3a430a-f26e-50f7-9420-77fc7bb91877', 'Long Range', '100 kW Motor', 'AUTOMATIC', 'ELECTRIC', 'Midnight Blue', '#1E3A5F', 3000000, 3, 'CAR-BAW-EV6-CARGO-LONG-RANGE-MIDNIGHT-BLUE', TRUE) ON CONFLICT (sku) DO NOTHING;
INSERT INTO products (id, type, name, slug, price, compare_at_price, stock, sku, thumbnail_url, is_featured, is_active, car_model_id, car_variant_id, part_id, created_at, updated_at) VALUES ('f8a5c85d-db9d-5d7d-8057-231fb1f137de', 'CAR', 'BAW EV6 Cargo Long Range — Midnight Blue', 'baw-ev6-cargo-long-range-midnight-blue', 3000000, NULL, 3, 'PROD-CAR-BAW-EV6-CARGO-LONG-RANGE-MIDNIGHT-BLUE', 'https://images.pexels.com/photos/6476589/pexels-photo-6476589.jpeg?auto=compress&cs=tinysrgb&w=1920&h=1080&fit=crop&q=85', FALSE, TRUE, '0d3a430a-f26e-50f7-9420-77fc7bb91877', '4a0edce4-d9f5-5876-8bcf-8a805a95e0fa', NULL, '2026-07-03T00:00:00.000Z'::timestamp, '2026-07-03T00:00:00.000Z'::timestamp) ON CONFLICT (slug) DO NOTHING;
INSERT INTO product_images (id, product_id, url, alt, sort_order) VALUES ('8c063f60-82a3-5ef4-b904-83a14772df89', 'f8a5c85d-db9d-5d7d-8057-231fb1f137de', 'https://images.pexels.com/photos/6476589/pexels-photo-6476589.jpeg?auto=compress&cs=tinysrgb&w=1920&h=1080&fit=crop&q=85', 'BAW EV6 Cargo Long Range — Midnight Blue', 0) ON CONFLICT DO NOTHING;
INSERT INTO parts (id, category_id, name, slug, part_number, price, stock, description, description_bn, compatible_brands, compatible_models, compatible_year_from, compatible_year_to, is_active, created_at) VALUES ('8672c551-f409-5dd8-a241-e08de7873721', 'eb0128af-4c16-5620-a614-32362115c2df', 'Toyota Genuine Air Filter', 'toyota-genuine-air-filter', 'ENG-00101', 1850, 48, 'OEM-spec air filter for Toyota petrol engines. High-flow pleated media traps dust and pollen while maintaining airflow for optimal fuel economy. Direct fit replacement — no modification required. Replace every 15,000 km or as indicated by your service schedule. Genuine-quality construction with reinforced rubber seal for a leak-free fit in Bangladesh heat and humidity.', 'টয়োটা পেট্রোল ইঞ্জিনের জন্য ওইএম-স্পেক এয়ার ফিল্টার। উচ্চ-প্রবাহ প্লেটেড মিডিয়া ধুলো ও পোলেন ধরে রাখে এবং জ্বালানি সাশ্রয় বজায় রাখে।', ARRAY['Toyota']::text[], ARRAY['Corolla Cross', 'Allion', 'Premio', 'Axio']::text[], 2016, 2025, TRUE, '2026-07-03T00:00:00.000Z'::timestamp) ON CONFLICT (slug) DO NOTHING;
INSERT INTO part_images (id, part_id, url, alt, sort_order) VALUES ('77021764-11ee-5016-a1d2-bbacdf1b09fd', '8672c551-f409-5dd8-a241-e08de7873721', 'https://images.unsplash.com/photo-1720929617042-ac3ea5a6d1e2?w=3840&h=2160&fit=crop&q=90&auto=format', 'Toyota Genuine Air Filter', 0) ON CONFLICT DO NOTHING;
INSERT INTO products (id, type, name, slug, price, compare_at_price, stock, sku, thumbnail_url, is_featured, is_active, car_model_id, car_variant_id, part_id, created_at, updated_at) VALUES ('8c659031-43ff-5d95-8e1a-d5758e289dcc', 'PART', 'Toyota Genuine Air Filter', 'part-toyota-genuine-air-filter', 1850, NULL, 48, 'PROD-ENG-00101', 'https://images.unsplash.com/photo-1720929617042-ac3ea5a6d1e2?w=3840&h=2160&fit=crop&q=90&auto=format', TRUE, TRUE, NULL, NULL, '8672c551-f409-5dd8-a241-e08de7873721', '2026-07-03T00:00:00.000Z'::timestamp, '2026-07-03T00:00:00.000Z'::timestamp) ON CONFLICT (slug) DO NOTHING;
INSERT INTO product_images (id, product_id, url, alt, sort_order) VALUES ('a4e2805c-f0d3-59f2-aaa0-20857b079254', '8c659031-43ff-5d95-8e1a-d5758e289dcc', 'https://images.unsplash.com/photo-1720929617042-ac3ea5a6d1e2?w=3840&h=2160&fit=crop&q=90&auto=format', 'Toyota Genuine Air Filter', 0) ON CONFLICT DO NOTHING;
INSERT INTO parts (id, category_id, name, slug, part_number, price, stock, description, description_bn, compatible_brands, compatible_models, compatible_year_from, compatible_year_to, is_active, created_at) VALUES ('fd83c2e6-55c3-5e0b-9bed-ef1400828b61', 'eb0128af-4c16-5620-a614-32362115c2df', 'Hyundai Oil Filter Element', 'hyundai-oil-filter-element', 'ENG-00102', 950, 72, 'Spin-on oil filter element engineered for Hyundai Gamma and Nu engine families. Anti-drainback valve prevents dry starts; high-capacity filter media extends oil life between changes. Torque spec: 2/3 turn after gasket contact. Recommended change interval: 5,000 km with mineral oil, 10,000 km with full synthetic in tropical conditions.', 'হুন্দাই গামা ও নু ইঞ্জিন পরিবারের জন্য স্পিন-অন অয়েল ফিল্টার। অ্যান্টি-ড্রেনব্যাক ভালভ শুষ্ক স্টার্ট প্রতিরোধ করে।', ARRAY['Hyundai']::text[], ARRAY['Tucson', 'Creta', 'Elantra', 'i10']::text[], 2018, 2025, TRUE, '2026-07-03T00:00:00.000Z'::timestamp) ON CONFLICT (slug) DO NOTHING;
INSERT INTO part_images (id, part_id, url, alt, sort_order) VALUES ('4fe6f35f-a316-518b-8e99-5f4e1de6ac8d', 'fd83c2e6-55c3-5e0b-9bed-ef1400828b61', 'https://images.pexels.com/photos/279949/pexels-photo-279949.jpeg?auto=compress&cs=tinysrgb&w=1920&h=1080&fit=crop&q=85', 'Hyundai Oil Filter Element', 0) ON CONFLICT DO NOTHING;
INSERT INTO products (id, type, name, slug, price, compare_at_price, stock, sku, thumbnail_url, is_featured, is_active, car_model_id, car_variant_id, part_id, created_at, updated_at) VALUES ('ae98ee75-a159-5e6f-a2b8-b406f77a7e29', 'PART', 'Hyundai Oil Filter Element', 'part-hyundai-oil-filter-element', 950, NULL, 72, 'PROD-ENG-00102', 'https://images.pexels.com/photos/279949/pexels-photo-279949.jpeg?auto=compress&cs=tinysrgb&w=1920&h=1080&fit=crop&q=85', FALSE, TRUE, NULL, NULL, 'fd83c2e6-55c3-5e0b-9bed-ef1400828b61', '2026-07-03T00:00:00.000Z'::timestamp, '2026-07-03T00:00:00.000Z'::timestamp) ON CONFLICT (slug) DO NOTHING;
INSERT INTO product_images (id, product_id, url, alt, sort_order) VALUES ('04041283-f5e4-53a9-ab1f-4c3f02f56d8a', 'ae98ee75-a159-5e6f-a2b8-b406f77a7e29', 'https://images.pexels.com/photos/279949/pexels-photo-279949.jpeg?auto=compress&cs=tinysrgb&w=1920&h=1080&fit=crop&q=85', 'Hyundai Oil Filter Element', 0) ON CONFLICT DO NOTHING;
INSERT INTO parts (id, category_id, name, slug, part_number, price, stock, description, description_bn, compatible_brands, compatible_models, compatible_year_from, compatible_year_to, is_active, created_at) VALUES ('d459d6fb-4850-5efa-bb9e-581cb9307bd3', 'eb0128af-4c16-5620-a614-32362115c2df', 'Nissan Spark Plug Set (Iridium 4pc)', 'nissan-spark-plug-set-iridium', 'ENG-00103', 4200, 35, 'Set of four iridium-tipped spark plugs for Nissan 4-cylinder engines. Iridium centre electrode delivers consistent ignition, smoother idle, and up to 100,000 km service life. Pre-gapped for factory specification. Includes dielectric grease sachet. Ideal upgrade from standard nickel plugs for improved cold-start performance during Bangladesh winters.', 'নিসান ৪-সিলিন্ডার ইঞ্জিনের জন্য চারটি ইরিডিয়াম টিপ স্পার্ক প্লাগ সেট। ধারাবাহিক ইগনিশন ও মসৃণ আইডল প্রদান করে।', ARRAY['Nissan']::text[], ARRAY['X-Trail', 'Sunny', 'Teana', 'Kicks']::text[], 2017, 2025, TRUE, '2026-07-03T00:00:00.000Z'::timestamp) ON CONFLICT (slug) DO NOTHING;
INSERT INTO part_images (id, part_id, url, alt, sort_order) VALUES ('d4d2650c-d28e-5b37-8e3e-25cf75162943', 'd459d6fb-4850-5efa-bb9e-581cb9307bd3', 'https://images.pexels.com/photos/1149137/pexels-photo-1149137.jpeg?auto=compress&cs=tinysrgb&w=1920&h=1080&fit=crop&q=85', 'Nissan Spark Plug Set (Iridium 4pc)', 0) ON CONFLICT DO NOTHING;
INSERT INTO products (id, type, name, slug, price, compare_at_price, stock, sku, thumbnail_url, is_featured, is_active, car_model_id, car_variant_id, part_id, created_at, updated_at) VALUES ('9e42612c-8ada-5a20-bada-1a3bddf16674', 'PART', 'Nissan Spark Plug Set (Iridium 4pc)', 'part-nissan-spark-plug-set-iridium', 4200, NULL, 35, 'PROD-ENG-00103', 'https://images.pexels.com/photos/1149137/pexels-photo-1149137.jpeg?auto=compress&cs=tinysrgb&w=1920&h=1080&fit=crop&q=85', TRUE, TRUE, NULL, NULL, 'd459d6fb-4850-5efa-bb9e-581cb9307bd3', '2026-07-03T00:00:00.000Z'::timestamp, '2026-07-03T00:00:00.000Z'::timestamp) ON CONFLICT (slug) DO NOTHING;
INSERT INTO product_images (id, product_id, url, alt, sort_order) VALUES ('711d648b-aabf-502b-8c00-9864ea00d286', '9e42612c-8ada-5a20-bada-1a3bddf16674', 'https://images.pexels.com/photos/1149137/pexels-photo-1149137.jpeg?auto=compress&cs=tinysrgb&w=1920&h=1080&fit=crop&q=85', 'Nissan Spark Plug Set (Iridium 4pc)', 0) ON CONFLICT DO NOTHING;
INSERT INTO parts (id, category_id, name, slug, part_number, price, stock, description, description_bn, compatible_brands, compatible_models, compatible_year_from, compatible_year_to, is_active, created_at) VALUES ('b74e65df-1b3d-5589-ace6-370d2b37a212', 'eb0128af-4c16-5620-a614-32362115c2df', 'Timing Belt Kit with Water Pump', 'timing-belt-kit-water-pump', 'ENG-00104', 12500, 18, 'Complete timing belt service kit including reinforced belt, tensioner bearing, idler pulley, and water pump assembly. Critical preventive maintenance item — failure can cause catastrophic engine damage. All components meet OEM dimensional tolerances. Professional installation recommended; kit includes alignment marks guide. Service interval: 80,000–100,000 km depending on model.', 'টাইমিং বেল্ট, টেনশনার, আইডলার পুলি ও ওয়াটার পাম্প সহ সম্পূর্ণ কিট। প্রতিরোধমূলক রক্ষণাবেক্ষণের জন্য অত্যাবশ্যক।', ARRAY['Toyota', 'Hyundai']::text[], ARRAY['Allion', 'Premio', 'Elantra', 'Sonata']::text[], 2016, 2023, TRUE, '2026-07-03T00:00:00.000Z'::timestamp) ON CONFLICT (slug) DO NOTHING;
INSERT INTO part_images (id, part_id, url, alt, sort_order) VALUES ('0d0302b7-98b2-50df-aa09-3d0895eb880b', 'b74e65df-1b3d-5589-ace6-370d2b37a212', 'https://images.pexels.com/photos/3806288/pexels-photo-3806288.jpeg?auto=compress&cs=tinysrgb&w=1920&h=1080&fit=crop&q=85', 'Timing Belt Kit with Water Pump', 0) ON CONFLICT DO NOTHING;
INSERT INTO products (id, type, name, slug, price, compare_at_price, stock, sku, thumbnail_url, is_featured, is_active, car_model_id, car_variant_id, part_id, created_at, updated_at) VALUES ('069b3282-7cd2-51f0-aa3a-e13d894f661b', 'PART', 'Timing Belt Kit with Water Pump', 'part-timing-belt-kit-water-pump', 12500, NULL, 18, 'PROD-ENG-00104', 'https://images.pexels.com/photos/3806288/pexels-photo-3806288.jpeg?auto=compress&cs=tinysrgb&w=1920&h=1080&fit=crop&q=85', FALSE, TRUE, NULL, NULL, 'b74e65df-1b3d-5589-ace6-370d2b37a212', '2026-07-03T00:00:00.000Z'::timestamp, '2026-07-03T00:00:00.000Z'::timestamp) ON CONFLICT (slug) DO NOTHING;
INSERT INTO product_images (id, product_id, url, alt, sort_order) VALUES ('e8693c1f-c81a-55d9-80e4-48ec01bc8f3a', '069b3282-7cd2-51f0-aa3a-e13d894f661b', 'https://images.pexels.com/photos/3806288/pexels-photo-3806288.jpeg?auto=compress&cs=tinysrgb&w=1920&h=1080&fit=crop&q=85', 'Timing Belt Kit with Water Pump', 0) ON CONFLICT DO NOTHING;
INSERT INTO parts (id, category_id, name, slug, part_number, price, stock, description, description_bn, compatible_brands, compatible_models, compatible_year_from, compatible_year_to, is_active, created_at) VALUES ('9048b82b-6a16-5934-a322-f2590fcb3302', 'eb0128af-4c16-5620-a614-32362115c2df', 'Electric Fuel Pump Assembly', 'electric-fuel-pump-assembly', 'ENG-00105', 8900, 14, 'In-tank electric fuel pump module with integrated fuel level sender. Delivers consistent fuel pressure (3.0–3.5 bar) for direct-injection and multi-point systems. Corrosion-resistant fuel lines and OEM-spec electrical connector. Symptoms of failure: hard starting, engine sputtering under load, whining noise from fuel tank. Includes installation gasket.', 'ইন-ট্যাঙ্ক ইলেকট্রিক ফুয়েল পাম্প মডিউল ফুয়েল লেভেল সেন্ডারসহ। ধারাবাহিক ফুয়েল প্রেসার নিশ্চিত করে।', ARRAY['Toyota', 'Nissan']::text[], ARRAY['Corolla Cross', 'Fortuner', 'X-Trail', 'Navara']::text[], 2019, 2025, TRUE, '2026-07-03T00:00:00.000Z'::timestamp) ON CONFLICT (slug) DO NOTHING;
INSERT INTO part_images (id, part_id, url, alt, sort_order) VALUES ('8adcfb44-721b-521c-bfe6-d624cec6c57e', '9048b82b-6a16-5934-a322-f2590fcb3302', 'https://images.pexels.com/photos/3806288/pexels-photo-3806288.jpeg?auto=compress&cs=tinysrgb&w=1920&h=1080&fit=crop&q=85', 'Electric Fuel Pump Assembly', 0) ON CONFLICT DO NOTHING;
INSERT INTO products (id, type, name, slug, price, compare_at_price, stock, sku, thumbnail_url, is_featured, is_active, car_model_id, car_variant_id, part_id, created_at, updated_at) VALUES ('4c1eb88f-f7b0-5b56-be19-e4249efa889f', 'PART', 'Electric Fuel Pump Assembly', 'part-electric-fuel-pump-assembly', 8900, NULL, 14, 'PROD-ENG-00105', 'https://images.pexels.com/photos/3806288/pexels-photo-3806288.jpeg?auto=compress&cs=tinysrgb&w=1920&h=1080&fit=crop&q=85', FALSE, TRUE, NULL, NULL, '9048b82b-6a16-5934-a322-f2590fcb3302', '2026-07-03T00:00:00.000Z'::timestamp, '2026-07-03T00:00:00.000Z'::timestamp) ON CONFLICT (slug) DO NOTHING;
INSERT INTO product_images (id, product_id, url, alt, sort_order) VALUES ('85e9f96e-7186-59f1-b222-0fa7cfc8b990', '4c1eb88f-f7b0-5b56-be19-e4249efa889f', 'https://images.pexels.com/photos/3806288/pexels-photo-3806288.jpeg?auto=compress&cs=tinysrgb&w=1920&h=1080&fit=crop&q=85', 'Electric Fuel Pump Assembly', 0) ON CONFLICT DO NOTHING;
INSERT INTO parts (id, category_id, name, slug, part_number, price, stock, description, description_bn, compatible_brands, compatible_models, compatible_year_from, compatible_year_to, is_active, created_at) VALUES ('110bb6be-a8eb-5361-baaa-bc5dca6ff2de', 'eb0128af-4c16-5620-a614-32362115c2df', 'Aluminum Radiator Assembly', 'aluminum-radiator-assembly', 'ENG-00106', 14500, 12, 'Full aluminum core radiator with plastic end tanks for superior heat dissipation in stop-and-go Dhaka traffic. Direct OEM replacement — same mounting points and hose connections. Pressure tested to 1.4 bar at factory. Pair with fresh coolant flush for optimal cooling system performance. 12-month warranty against manufacturing defects.', 'ফুল অ্যালুমিনিয়াম কোর রেডিয়েটার ঢাকার ট্রাফিকে উচ্চ তাপ বিকিরণের জন্য। ওইএম রিপ্লেসমেন্ট ফিট।', ARRAY['Toyota', 'Hyundai', 'Nissan']::text[], ARRAY['Corolla Cross', 'Tucson', 'X-Trail', 'Santa Fe']::text[], 2018, 2025, TRUE, '2026-07-03T00:00:00.000Z'::timestamp) ON CONFLICT (slug) DO NOTHING;
INSERT INTO part_images (id, part_id, url, alt, sort_order) VALUES ('5afebe58-7458-594a-bca3-4ed751e95f27', '110bb6be-a8eb-5361-baaa-bc5dca6ff2de', 'https://images.pexels.com/photos/19323199/pexels-photo-19323199.jpeg?auto=compress&cs=tinysrgb&w=1920&h=1080&fit=crop&q=85', 'Aluminum Radiator Assembly', 0) ON CONFLICT DO NOTHING;
INSERT INTO products (id, type, name, slug, price, compare_at_price, stock, sku, thumbnail_url, is_featured, is_active, car_model_id, car_variant_id, part_id, created_at, updated_at) VALUES ('5394c6e6-dd98-5d2f-a6cd-92dccdf46ad7', 'PART', 'Aluminum Radiator Assembly', 'part-aluminum-radiator-assembly', 14500, NULL, 12, 'PROD-ENG-00106', 'https://images.pexels.com/photos/19323199/pexels-photo-19323199.jpeg?auto=compress&cs=tinysrgb&w=1920&h=1080&fit=crop&q=85', FALSE, TRUE, NULL, NULL, '110bb6be-a8eb-5361-baaa-bc5dca6ff2de', '2026-07-03T00:00:00.000Z'::timestamp, '2026-07-03T00:00:00.000Z'::timestamp) ON CONFLICT (slug) DO NOTHING;
INSERT INTO product_images (id, product_id, url, alt, sort_order) VALUES ('3f2fce9b-593c-55e5-9fde-5936f7eb7d7f', '5394c6e6-dd98-5d2f-a6cd-92dccdf46ad7', 'https://images.pexels.com/photos/19323199/pexels-photo-19323199.jpeg?auto=compress&cs=tinysrgb&w=1920&h=1080&fit=crop&q=85', 'Aluminum Radiator Assembly', 0) ON CONFLICT DO NOTHING;
INSERT INTO parts (id, category_id, name, slug, part_number, price, stock, description, description_bn, compatible_brands, compatible_models, compatible_year_from, compatible_year_to, is_active, created_at) VALUES ('ea40a8b0-3cb6-5ef9-8e9d-f2d300fd72b9', 'eb0128af-4c16-5620-a614-32362115c2df', 'Remanufactured Alternator 12V 90A', 'remanufactured-alternator-12v-90a', 'ENG-00107', 11200, 9, 'Remanufactured 12-volt, 90-amp alternator with new voltage regulator, brushes, and bearings. Bench-tested to ISO output standards before dispatch. Restores charging system performance — dim headlights and weak battery are common signs of alternator failure. Includes pulley and mounting hardware. Core exchange discount available at installation.', 'রিম্যানুফ্যাকচার্ড ১২V, ৯০A অল্টারনেটর নতুন ভোল্টেজ রেগুলেটর ও বিয়ারিংসহ।', ARRAY['Toyota', 'Hyundai']::text[], ARRAY['Allion', 'Axio', 'Creta', 'i10']::text[], 2016, 2024, TRUE, '2026-07-03T00:00:00.000Z'::timestamp) ON CONFLICT (slug) DO NOTHING;
INSERT INTO part_images (id, part_id, url, alt, sort_order) VALUES ('898220bd-11fe-536b-9e72-1fef00d3fd7b', 'ea40a8b0-3cb6-5ef9-8e9d-f2d300fd72b9', 'https://images.pexels.com/photos/1149137/pexels-photo-1149137.jpeg?auto=compress&cs=tinysrgb&w=1920&h=1080&fit=crop&q=85', 'Remanufactured Alternator 12V 90A', 0) ON CONFLICT DO NOTHING;
INSERT INTO products (id, type, name, slug, price, compare_at_price, stock, sku, thumbnail_url, is_featured, is_active, car_model_id, car_variant_id, part_id, created_at, updated_at) VALUES ('f6f22fe3-b67a-51c2-91a6-9701b1503ab6', 'PART', 'Remanufactured Alternator 12V 90A', 'part-remanufactured-alternator-12v-90a', 11200, NULL, 9, 'PROD-ENG-00107', 'https://images.pexels.com/photos/1149137/pexels-photo-1149137.jpeg?auto=compress&cs=tinysrgb&w=1920&h=1080&fit=crop&q=85', FALSE, TRUE, NULL, NULL, 'ea40a8b0-3cb6-5ef9-8e9d-f2d300fd72b9', '2026-07-03T00:00:00.000Z'::timestamp, '2026-07-03T00:00:00.000Z'::timestamp) ON CONFLICT (slug) DO NOTHING;
INSERT INTO product_images (id, product_id, url, alt, sort_order) VALUES ('6cc7208f-d46b-5823-bfc5-161e9ae73bfb', 'f6f22fe3-b67a-51c2-91a6-9701b1503ab6', 'https://images.pexels.com/photos/1149137/pexels-photo-1149137.jpeg?auto=compress&cs=tinysrgb&w=1920&h=1080&fit=crop&q=85', 'Remanufactured Alternator 12V 90A', 0) ON CONFLICT DO NOTHING;
INSERT INTO parts (id, category_id, name, slug, part_number, price, stock, description, description_bn, compatible_brands, compatible_models, compatible_year_from, compatible_year_to, is_active, created_at) VALUES ('cf35cc97-e275-58e7-af3f-f55a79a3e6ad', 'eb0128af-4c16-5620-a614-32362115c2df', 'PCV Valve & Breather Hose Kit', 'pcv-valve-breather-hose-kit', 'ENG-00108', 1650, 55, 'Positive Crankcase Ventilation valve and reinforced breather hose kit. Prevents oil sludge buildup and maintains proper crankcase pressure. A stuck PCV valve can cause rough idle, oil leaks, and increased oil consumption — common in high-mileage vehicles. Quick DIY replacement; includes hose clamps and installation diagram.', 'পিসিভি ভালভ ও ব্রিদার হোস কিট। তেলের স্লাজজ জমা রোধ করে ও ক্র্যাঙ্ককেস চাপ ঠিক রাখে।', ARRAY['Toyota', 'Hyundai', 'Nissan']::text[], ARRAY['Premio', 'Rush', 'Elantra', 'Sunny']::text[], 2016, 2025, TRUE, '2026-07-03T00:00:00.000Z'::timestamp) ON CONFLICT (slug) DO NOTHING;
INSERT INTO part_images (id, part_id, url, alt, sort_order) VALUES ('19b60ac8-5713-5680-aa5c-ece1f9edfcf8', 'cf35cc97-e275-58e7-af3f-f55a79a3e6ad', 'https://images.pexels.com/photos/3806288/pexels-photo-3806288.jpeg?auto=compress&cs=tinysrgb&w=1920&h=1080&fit=crop&q=85', 'PCV Valve & Breather Hose Kit', 0) ON CONFLICT DO NOTHING;
INSERT INTO products (id, type, name, slug, price, compare_at_price, stock, sku, thumbnail_url, is_featured, is_active, car_model_id, car_variant_id, part_id, created_at, updated_at) VALUES ('322a687a-9b96-5a55-8a6f-bf9786e41b26', 'PART', 'PCV Valve & Breather Hose Kit', 'part-pcv-valve-breather-hose-kit', 1650, NULL, 55, 'PROD-ENG-00108', 'https://images.pexels.com/photos/3806288/pexels-photo-3806288.jpeg?auto=compress&cs=tinysrgb&w=1920&h=1080&fit=crop&q=85', FALSE, TRUE, NULL, NULL, 'cf35cc97-e275-58e7-af3f-f55a79a3e6ad', '2026-07-03T00:00:00.000Z'::timestamp, '2026-07-03T00:00:00.000Z'::timestamp) ON CONFLICT (slug) DO NOTHING;
INSERT INTO product_images (id, product_id, url, alt, sort_order) VALUES ('3babb9ba-a371-5fe5-8399-1d583b669c41', '322a687a-9b96-5a55-8a6f-bf9786e41b26', 'https://images.pexels.com/photos/3806288/pexels-photo-3806288.jpeg?auto=compress&cs=tinysrgb&w=1920&h=1080&fit=crop&q=85', 'PCV Valve & Breather Hose Kit', 0) ON CONFLICT DO NOTHING;
INSERT INTO parts (id, category_id, name, slug, part_number, price, stock, description, description_bn, compatible_brands, compatible_models, compatible_year_from, compatible_year_to, is_active, created_at) VALUES ('e7707527-0fcb-5601-945f-4f446ba621ef', '9d1ed7d0-9b09-5418-9e85-948469aa8c41', 'Front Brake Pad Set — Ceramic', 'front-brake-pad-ceramic', 'BRK-00201', 3200, 40, 'Premium ceramic compound front brake pads for quiet, low-dust braking performance. Chamfered edges reduce squeal; shims included for noise dampening. Excellent heat resistance for repeated stop-start driving. Break-in procedure: 10 gentle stops from 60 km/h. Replace when pad thickness reaches 3 mm. Includes wear indicator clips.', 'প্রিমিয়াম সিরামিক ফ্রন্ট ব্রেক প্যাড — কম ধুলো ও নীরব ব্রেকিং। উচ্চ তাপ সহনশীল।', ARRAY['Toyota', 'Hyundai', 'Nissan']::text[], ARRAY['Corolla Cross', 'Tucson', 'X-Trail']::text[], 2019, 2025, TRUE, '2026-07-03T00:00:00.000Z'::timestamp) ON CONFLICT (slug) DO NOTHING;
INSERT INTO part_images (id, part_id, url, alt, sort_order) VALUES ('953b5f87-e7db-5d62-85a9-d50c07a6a9fd', 'e7707527-0fcb-5601-945f-4f446ba621ef', 'https://images.unsplash.com/photo-1696494561430-de087dd0bd69?w=3840&h=2160&fit=crop&q=90&auto=format', 'Front Brake Pad Set — Ceramic', 0) ON CONFLICT DO NOTHING;
INSERT INTO products (id, type, name, slug, price, compare_at_price, stock, sku, thumbnail_url, is_featured, is_active, car_model_id, car_variant_id, part_id, created_at, updated_at) VALUES ('fea1dac2-d612-5cfa-944b-e48ada87f18f', 'PART', 'Front Brake Pad Set — Ceramic', 'part-front-brake-pad-ceramic', 3200, NULL, 40, 'PROD-BRK-00201', 'https://images.unsplash.com/photo-1696494561430-de087dd0bd69?w=3840&h=2160&fit=crop&q=90&auto=format', TRUE, TRUE, NULL, NULL, 'e7707527-0fcb-5601-945f-4f446ba621ef', '2026-07-03T00:00:00.000Z'::timestamp, '2026-07-03T00:00:00.000Z'::timestamp) ON CONFLICT (slug) DO NOTHING;
INSERT INTO product_images (id, product_id, url, alt, sort_order) VALUES ('c8db93f5-a1a9-52af-a99d-5b806ce1918c', 'fea1dac2-d612-5cfa-944b-e48ada87f18f', 'https://images.unsplash.com/photo-1696494561430-de087dd0bd69?w=3840&h=2160&fit=crop&q=90&auto=format', 'Front Brake Pad Set — Ceramic', 0) ON CONFLICT DO NOTHING;
INSERT INTO parts (id, category_id, name, slug, part_number, price, stock, description, description_bn, compatible_brands, compatible_models, compatible_year_from, compatible_year_to, is_active, created_at) VALUES ('df3f50a2-ac9f-5ab3-930c-b40d6fc547ca', '9d1ed7d0-9b09-5418-9e85-948469aa8c41', 'Rear Brake Pad Set — Semi-Metallic', 'rear-brake-pad-semi-metallic', 'BRK-00202', 2800, 38, 'Semi-metallic rear brake pads offering strong bite and long service life. Ideal for vehicles carrying passengers and cargo regularly. Factory-spec friction coefficient for balanced front/rear braking. Hardware kit (pins, clips) included. Inspect every 20,000 km; typical lifespan 40,000–60,000 km in mixed city/highway use.', 'সেমি-মেটালিক রিয়ার ব্রেক প্যাড — শক্তিশালী বাইট ও দীর্ঘস্থায়ী।', ARRAY['Toyota', 'Hyundai']::text[], ARRAY['Allion', 'Premio', 'Elantra', 'Sonata']::text[], 2017, 2024, TRUE, '2026-07-03T00:00:00.000Z'::timestamp) ON CONFLICT (slug) DO NOTHING;
INSERT INTO part_images (id, part_id, url, alt, sort_order) VALUES ('e0cf12d7-29f6-5309-8f46-4b5508be145b', 'df3f50a2-ac9f-5ab3-930c-b40d6fc547ca', 'https://images.unsplash.com/photo-1761040100230-8c8e6fc64638?w=3840&h=2160&fit=crop&q=90&auto=format', 'Rear Brake Pad Set — Semi-Metallic', 0) ON CONFLICT DO NOTHING;
INSERT INTO products (id, type, name, slug, price, compare_at_price, stock, sku, thumbnail_url, is_featured, is_active, car_model_id, car_variant_id, part_id, created_at, updated_at) VALUES ('1cedf634-7704-5397-9ec9-869e4289844f', 'PART', 'Rear Brake Pad Set — Semi-Metallic', 'part-rear-brake-pad-semi-metallic', 2800, NULL, 38, 'PROD-BRK-00202', 'https://images.unsplash.com/photo-1761040100230-8c8e6fc64638?w=3840&h=2160&fit=crop&q=90&auto=format', FALSE, TRUE, NULL, NULL, 'df3f50a2-ac9f-5ab3-930c-b40d6fc547ca', '2026-07-03T00:00:00.000Z'::timestamp, '2026-07-03T00:00:00.000Z'::timestamp) ON CONFLICT (slug) DO NOTHING;
INSERT INTO product_images (id, product_id, url, alt, sort_order) VALUES ('f88fac1c-9226-5b4d-9108-cc0efe3de242', '1cedf634-7704-5397-9ec9-869e4289844f', 'https://images.unsplash.com/photo-1761040100230-8c8e6fc64638?w=3840&h=2160&fit=crop&q=90&auto=format', 'Rear Brake Pad Set — Semi-Metallic', 0) ON CONFLICT DO NOTHING;
INSERT INTO parts (id, category_id, name, slug, part_number, price, stock, description, description_bn, compatible_brands, compatible_models, compatible_year_from, compatible_year_to, is_active, created_at) VALUES ('5c424fd0-6f30-570e-ba11-174529baec0f', '9d1ed7d0-9b09-5418-9e85-948469aa8c41', 'Vented Brake Disc Rotor (Front Pair)', 'vented-brake-disc-rotor-front', 'BRK-00203', 7800, 22, 'Pair of vented front brake rotors with precision-machined friction surfaces. Vented design improves heat dissipation during heavy braking. Minimum thickness stamped on rotor edge — never machine below spec. Replace rotors when lip exceeds 1.5 mm or surface shows scoring. Coated hub faces resist rust in monsoon conditions.', 'ভেন্টেড ফ্রন্ট ব্রেক রোটর পেয়ার — ভারী ব্রেকিংয়ে তাপ কমায়।', ARRAY['Toyota', 'Nissan']::text[], ARRAY['Fortuner', 'Corolla Cross', 'Navara', 'X-Trail']::text[], 2018, 2025, TRUE, '2026-07-03T00:00:00.000Z'::timestamp) ON CONFLICT (slug) DO NOTHING;
INSERT INTO part_images (id, part_id, url, alt, sort_order) VALUES ('65d58c39-f54a-5e66-bcd8-be841e833563', '5c424fd0-6f30-570e-ba11-174529baec0f', 'https://images.unsplash.com/photo-1761040100230-8c8e6fc64638?w=3840&h=2160&fit=crop&q=90&auto=format', 'Vented Brake Disc Rotor (Front Pair)', 0) ON CONFLICT DO NOTHING;
INSERT INTO products (id, type, name, slug, price, compare_at_price, stock, sku, thumbnail_url, is_featured, is_active, car_model_id, car_variant_id, part_id, created_at, updated_at) VALUES ('012667ec-eb9e-57c6-b979-905a90c50e6e', 'PART', 'Vented Brake Disc Rotor (Front Pair)', 'part-vented-brake-disc-rotor-front', 7800, NULL, 22, 'PROD-BRK-00203', 'https://images.unsplash.com/photo-1761040100230-8c8e6fc64638?w=3840&h=2160&fit=crop&q=90&auto=format', FALSE, TRUE, NULL, NULL, '5c424fd0-6f30-570e-ba11-174529baec0f', '2026-07-03T00:00:00.000Z'::timestamp, '2026-07-03T00:00:00.000Z'::timestamp) ON CONFLICT (slug) DO NOTHING;
INSERT INTO product_images (id, product_id, url, alt, sort_order) VALUES ('a035e117-778d-5d70-b357-3afc459da0c0', '012667ec-eb9e-57c6-b979-905a90c50e6e', 'https://images.unsplash.com/photo-1761040100230-8c8e6fc64638?w=3840&h=2160&fit=crop&q=90&auto=format', 'Vented Brake Disc Rotor (Front Pair)', 0) ON CONFLICT DO NOTHING;
INSERT INTO parts (id, category_id, name, slug, part_number, price, stock, description, description_bn, compatible_brands, compatible_models, compatible_year_from, compatible_year_to, is_active, created_at) VALUES ('575f416e-2812-5014-9028-bc2dd7f291ee', '9d1ed7d0-9b09-5418-9e85-948469aa8c41', 'Front Brake Caliper (Remanufactured)', 'front-brake-caliper-reman', 'BRK-00204', 9500, 8, 'Remanufactured front brake caliper with new piston seals and guide pin boots. Restores even pad pressure and eliminates sticking caliper symptoms (vehicle pulling, overheated rotor). Pressure-tested and lubricated before shipping. Always replace brake fluid and bleed system after caliper installation. Sold individually — order left or right as needed.', 'রিম্যানুফ্যাকচার্ড ফ্রন্ট ব্রেক ক্যালিপার নতুন সিল ও বুটসহ।', ARRAY['Hyundai', 'Nissan']::text[], ARRAY['Tucson', 'Creta', 'Sunny', 'Kicks']::text[], 2018, 2025, TRUE, '2026-07-03T00:00:00.000Z'::timestamp) ON CONFLICT (slug) DO NOTHING;
INSERT INTO part_images (id, part_id, url, alt, sort_order) VALUES ('2cae6089-750f-5eaf-9a35-08112151923c', '575f416e-2812-5014-9028-bc2dd7f291ee', 'https://images.unsplash.com/photo-1753183700294-a2dbeb81e168?w=3840&h=2160&fit=crop&q=90&auto=format', 'Front Brake Caliper (Remanufactured)', 0) ON CONFLICT DO NOTHING;
INSERT INTO products (id, type, name, slug, price, compare_at_price, stock, sku, thumbnail_url, is_featured, is_active, car_model_id, car_variant_id, part_id, created_at, updated_at) VALUES ('a1bce171-32d5-5bbb-8194-d3de85180ecf', 'PART', 'Front Brake Caliper (Remanufactured)', 'part-front-brake-caliper-reman', 9500, NULL, 8, 'PROD-BRK-00204', 'https://images.unsplash.com/photo-1753183700294-a2dbeb81e168?w=3840&h=2160&fit=crop&q=90&auto=format', FALSE, TRUE, NULL, NULL, '575f416e-2812-5014-9028-bc2dd7f291ee', '2026-07-03T00:00:00.000Z'::timestamp, '2026-07-03T00:00:00.000Z'::timestamp) ON CONFLICT (slug) DO NOTHING;
INSERT INTO product_images (id, product_id, url, alt, sort_order) VALUES ('577abc6c-e174-51c1-8711-41cf9622ec46', 'a1bce171-32d5-5bbb-8194-d3de85180ecf', 'https://images.unsplash.com/photo-1753183700294-a2dbeb81e168?w=3840&h=2160&fit=crop&q=90&auto=format', 'Front Brake Caliper (Remanufactured)', 0) ON CONFLICT DO NOTHING;
INSERT INTO parts (id, category_id, name, slug, part_number, price, stock, description, description_bn, compatible_brands, compatible_models, compatible_year_from, compatible_year_to, is_active, created_at) VALUES ('62375036-4e3c-59a2-96c3-0bb8da2a82b6', '9d1ed7d0-9b09-5418-9e85-948469aa8c41', 'DOT 4 Brake Fluid 1L', 'dot4-brake-fluid-1l', 'BRK-00205', 650, 120, 'High-performance DOT 4 brake fluid with dry boiling point of 230°C. Absorbs less moisture than DOT 3 for longer service intervals in humid climates. Essential for ABS and stability control systems. Flush every 2 years or 40,000 km. Never mix with DOT 5 silicone fluid. Sealed bottle — use within 12 months of opening.', 'ডিওটি ৪ ব্রেক ফ্লুইড — উচ্চ বয়লিং পয়েন্ট, আর্দ্র আবহাওয়ায় উপযুক্ত।', ARRAY['Toyota', 'Hyundai', 'Nissan']::text[], ARRAY['Corolla Cross', 'Allion', 'Tucson', 'X-Trail', 'Sunny']::text[], 2016, 2025, TRUE, '2026-07-03T00:00:00.000Z'::timestamp) ON CONFLICT (slug) DO NOTHING;
INSERT INTO part_images (id, part_id, url, alt, sort_order) VALUES ('2f657cbc-0518-53c4-93a6-f5df072569f2', '62375036-4e3c-59a2-96c3-0bb8da2a82b6', 'https://images.pexels.com/photos/279949/pexels-photo-279949.jpeg?auto=compress&cs=tinysrgb&w=1920&h=1080&fit=crop&q=85', 'DOT 4 Brake Fluid 1L', 0) ON CONFLICT DO NOTHING;
INSERT INTO products (id, type, name, slug, price, compare_at_price, stock, sku, thumbnail_url, is_featured, is_active, car_model_id, car_variant_id, part_id, created_at, updated_at) VALUES ('213ed2c1-c312-536c-9d90-4f2421600b46', 'PART', 'DOT 4 Brake Fluid 1L', 'part-dot4-brake-fluid-1l', 650, NULL, 120, 'PROD-BRK-00205', 'https://images.pexels.com/photos/279949/pexels-photo-279949.jpeg?auto=compress&cs=tinysrgb&w=1920&h=1080&fit=crop&q=85', FALSE, TRUE, NULL, NULL, '62375036-4e3c-59a2-96c3-0bb8da2a82b6', '2026-07-03T00:00:00.000Z'::timestamp, '2026-07-03T00:00:00.000Z'::timestamp) ON CONFLICT (slug) DO NOTHING;
INSERT INTO product_images (id, product_id, url, alt, sort_order) VALUES ('8b1ee1cc-2a90-5d6e-a7d2-f389c3ad0cd5', '213ed2c1-c312-536c-9d90-4f2421600b46', 'https://images.pexels.com/photos/279949/pexels-photo-279949.jpeg?auto=compress&cs=tinysrgb&w=1920&h=1080&fit=crop&q=85', 'DOT 4 Brake Fluid 1L', 0) ON CONFLICT DO NOTHING;
INSERT INTO parts (id, category_id, name, slug, part_number, price, stock, description, description_bn, compatible_brands, compatible_models, compatible_year_from, compatible_year_to, is_active, created_at) VALUES ('831cd2dc-d728-51f2-a2ff-0219a9d97776', '9d1ed7d0-9b09-5418-9e85-948469aa8c41', 'Rear Handbrake Cable Assembly', 'rear-handbrake-cable-assembly', 'BRK-00206', 2400, 25, 'Complete rear handbrake (parking brake) cable assembly with equalizer. Stainless inner cable resists corrosion from road salt and water. Symptoms of worn cable: excessive handbrake lever travel, vehicle rolling on inclines. Adjust cable tension after installation per workshop manual. Pair with rear drum/shoe inspection if applicable.', 'রিয়ার হ্যান্ডব্রেক কেবল অ্যাসেম্বলি — মরিচা প্রতিরোধী।', ARRAY['Toyota']::text[], ARRAY['Allion', 'Premio', 'Axio', 'Rush']::text[], 2016, 2023, TRUE, '2026-07-03T00:00:00.000Z'::timestamp) ON CONFLICT (slug) DO NOTHING;
INSERT INTO part_images (id, part_id, url, alt, sort_order) VALUES ('a9fe6d77-035a-5888-9618-8a68b4ae8368', '831cd2dc-d728-51f2-a2ff-0219a9d97776', 'https://images.unsplash.com/photo-1696494561430-de087dd0bd69?w=3840&h=2160&fit=crop&q=90&auto=format', 'Rear Handbrake Cable Assembly', 0) ON CONFLICT DO NOTHING;
INSERT INTO products (id, type, name, slug, price, compare_at_price, stock, sku, thumbnail_url, is_featured, is_active, car_model_id, car_variant_id, part_id, created_at, updated_at) VALUES ('da852f77-e229-5379-8494-a4a075da6527', 'PART', 'Rear Handbrake Cable Assembly', 'part-rear-handbrake-cable-assembly', 2400, NULL, 25, 'PROD-BRK-00206', 'https://images.unsplash.com/photo-1696494561430-de087dd0bd69?w=3840&h=2160&fit=crop&q=90&auto=format', FALSE, TRUE, NULL, NULL, '831cd2dc-d728-51f2-a2ff-0219a9d97776', '2026-07-03T00:00:00.000Z'::timestamp, '2026-07-03T00:00:00.000Z'::timestamp) ON CONFLICT (slug) DO NOTHING;
INSERT INTO product_images (id, product_id, url, alt, sort_order) VALUES ('1db765bb-80f5-55dc-915b-b009dffce5a5', 'da852f77-e229-5379-8494-a4a075da6527', 'https://images.unsplash.com/photo-1696494561430-de087dd0bd69?w=3840&h=2160&fit=crop&q=90&auto=format', 'Rear Handbrake Cable Assembly', 0) ON CONFLICT DO NOTHING;
INSERT INTO parts (id, category_id, name, slug, part_number, price, stock, description, description_bn, compatible_brands, compatible_models, compatible_year_from, compatible_year_to, is_active, created_at) VALUES ('0d202222-6c3f-5e82-acb4-cb694af60461', '9d1ed7d0-9b09-5418-9e85-948469aa8c41', 'Brake Master Cylinder Assembly', 'brake-master-cylinder-assembly', 'BRK-00207', 6800, 11, 'OEM-spec brake master cylinder with integrated reservoir. Converts pedal force to hydraulic pressure for the entire braking system. Internal seal failure causes soft pedal or fluid leak — replace immediately if brake warning light illuminates. Bench-bleed before installation. Includes reservoir cap and mounting gasket.', 'ব্রেক মাস্টার সিলিন্ডার অ্যাসেম্বলি রিজার্ভারসহ — হাইড্রোলিক চাপ তৈরি করে।', ARRAY['Hyundai', 'Nissan']::text[], ARRAY['Elantra', 'Sonata', 'Teana', 'Magnite']::text[], 2017, 2025, TRUE, '2026-07-03T00:00:00.000Z'::timestamp) ON CONFLICT (slug) DO NOTHING;
INSERT INTO part_images (id, part_id, url, alt, sort_order) VALUES ('bf6621a2-0263-5c35-9abf-810f9e4c575c', '0d202222-6c3f-5e82-acb4-cb694af60461', 'https://images.unsplash.com/photo-1753183700294-a2dbeb81e168?w=3840&h=2160&fit=crop&q=90&auto=format', 'Brake Master Cylinder Assembly', 0) ON CONFLICT DO NOTHING;
INSERT INTO products (id, type, name, slug, price, compare_at_price, stock, sku, thumbnail_url, is_featured, is_active, car_model_id, car_variant_id, part_id, created_at, updated_at) VALUES ('de12c487-9152-5d28-a4fd-5e575067221d', 'PART', 'Brake Master Cylinder Assembly', 'part-brake-master-cylinder-assembly', 6800, NULL, 11, 'PROD-BRK-00207', 'https://images.unsplash.com/photo-1753183700294-a2dbeb81e168?w=3840&h=2160&fit=crop&q=90&auto=format', FALSE, TRUE, NULL, NULL, '0d202222-6c3f-5e82-acb4-cb694af60461', '2026-07-03T00:00:00.000Z'::timestamp, '2026-07-03T00:00:00.000Z'::timestamp) ON CONFLICT (slug) DO NOTHING;
INSERT INTO product_images (id, product_id, url, alt, sort_order) VALUES ('2562d444-9260-5d81-a959-e2e747d76d8b', 'de12c487-9152-5d28-a4fd-5e575067221d', 'https://images.unsplash.com/photo-1753183700294-a2dbeb81e168?w=3840&h=2160&fit=crop&q=90&auto=format', 'Brake Master Cylinder Assembly', 0) ON CONFLICT DO NOTHING;
INSERT INTO parts (id, category_id, name, slug, part_number, price, stock, description, description_bn, compatible_brands, compatible_models, compatible_year_from, compatible_year_to, is_active, created_at) VALUES ('a8229bb3-8e9a-5c2f-b8de-919ed4bbe55c', '42925fe1-27a1-57e2-b701-8d9abd19760b', 'Front Gas Shock Absorber (Pair)', 'front-gas-shock-absorber-pair', 'SUS-00301', 8500, 20, 'Twin-tube gas-charged front shock absorbers sold as a matched pair. Restores ride comfort and tyre contact on Bangladesh''s mixed road surfaces. Nitrogen gas charge prevents foaming under hard use. Replace shocks in pairs (left + right) for balanced handling. Typical lifespan: 60,000–80,000 km. Includes mounting bushings where applicable.', 'টুইন-টিউব গ্যাস চার্জড ফ্রন্ট শক অ্যাবজরবার পেয়ার। আরামদায়ক রাইড ফিরিয়ে আনে।', ARRAY['Toyota', 'Hyundai']::text[], ARRAY['Corolla Cross', 'Rush', 'Tucson', 'Santa Fe']::text[], 2018, 2025, TRUE, '2026-07-03T00:00:00.000Z'::timestamp) ON CONFLICT (slug) DO NOTHING;
INSERT INTO part_images (id, part_id, url, alt, sort_order) VALUES ('212f821c-304b-5cd8-aad9-27a72cf4a483', 'a8229bb3-8e9a-5c2f-b8de-919ed4bbe55c', 'https://images.pexels.com/photos/13065690/pexels-photo-13065690.jpeg?auto=compress&cs=tinysrgb&w=1920&h=1080&fit=crop&q=85', 'Front Gas Shock Absorber (Pair)', 0) ON CONFLICT DO NOTHING;
INSERT INTO products (id, type, name, slug, price, compare_at_price, stock, sku, thumbnail_url, is_featured, is_active, car_model_id, car_variant_id, part_id, created_at, updated_at) VALUES ('4151e171-1a4b-5995-84ba-172ee1cc51d7', 'PART', 'Front Gas Shock Absorber (Pair)', 'part-front-gas-shock-absorber-pair', 8500, NULL, 20, 'PROD-SUS-00301', 'https://images.pexels.com/photos/13065690/pexels-photo-13065690.jpeg?auto=compress&cs=tinysrgb&w=1920&h=1080&fit=crop&q=85', TRUE, TRUE, NULL, NULL, 'a8229bb3-8e9a-5c2f-b8de-919ed4bbe55c', '2026-07-03T00:00:00.000Z'::timestamp, '2026-07-03T00:00:00.000Z'::timestamp) ON CONFLICT (slug) DO NOTHING;
INSERT INTO product_images (id, product_id, url, alt, sort_order) VALUES ('cbec27f8-a165-56bc-9b77-a7aa92920c1c', '4151e171-1a4b-5995-84ba-172ee1cc51d7', 'https://images.pexels.com/photos/13065690/pexels-photo-13065690.jpeg?auto=compress&cs=tinysrgb&w=1920&h=1080&fit=crop&q=85', 'Front Gas Shock Absorber (Pair)', 0) ON CONFLICT DO NOTHING;
INSERT INTO parts (id, category_id, name, slug, part_number, price, stock, description, description_bn, compatible_brands, compatible_models, compatible_year_from, compatible_year_to, is_active, created_at) VALUES ('fae7b8f7-3eca-5947-aec0-24735872ab8f', '42925fe1-27a1-57e2-b701-8d9abd19760b', 'Rear Shock Absorber (Pair)', 'rear-shock-absorber-pair', 'SUS-00302', 7200, 18, 'Rear shock absorber pair for sedan platforms. Progressive damping valving balances comfort over potholes with stability during lane changes. Leaking oil or bouncy rear end indicates worn shocks. Always replace as a pair. Torque all mounting bolts to specification after installation. Alignment check recommended after suspension work.', 'সেডানের জন্য রিয়ার শক অ্যাবজরবার পেয়ার। প্রগ্রেসিভ ড্যাম্পিং ভালভিং।', ARRAY['Toyota', 'Nissan']::text[], ARRAY['Allion', 'Premio', 'Sunny', 'Teana']::text[], 2016, 2024, TRUE, '2026-07-03T00:00:00.000Z'::timestamp) ON CONFLICT (slug) DO NOTHING;
INSERT INTO part_images (id, part_id, url, alt, sort_order) VALUES ('c2d30fc3-f5b0-543f-ad9b-5feee61edc60', 'fae7b8f7-3eca-5947-aec0-24735872ab8f', 'https://images.pexels.com/photos/13065690/pexels-photo-13065690.jpeg?auto=compress&cs=tinysrgb&w=1920&h=1080&fit=crop&q=85', 'Rear Shock Absorber (Pair)', 0) ON CONFLICT DO NOTHING;
INSERT INTO products (id, type, name, slug, price, compare_at_price, stock, sku, thumbnail_url, is_featured, is_active, car_model_id, car_variant_id, part_id, created_at, updated_at) VALUES ('6bc26da4-696e-529e-ad62-f0ebce5b2e40', 'PART', 'Rear Shock Absorber (Pair)', 'part-rear-shock-absorber-pair', 7200, NULL, 18, 'PROD-SUS-00302', 'https://images.pexels.com/photos/13065690/pexels-photo-13065690.jpeg?auto=compress&cs=tinysrgb&w=1920&h=1080&fit=crop&q=85', FALSE, TRUE, NULL, NULL, 'fae7b8f7-3eca-5947-aec0-24735872ab8f', '2026-07-03T00:00:00.000Z'::timestamp, '2026-07-03T00:00:00.000Z'::timestamp) ON CONFLICT (slug) DO NOTHING;
INSERT INTO product_images (id, product_id, url, alt, sort_order) VALUES ('affccedf-cea4-5dc5-a203-4e0edf99ae87', '6bc26da4-696e-529e-ad62-f0ebce5b2e40', 'https://images.pexels.com/photos/13065690/pexels-photo-13065690.jpeg?auto=compress&cs=tinysrgb&w=1920&h=1080&fit=crop&q=85', 'Rear Shock Absorber (Pair)', 0) ON CONFLICT DO NOTHING;
INSERT INTO parts (id, category_id, name, slug, part_number, price, stock, description, description_bn, compatible_brands, compatible_models, compatible_year_from, compatible_year_to, is_active, created_at) VALUES ('dfa2bcc2-2b85-5744-a253-9abd6266d76a', '42925fe1-27a1-57e2-b701-8d9abd19760b', 'Coil Spring Set (Front)', 'coil-spring-set-front', 'SUS-00303', 5600, 15, 'Front coil spring set manufactured to OEM ride height and spring rate specifications. Sagging springs cause bottoming out and uneven tyre wear. Powder-coated finish resists corrosion. Install with new spring compressors — professional fitting strongly recommended. Pair with new strut mounts for a complete front suspension refresh.', 'ফ্রন্ট কয়েল স্প্রিং সেট — ওইএম রাইড হাইট ও স্প্রিং রেট।', ARRAY['Hyundai']::text[], ARRAY['Creta', 'Elantra', 'i10', 'Tucson']::text[], 2018, 2025, TRUE, '2026-07-03T00:00:00.000Z'::timestamp) ON CONFLICT (slug) DO NOTHING;
INSERT INTO part_images (id, part_id, url, alt, sort_order) VALUES ('9756e200-8c38-5235-8e1b-4b82e5c5bd86', 'dfa2bcc2-2b85-5744-a253-9abd6266d76a', 'https://images.pexels.com/photos/1006960/pexels-photo-1006960.jpeg?auto=compress&cs=tinysrgb&w=1920&h=1080&fit=crop&q=85', 'Coil Spring Set (Front)', 0) ON CONFLICT DO NOTHING;
INSERT INTO products (id, type, name, slug, price, compare_at_price, stock, sku, thumbnail_url, is_featured, is_active, car_model_id, car_variant_id, part_id, created_at, updated_at) VALUES ('fb3338b2-0d5a-551b-9c53-7bd5fdc0c0e5', 'PART', 'Coil Spring Set (Front)', 'part-coil-spring-set-front', 5600, NULL, 15, 'PROD-SUS-00303', 'https://images.pexels.com/photos/1006960/pexels-photo-1006960.jpeg?auto=compress&cs=tinysrgb&w=1920&h=1080&fit=crop&q=85', FALSE, TRUE, NULL, NULL, 'dfa2bcc2-2b85-5744-a253-9abd6266d76a', '2026-07-03T00:00:00.000Z'::timestamp, '2026-07-03T00:00:00.000Z'::timestamp) ON CONFLICT (slug) DO NOTHING;
INSERT INTO product_images (id, product_id, url, alt, sort_order) VALUES ('7c89c223-6326-5d94-a7e8-79f9fbeff070', 'fb3338b2-0d5a-551b-9c53-7bd5fdc0c0e5', 'https://images.pexels.com/photos/1006960/pexels-photo-1006960.jpeg?auto=compress&cs=tinysrgb&w=1920&h=1080&fit=crop&q=85', 'Coil Spring Set (Front)', 0) ON CONFLICT DO NOTHING;
INSERT INTO parts (id, category_id, name, slug, part_number, price, stock, description, description_bn, compatible_brands, compatible_models, compatible_year_from, compatible_year_to, is_active, created_at) VALUES ('70348189-6e36-57e0-a7d8-99bc1aea0e12', '42925fe1-27a1-57e2-b701-8d9abd19760b', 'Stabilizer Link (Anti-Roll Bar)', 'stabilizer-link-anti-roll', 'SUS-00304', 1800, 42, 'Front stabilizer (sway bar) link with sealed ball joints. Worn links cause clunking over bumps and increased body roll in corners. Quick replacement item — typically 30 minutes per side. Includes self-locking nuts. Inspect rubber boots for tears during routine service. Replace in pairs for symmetrical handling.', 'স্ট্যাবিলাইজার লিংক — কোণায় বডি রোল কমায়। বাম্পে ধাক্কার শব্দ দূর করে।', ARRAY['Toyota', 'Hyundai', 'Nissan']::text[], ARRAY['Corolla Cross', 'Fortuner', 'Creta', 'X-Trail']::text[], 2018, 2025, TRUE, '2026-07-03T00:00:00.000Z'::timestamp) ON CONFLICT (slug) DO NOTHING;
INSERT INTO part_images (id, part_id, url, alt, sort_order) VALUES ('bbd42f54-b1c4-5331-b1d5-035821d530fb', '70348189-6e36-57e0-a7d8-99bc1aea0e12', 'https://images.pexels.com/photos/13065690/pexels-photo-13065690.jpeg?auto=compress&cs=tinysrgb&w=1920&h=1080&fit=crop&q=85', 'Stabilizer Link (Anti-Roll Bar)', 0) ON CONFLICT DO NOTHING;
INSERT INTO products (id, type, name, slug, price, compare_at_price, stock, sku, thumbnail_url, is_featured, is_active, car_model_id, car_variant_id, part_id, created_at, updated_at) VALUES ('b82c5223-570a-5c76-a9cb-9b621f2823ae', 'PART', 'Stabilizer Link (Anti-Roll Bar)', 'part-stabilizer-link-anti-roll', 1800, NULL, 42, 'PROD-SUS-00304', 'https://images.pexels.com/photos/13065690/pexels-photo-13065690.jpeg?auto=compress&cs=tinysrgb&w=1920&h=1080&fit=crop&q=85', FALSE, TRUE, NULL, NULL, '70348189-6e36-57e0-a7d8-99bc1aea0e12', '2026-07-03T00:00:00.000Z'::timestamp, '2026-07-03T00:00:00.000Z'::timestamp) ON CONFLICT (slug) DO NOTHING;
INSERT INTO product_images (id, product_id, url, alt, sort_order) VALUES ('cc212e8d-9725-5aee-81dd-671ab83701ae', 'b82c5223-570a-5c76-a9cb-9b621f2823ae', 'https://images.pexels.com/photos/13065690/pexels-photo-13065690.jpeg?auto=compress&cs=tinysrgb&w=1920&h=1080&fit=crop&q=85', 'Stabilizer Link (Anti-Roll Bar)', 0) ON CONFLICT DO NOTHING;
INSERT INTO parts (id, category_id, name, slug, part_number, price, stock, description, description_bn, compatible_brands, compatible_models, compatible_year_from, compatible_year_to, is_active, created_at) VALUES ('ff2f6020-d373-5283-a6aa-ddbd22e7f825', '42925fe1-27a1-57e2-b701-8d9abd19760b', 'Lower Control Arm Bushing Kit', 'lower-control-arm-bushing-kit', 'SUS-00305', 3400, 28, 'Polyurethane lower control arm bushing kit for improved durability over factory rubber. Reduces deflection under braking and acceleration for sharper steering response. Ideal for high-mileage vehicles with cracked or softened OEM bushings. Press-fit installation requires hydraulic press. Full alignment mandatory after fitment.', 'পলিউরেথেন লোয়ার কন্ট্রোল আর্ম বুশিং কিট — রাবারের চেয়ে টেকসই।', ARRAY['Toyota', 'Nissan']::text[], ARRAY['Axio', 'Rush', 'Navara', 'Kicks']::text[], 2016, 2024, TRUE, '2026-07-03T00:00:00.000Z'::timestamp) ON CONFLICT (slug) DO NOTHING;
INSERT INTO part_images (id, part_id, url, alt, sort_order) VALUES ('26bc1141-d139-514c-a433-4e40f3801639', 'ff2f6020-d373-5283-a6aa-ddbd22e7f825', 'https://images.pexels.com/photos/13065690/pexels-photo-13065690.jpeg?auto=compress&cs=tinysrgb&w=1920&h=1080&fit=crop&q=85', 'Lower Control Arm Bushing Kit', 0) ON CONFLICT DO NOTHING;
INSERT INTO products (id, type, name, slug, price, compare_at_price, stock, sku, thumbnail_url, is_featured, is_active, car_model_id, car_variant_id, part_id, created_at, updated_at) VALUES ('b7d14cbf-aac8-58c1-bc35-e0a4a8dc8858', 'PART', 'Lower Control Arm Bushing Kit', 'part-lower-control-arm-bushing-kit', 3400, NULL, 28, 'PROD-SUS-00305', 'https://images.pexels.com/photos/13065690/pexels-photo-13065690.jpeg?auto=compress&cs=tinysrgb&w=1920&h=1080&fit=crop&q=85', FALSE, TRUE, NULL, NULL, 'ff2f6020-d373-5283-a6aa-ddbd22e7f825', '2026-07-03T00:00:00.000Z'::timestamp, '2026-07-03T00:00:00.000Z'::timestamp) ON CONFLICT (slug) DO NOTHING;
INSERT INTO product_images (id, product_id, url, alt, sort_order) VALUES ('c2345cfe-1e68-5980-b3f4-f2c93b641e30', 'b7d14cbf-aac8-58c1-bc35-e0a4a8dc8858', 'https://images.pexels.com/photos/13065690/pexels-photo-13065690.jpeg?auto=compress&cs=tinysrgb&w=1920&h=1080&fit=crop&q=85', 'Lower Control Arm Bushing Kit', 0) ON CONFLICT DO NOTHING;
INSERT INTO parts (id, category_id, name, slug, part_number, price, stock, description, description_bn, compatible_brands, compatible_models, compatible_year_from, compatible_year_to, is_active, created_at) VALUES ('6bc609c1-20ef-5c0e-b634-23a6fb0a6a65', '42925fe1-27a1-57e2-b701-8d9abd19760b', 'Strut Mount & Bearing Kit', 'strut-mount-bearing-kit', 'SUS-00306', 2900, 30, 'Upper strut mount with integrated bearing for smooth steering rotation. Clunking when turning the wheel at standstill indicates worn strut bearing. Rubber isolation pad absorbs road vibration before it reaches the cabin. Replace whenever front shocks are changed. Includes centre nut and dust cap.', 'আপার স্ট্রাট মাউন্ট বিয়ারিংসহ — স্টিয়ারিং ঘূর্ণন মসৃণ করে।', ARRAY['Hyundai', 'Nissan']::text[], ARRAY['Tucson', 'Sonata', 'X-Trail', 'Magnite']::text[], 2018, 2025, TRUE, '2026-07-03T00:00:00.000Z'::timestamp) ON CONFLICT (slug) DO NOTHING;
INSERT INTO part_images (id, part_id, url, alt, sort_order) VALUES ('a0cd0038-bda9-5535-a271-1c4777cfc7ce', '6bc609c1-20ef-5c0e-b634-23a6fb0a6a65', 'https://images.pexels.com/photos/1006960/pexels-photo-1006960.jpeg?auto=compress&cs=tinysrgb&w=1920&h=1080&fit=crop&q=85', 'Strut Mount & Bearing Kit', 0) ON CONFLICT DO NOTHING;
INSERT INTO products (id, type, name, slug, price, compare_at_price, stock, sku, thumbnail_url, is_featured, is_active, car_model_id, car_variant_id, part_id, created_at, updated_at) VALUES ('dc305fd9-f344-511e-8125-cd5df6b195dc', 'PART', 'Strut Mount & Bearing Kit', 'part-strut-mount-bearing-kit', 2900, NULL, 30, 'PROD-SUS-00306', 'https://images.pexels.com/photos/1006960/pexels-photo-1006960.jpeg?auto=compress&cs=tinysrgb&w=1920&h=1080&fit=crop&q=85', FALSE, TRUE, NULL, NULL, '6bc609c1-20ef-5c0e-b634-23a6fb0a6a65', '2026-07-03T00:00:00.000Z'::timestamp, '2026-07-03T00:00:00.000Z'::timestamp) ON CONFLICT (slug) DO NOTHING;
INSERT INTO product_images (id, product_id, url, alt, sort_order) VALUES ('f2b16f03-ec2c-5804-9c86-c9780676df1d', 'dc305fd9-f344-511e-8125-cd5df6b195dc', 'https://images.pexels.com/photos/1006960/pexels-photo-1006960.jpeg?auto=compress&cs=tinysrgb&w=1920&h=1080&fit=crop&q=85', 'Strut Mount & Bearing Kit', 0) ON CONFLICT DO NOTHING;
INSERT INTO parts (id, category_id, name, slug, part_number, price, stock, description, description_bn, compatible_brands, compatible_models, compatible_year_from, compatible_year_to, is_active, created_at) VALUES ('6f333800-0558-5625-b5a3-31135918a4d8', '42925fe1-27a1-57e2-b701-8d9abd19760b', 'Rear Trailing Arm Bushing', 'rear-trailing-arm-bushing', 'SUS-00307', 2200, 24, 'Rear trailing arm bushing for multi-link rear suspension systems. Worn bushings cause rear-end wandering and uneven rear tyre wear. Hydraulic press required for removal and installation. Inspect companion arm bolts for corrosion — replace if seized. Recommended whenever rear shocks are replaced on vehicles over 80,000 km.', 'রিয়ার ট্রেইলিং আর্ম বুশিং — মাল্টি-লিংক সাসপেনশনের জন্য।', ARRAY['Toyota']::text[], ARRAY['Corolla Cross', 'Allion', 'Fortuner']::text[], 2018, 2025, TRUE, '2026-07-03T00:00:00.000Z'::timestamp) ON CONFLICT (slug) DO NOTHING;
INSERT INTO part_images (id, part_id, url, alt, sort_order) VALUES ('67dcebd9-f968-5ce3-b291-cba698ed258a', '6f333800-0558-5625-b5a3-31135918a4d8', 'https://images.pexels.com/photos/13065690/pexels-photo-13065690.jpeg?auto=compress&cs=tinysrgb&w=1920&h=1080&fit=crop&q=85', 'Rear Trailing Arm Bushing', 0) ON CONFLICT DO NOTHING;
INSERT INTO products (id, type, name, slug, price, compare_at_price, stock, sku, thumbnail_url, is_featured, is_active, car_model_id, car_variant_id, part_id, created_at, updated_at) VALUES ('fba70fee-557c-51b5-ac7c-11909962ab34', 'PART', 'Rear Trailing Arm Bushing', 'part-rear-trailing-arm-bushing', 2200, NULL, 24, 'PROD-SUS-00307', 'https://images.pexels.com/photos/13065690/pexels-photo-13065690.jpeg?auto=compress&cs=tinysrgb&w=1920&h=1080&fit=crop&q=85', FALSE, TRUE, NULL, NULL, '6f333800-0558-5625-b5a3-31135918a4d8', '2026-07-03T00:00:00.000Z'::timestamp, '2026-07-03T00:00:00.000Z'::timestamp) ON CONFLICT (slug) DO NOTHING;
INSERT INTO product_images (id, product_id, url, alt, sort_order) VALUES ('bd7fd654-1a47-5bdf-8ed8-19987d2b7a78', 'fba70fee-557c-51b5-ac7c-11909962ab34', 'https://images.pexels.com/photos/13065690/pexels-photo-13065690.jpeg?auto=compress&cs=tinysrgb&w=1920&h=1080&fit=crop&q=85', 'Rear Trailing Arm Bushing', 0) ON CONFLICT DO NOTHING;
INSERT INTO parts (id, category_id, name, slug, part_number, price, stock, description, description_bn, compatible_brands, compatible_models, compatible_year_from, compatible_year_to, is_active, created_at) VALUES ('cb091aa4-402e-5391-be83-eb92a2120550', '845fceb7-476d-53e0-b3a6-909ebf02b07d', 'Android Head Unit 10.1" CarPlay/Android Auto', 'android-head-unit-10-carplay', 'ELC-00401', 18500, 16, '10.1-inch IPS touchscreen head unit with wireless Apple CarPlay and Android Auto. Quad-core processor, 2 GB RAM, GPS navigation with offline Bangladesh maps. Built-in DSP amplifier (4×45W), Bluetooth 5.0, dual USB, reverse camera input. ISO mounting frame included for universal fit. Professional wiring recommended; steering wheel control adapter available separately.', '১০.১ ইঞ্চি টাচস্ক্রিন হেড ইউনিট ওয়্যারলেস CarPlay/Android Auto সহ।', ARRAY['Toyota', 'Hyundai', 'Nissan']::text[], ARRAY['Corolla Cross', 'Tucson', 'X-Trail', 'Creta']::text[], 2018, 2025, TRUE, '2026-07-03T00:00:00.000Z'::timestamp) ON CONFLICT (slug) DO NOTHING;
INSERT INTO part_images (id, part_id, url, alt, sort_order) VALUES ('248d4f2d-2d98-521c-901d-b3bcaa5cef4f', 'cb091aa4-402e-5391-be83-eb92a2120550', 'https://images.pexels.com/photos/3802508/pexels-photo-3802508.jpeg?auto=compress&cs=tinysrgb&w=1920&h=1080&fit=crop&q=85', 'Android Head Unit 10.1" CarPlay/Android Auto', 0) ON CONFLICT DO NOTHING;
INSERT INTO products (id, type, name, slug, price, compare_at_price, stock, sku, thumbnail_url, is_featured, is_active, car_model_id, car_variant_id, part_id, created_at, updated_at) VALUES ('2c76a98f-ccdb-5457-a56e-7f8c56793a89', 'PART', 'Android Head Unit 10.1" CarPlay/Android Auto', 'part-android-head-unit-10-carplay', 18500, NULL, 16, 'PROD-ELC-00401', 'https://images.pexels.com/photos/3802508/pexels-photo-3802508.jpeg?auto=compress&cs=tinysrgb&w=1920&h=1080&fit=crop&q=85', TRUE, TRUE, NULL, NULL, 'cb091aa4-402e-5391-be83-eb92a2120550', '2026-07-03T00:00:00.000Z'::timestamp, '2026-07-03T00:00:00.000Z'::timestamp) ON CONFLICT (slug) DO NOTHING;
INSERT INTO product_images (id, product_id, url, alt, sort_order) VALUES ('8d2a52ee-e4ac-56c9-a28c-37c073bcf293', '2c76a98f-ccdb-5457-a56e-7f8c56793a89', 'https://images.pexels.com/photos/3802508/pexels-photo-3802508.jpeg?auto=compress&cs=tinysrgb&w=1920&h=1080&fit=crop&q=85', 'Android Head Unit 10.1" CarPlay/Android Auto', 0) ON CONFLICT DO NOTHING;
INSERT INTO parts (id, category_id, name, slug, part_number, price, stock, description, description_bn, compatible_brands, compatible_models, compatible_year_from, compatible_year_to, is_active, created_at) VALUES ('dacbf73e-73b8-5e8e-a635-746c7451b00a', '845fceb7-476d-53e0-b3a6-909ebf02b07d', 'HD Reverse Camera with Dynamic Guidelines', 'hd-reverse-camera-dynamic', 'ELC-00402', 3200, 45, 'Waterproof IP68 rear-view camera with 170° wide angle and HD 1080p output. Dynamic parking guidelines overlay on compatible head units. Night vision with automatic IR LEDs. Mounts on license plate or dedicated bracket. 6-metre shielded video cable included. Essential safety upgrade for vehicles without factory reverse camera.', 'ওয়াটারপ্রুফ এইচডি রিভার্স ক্যামেরা ১৭০° ওয়াইড অ্যাঙ্গেল।', ARRAY['Toyota', 'Hyundai', 'Nissan']::text[], ARRAY['Allion', 'Premio', 'Elantra', 'Sunny', 'i10']::text[], 2016, 2025, TRUE, '2026-07-03T00:00:00.000Z'::timestamp) ON CONFLICT (slug) DO NOTHING;
INSERT INTO part_images (id, part_id, url, alt, sort_order) VALUES ('f06f01c5-f252-5554-97da-eee4daebdfbe', 'dacbf73e-73b8-5e8e-a635-746c7451b00a', 'https://images.pexels.com/photos/4489702/pexels-photo-4489702.jpeg?auto=compress&cs=tinysrgb&w=1920&h=1080&fit=crop&q=85', 'HD Reverse Camera with Dynamic Guidelines', 0) ON CONFLICT DO NOTHING;
INSERT INTO products (id, type, name, slug, price, compare_at_price, stock, sku, thumbnail_url, is_featured, is_active, car_model_id, car_variant_id, part_id, created_at, updated_at) VALUES ('a9b87879-6229-5fbd-b429-0feeb34beea2', 'PART', 'HD Reverse Camera with Dynamic Guidelines', 'part-hd-reverse-camera-dynamic', 3200, NULL, 45, 'PROD-ELC-00402', 'https://images.pexels.com/photos/4489702/pexels-photo-4489702.jpeg?auto=compress&cs=tinysrgb&w=1920&h=1080&fit=crop&q=85', FALSE, TRUE, NULL, NULL, 'dacbf73e-73b8-5e8e-a635-746c7451b00a', '2026-07-03T00:00:00.000Z'::timestamp, '2026-07-03T00:00:00.000Z'::timestamp) ON CONFLICT (slug) DO NOTHING;
INSERT INTO product_images (id, product_id, url, alt, sort_order) VALUES ('73e3db47-7f13-5a21-8bcf-9eeecd5d1ae1', 'a9b87879-6229-5fbd-b429-0feeb34beea2', 'https://images.pexels.com/photos/4489702/pexels-photo-4489702.jpeg?auto=compress&cs=tinysrgb&w=1920&h=1080&fit=crop&q=85', 'HD Reverse Camera with Dynamic Guidelines', 0) ON CONFLICT DO NOTHING;
INSERT INTO parts (id, category_id, name, slug, part_number, price, stock, description, description_bn, compatible_brands, compatible_models, compatible_year_from, compatible_year_to, is_active, created_at) VALUES ('40c5e555-ec31-58cb-8176-34d5f95e3037', '845fceb7-476d-53e0-b3a6-909ebf02b07d', 'Front & Rear Parking Sensor Kit (8-Sensor)', 'parking-sensor-kit-8', 'ELC-00403', 4500, 32, 'Eight-sensor ultrasonic parking system with dash-mounted LED display and audible alerts. Front sensors activate below 20 km/h; rear sensors active in reverse. Adjustable sensitivity for Bangladesh tight parking. Colour-coded sensors match common paint colours. Drill-free adhesive option for temporary fitment. Includes control module and full wiring harness.', '৮-সেন্সর আল্ট্রাসনিক পার্কিং সিস্টেম ড্যাশ ডিসপ্লে সহ।', ARRAY['Toyota', 'Hyundai', 'Nissan']::text[], ARRAY['Fortuner', 'Santa Fe', 'Navara', 'Corolla Cross']::text[], 2018, 2025, TRUE, '2026-07-03T00:00:00.000Z'::timestamp) ON CONFLICT (slug) DO NOTHING;
INSERT INTO part_images (id, part_id, url, alt, sort_order) VALUES ('f9a8e47c-a48f-5550-8adb-e3895bdf52f1', '40c5e555-ec31-58cb-8176-34d5f95e3037', 'https://images.pexels.com/photos/4489702/pexels-photo-4489702.jpeg?auto=compress&cs=tinysrgb&w=1920&h=1080&fit=crop&q=85', 'Front & Rear Parking Sensor Kit (8-Sensor)', 0) ON CONFLICT DO NOTHING;
INSERT INTO products (id, type, name, slug, price, compare_at_price, stock, sku, thumbnail_url, is_featured, is_active, car_model_id, car_variant_id, part_id, created_at, updated_at) VALUES ('2c704517-46fd-5e6f-8bf3-a84b626e5ad9', 'PART', 'Front & Rear Parking Sensor Kit (8-Sensor)', 'part-parking-sensor-kit-8', 4500, NULL, 32, 'PROD-ELC-00403', 'https://images.pexels.com/photos/4489702/pexels-photo-4489702.jpeg?auto=compress&cs=tinysrgb&w=1920&h=1080&fit=crop&q=85', FALSE, TRUE, NULL, NULL, '40c5e555-ec31-58cb-8176-34d5f95e3037', '2026-07-03T00:00:00.000Z'::timestamp, '2026-07-03T00:00:00.000Z'::timestamp) ON CONFLICT (slug) DO NOTHING;
INSERT INTO product_images (id, product_id, url, alt, sort_order) VALUES ('786138fb-7521-54f6-8555-0e79f200e312', '2c704517-46fd-5e6f-8bf3-a84b626e5ad9', 'https://images.pexels.com/photos/4489702/pexels-photo-4489702.jpeg?auto=compress&cs=tinysrgb&w=1920&h=1080&fit=crop&q=85', 'Front & Rear Parking Sensor Kit (8-Sensor)', 0) ON CONFLICT DO NOTHING;
INSERT INTO parts (id, category_id, name, slug, part_number, price, stock, description, description_bn, compatible_brands, compatible_models, compatible_year_from, compatible_year_to, is_active, created_at) VALUES ('9420be3a-869f-5a51-9f95-f2694666a50b', '845fceb7-476d-53e0-b3a6-909ebf02b07d', 'OBD2 Diagnostic Scanner (Bluetooth)', 'obd2-scanner-bluetooth', 'ELC-00404', 2800, 50, 'Bluetooth OBD2 scanner compatible with all 2008+ petrol and diesel vehicles sold in Bangladesh. Reads and clears engine fault codes (check engine light), displays live sensor data (RPM, coolant temp, fuel trim). Works with free Torque Pro / Car Scanner apps on Android and iOS. Compact design — leave plugged in for real-time monitoring.', 'ব্লুটুথ OBD2 স্ক্যানার — ইঞ্জিন ফল্ট কোড পড়ে ও মুছে।', ARRAY['Toyota', 'Hyundai', 'Nissan']::text[], ARRAY['Corolla Cross', 'Tucson', 'X-Trail', 'Creta', 'Elantra']::text[], 2016, 2025, TRUE, '2026-07-03T00:00:00.000Z'::timestamp) ON CONFLICT (slug) DO NOTHING;
INSERT INTO part_images (id, part_id, url, alt, sort_order) VALUES ('1e486624-9b42-5068-923b-7a01a8f77812', '9420be3a-869f-5a51-9f95-f2694666a50b', 'https://images.pexels.com/photos/4489702/pexels-photo-4489702.jpeg?auto=compress&cs=tinysrgb&w=1920&h=1080&fit=crop&q=85', 'OBD2 Diagnostic Scanner (Bluetooth)', 0) ON CONFLICT DO NOTHING;
INSERT INTO products (id, type, name, slug, price, compare_at_price, stock, sku, thumbnail_url, is_featured, is_active, car_model_id, car_variant_id, part_id, created_at, updated_at) VALUES ('c3c4476d-0a5d-5d5b-8849-0ba71d6ca4ee', 'PART', 'OBD2 Diagnostic Scanner (Bluetooth)', 'part-obd2-scanner-bluetooth', 2800, NULL, 50, 'PROD-ELC-00404', 'https://images.pexels.com/photos/4489702/pexels-photo-4489702.jpeg?auto=compress&cs=tinysrgb&w=1920&h=1080&fit=crop&q=85', FALSE, TRUE, NULL, NULL, '9420be3a-869f-5a51-9f95-f2694666a50b', '2026-07-03T00:00:00.000Z'::timestamp, '2026-07-03T00:00:00.000Z'::timestamp) ON CONFLICT (slug) DO NOTHING;
INSERT INTO product_images (id, product_id, url, alt, sort_order) VALUES ('754bc397-25e5-5412-9823-1f000f04423d', 'c3c4476d-0a5d-5d5b-8849-0ba71d6ca4ee', 'https://images.pexels.com/photos/4489702/pexels-photo-4489702.jpeg?auto=compress&cs=tinysrgb&w=1920&h=1080&fit=crop&q=85', 'OBD2 Diagnostic Scanner (Bluetooth)', 0) ON CONFLICT DO NOTHING;
INSERT INTO parts (id, category_id, name, slug, part_number, price, stock, description, description_bn, compatible_brands, compatible_models, compatible_year_from, compatible_year_to, is_active, created_at) VALUES ('34a0f84e-8e97-5c50-97e1-bef8c1752e9e', '845fceb7-476d-53e0-b3a6-909ebf02b07d', 'LED Headlight Bulb H7 (6000K Pair)', 'led-headlight-bulb-h7-pair', 'ELC-00405', 2400, 60, 'Pair of H7 LED headlight bulbs producing 6,000K cool white light — 3× brighter than halogen. Built-in cooling fan and aluminium heat sink for tropical reliability. CAN-bus compatible to prevent dashboard error codes. Road-legal beam pattern with proper cutoff (where regulations permit). Plug-and-play installation; no ballast required.', 'H7 LED হেডলাইট বাল্ব পেয়ার — ৬০০০K কুল হোয়াইট, হ্যালোজেনের চেয়ে ৩ গুণ উজ্জ্বল।', ARRAY['Toyota', 'Hyundai', 'Nissan']::text[], ARRAY['Axio', 'Premio', 'Sunny', 'i10', 'Magnite']::text[], 2016, 2025, TRUE, '2026-07-03T00:00:00.000Z'::timestamp) ON CONFLICT (slug) DO NOTHING;
INSERT INTO part_images (id, part_id, url, alt, sort_order) VALUES ('fa0dc70d-4d2c-51cb-9664-4a918644cee8', '34a0f84e-8e97-5c50-97e1-bef8c1752e9e', 'https://images.pexels.com/photos/3642618/pexels-photo-3642618.jpeg?auto=compress&cs=tinysrgb&w=1920&h=1080&fit=crop&q=85', 'LED Headlight Bulb H7 (6000K Pair)', 0) ON CONFLICT DO NOTHING;
INSERT INTO products (id, type, name, slug, price, compare_at_price, stock, sku, thumbnail_url, is_featured, is_active, car_model_id, car_variant_id, part_id, created_at, updated_at) VALUES ('f98d300a-6777-583a-befe-bc5e47cbcb0e', 'PART', 'LED Headlight Bulb H7 (6000K Pair)', 'part-led-headlight-bulb-h7-pair', 2400, NULL, 60, 'PROD-ELC-00405', 'https://images.pexels.com/photos/3642618/pexels-photo-3642618.jpeg?auto=compress&cs=tinysrgb&w=1920&h=1080&fit=crop&q=85', FALSE, TRUE, NULL, NULL, '34a0f84e-8e97-5c50-97e1-bef8c1752e9e', '2026-07-03T00:00:00.000Z'::timestamp, '2026-07-03T00:00:00.000Z'::timestamp) ON CONFLICT (slug) DO NOTHING;
INSERT INTO product_images (id, product_id, url, alt, sort_order) VALUES ('7acf0272-0c59-5493-a378-cf9e445f700e', 'f98d300a-6777-583a-befe-bc5e47cbcb0e', 'https://images.pexels.com/photos/3642618/pexels-photo-3642618.jpeg?auto=compress&cs=tinysrgb&w=1920&h=1080&fit=crop&q=85', 'LED Headlight Bulb H7 (6000K Pair)', 0) ON CONFLICT DO NOTHING;
INSERT INTO parts (id, category_id, name, slug, part_number, price, stock, description, description_bn, compatible_brands, compatible_models, compatible_year_from, compatible_year_to, is_active, created_at) VALUES ('6ac8f992-240e-5604-9faf-7c19e5e8b4ab', '845fceb7-476d-53e0-b3a6-909ebf02b07d', 'Maintenance-Free Battery 65Ah DIN55', 'battery-65ah-din55', 'ELC-00406', 11500, 25, '65Ah maintenance-free calcium battery with 550 CCA cold cranking amps. Suited for vehicles with start-stop technology and multiple electronic accessories. Factory-charged and ready to install. Average lifespan 2–3 years in Bangladesh climate. Old battery core exchange accepted. Check alternator output if repeated flat battery occurs.', '৬৫Ah মেইনটেন্যান্স-ফ্রি ব্যাটারি ৫৫০ CCA — স্টার্ট-স্টপ গাড়ির জন্য উপযুক্ত।', ARRAY['Toyota', 'Hyundai']::text[], ARRAY['Allion', 'Corolla Cross', 'Elantra', 'Tucson']::text[], 2017, 2025, TRUE, '2026-07-03T00:00:00.000Z'::timestamp) ON CONFLICT (slug) DO NOTHING;
INSERT INTO part_images (id, part_id, url, alt, sort_order) VALUES ('9300b9f4-bbb5-5384-ae6e-4a9460bf38b0', '6ac8f992-240e-5604-9faf-7c19e5e8b4ab', 'https://images.pexels.com/photos/16255345/pexels-photo-16255345.jpeg?auto=compress&cs=tinysrgb&w=1920&h=1080&fit=crop&q=85', 'Maintenance-Free Battery 65Ah DIN55', 0) ON CONFLICT DO NOTHING;
INSERT INTO products (id, type, name, slug, price, compare_at_price, stock, sku, thumbnail_url, is_featured, is_active, car_model_id, car_variant_id, part_id, created_at, updated_at) VALUES ('eaae5c19-8564-5e46-b7e4-da5744e9f03c', 'PART', 'Maintenance-Free Battery 65Ah DIN55', 'part-battery-65ah-din55', 11500, NULL, 25, 'PROD-ELC-00406', 'https://images.pexels.com/photos/16255345/pexels-photo-16255345.jpeg?auto=compress&cs=tinysrgb&w=1920&h=1080&fit=crop&q=85', FALSE, TRUE, NULL, NULL, '6ac8f992-240e-5604-9faf-7c19e5e8b4ab', '2026-07-03T00:00:00.000Z'::timestamp, '2026-07-03T00:00:00.000Z'::timestamp) ON CONFLICT (slug) DO NOTHING;
INSERT INTO product_images (id, product_id, url, alt, sort_order) VALUES ('0c6683c4-cb2d-5f16-b169-4358d56c0087', 'eaae5c19-8564-5e46-b7e4-da5744e9f03c', 'https://images.pexels.com/photos/16255345/pexels-photo-16255345.jpeg?auto=compress&cs=tinysrgb&w=1920&h=1080&fit=crop&q=85', 'Maintenance-Free Battery 65Ah DIN55', 0) ON CONFLICT DO NOTHING;
INSERT INTO parts (id, category_id, name, slug, part_number, price, stock, description, description_bn, compatible_brands, compatible_models, compatible_year_from, compatible_year_to, is_active, created_at) VALUES ('8cea7162-82a3-5c46-9de3-e8cbdb71595b', '845fceb7-476d-53e0-b3a6-909ebf02b07d', 'Dash Cam Front 2K with G-Sensor', 'dash-cam-front-2k-gsensor', 'ELC-00407', 6800, 28, '2K (1440p) front dash camera with 140° wide angle, WDR night vision, and G-sensor incident lock. Loop recording on microSD (card not included, supports up to 128 GB). Parking mode with hardwire kit (optional). Supercapacitor design withstands Bangladesh summer heat better than battery-powered units. Evidence footage for insurance claims.', '২K ফ্রন্ট ড্যাশ ক্যাম G-সেন্সর ও রাত্রি ভিশন সহ।', ARRAY['Toyota', 'Hyundai', 'Nissan']::text[], ARRAY['Corolla Cross', 'Fortuner', 'Creta', 'X-Trail']::text[], 2018, 2025, TRUE, '2026-07-03T00:00:00.000Z'::timestamp) ON CONFLICT (slug) DO NOTHING;
INSERT INTO part_images (id, part_id, url, alt, sort_order) VALUES ('1159fba7-af82-555e-8110-fd4d27ba2ff7', '8cea7162-82a3-5c46-9de3-e8cbdb71595b', 'https://images.pexels.com/photos/3802508/pexels-photo-3802508.jpeg?auto=compress&cs=tinysrgb&w=1920&h=1080&fit=crop&q=85', 'Dash Cam Front 2K with G-Sensor', 0) ON CONFLICT DO NOTHING;
INSERT INTO products (id, type, name, slug, price, compare_at_price, stock, sku, thumbnail_url, is_featured, is_active, car_model_id, car_variant_id, part_id, created_at, updated_at) VALUES ('d6605f7a-49f4-54da-9fdc-cc1750663db4', 'PART', 'Dash Cam Front 2K with G-Sensor', 'part-dash-cam-front-2k-gsensor', 6800, NULL, 28, 'PROD-ELC-00407', 'https://images.pexels.com/photos/3802508/pexels-photo-3802508.jpeg?auto=compress&cs=tinysrgb&w=1920&h=1080&fit=crop&q=85', FALSE, TRUE, NULL, NULL, '8cea7162-82a3-5c46-9de3-e8cbdb71595b', '2026-07-03T00:00:00.000Z'::timestamp, '2026-07-03T00:00:00.000Z'::timestamp) ON CONFLICT (slug) DO NOTHING;
INSERT INTO product_images (id, product_id, url, alt, sort_order) VALUES ('0e272f96-891c-58ce-9cff-d61e160bb68e', 'd6605f7a-49f4-54da-9fdc-cc1750663db4', 'https://images.pexels.com/photos/3802508/pexels-photo-3802508.jpeg?auto=compress&cs=tinysrgb&w=1920&h=1080&fit=crop&q=85', 'Dash Cam Front 2K with G-Sensor', 0) ON CONFLICT DO NOTHING;
INSERT INTO parts (id, category_id, name, slug, part_number, price, stock, description, description_bn, compatible_brands, compatible_models, compatible_year_from, compatible_year_to, is_active, created_at) VALUES ('c4f26d04-49bb-571a-86cd-758ac963ba86', 'd467cdb6-9463-5cc9-9660-43b78f94563d', 'Premium Leather Seat Cover Set (5-Seat)', 'premium-leather-seat-cover-5', 'INT-00501', 12500, 20, 'Full-set PU leather seat covers with perforated centre panels for breathability in hot weather. Tailored fit for sedan and compact SUV platforms — includes headrest covers, armrest cover, and ISOFIX cutouts. UV-resistant stitching prevents fading. Installation guide and fitting hooks included. Protects original upholstery and increases resale value.', 'প্রিমিয়াম পিইউ লেদার সিট কভার সেট — গরম আবহাওয়ায় শ্বাস-প্রশ্বাসযোগ্য প্যানেল।', ARRAY['Toyota', 'Hyundai', 'Nissan']::text[], ARRAY['Corolla Cross', 'Allion', 'Elantra', 'Sunny']::text[], 2017, 2025, TRUE, '2026-07-03T00:00:00.000Z'::timestamp) ON CONFLICT (slug) DO NOTHING;
INSERT INTO part_images (id, part_id, url, alt, sort_order) VALUES ('6c689bda-8c44-5aac-a49e-0e4fec8ea7a5', 'c4f26d04-49bb-571a-86cd-758ac963ba86', 'https://images.pexels.com/photos/3802508/pexels-photo-3802508.jpeg?auto=compress&cs=tinysrgb&w=1920&h=1080&fit=crop&q=85', 'Premium Leather Seat Cover Set (5-Seat)', 0) ON CONFLICT DO NOTHING;
INSERT INTO products (id, type, name, slug, price, compare_at_price, stock, sku, thumbnail_url, is_featured, is_active, car_model_id, car_variant_id, part_id, created_at, updated_at) VALUES ('41f7de65-d977-5a44-9d11-53ea201fb66a', 'PART', 'Premium Leather Seat Cover Set (5-Seat)', 'part-premium-leather-seat-cover-5', 12500, NULL, 20, 'PROD-INT-00501', 'https://images.pexels.com/photos/3802508/pexels-photo-3802508.jpeg?auto=compress&cs=tinysrgb&w=1920&h=1080&fit=crop&q=85', TRUE, TRUE, NULL, NULL, 'c4f26d04-49bb-571a-86cd-758ac963ba86', '2026-07-03T00:00:00.000Z'::timestamp, '2026-07-03T00:00:00.000Z'::timestamp) ON CONFLICT (slug) DO NOTHING;
INSERT INTO product_images (id, product_id, url, alt, sort_order) VALUES ('4169ec05-c95d-5da4-94e6-14f78d83c286', '41f7de65-d977-5a44-9d11-53ea201fb66a', 'https://images.pexels.com/photos/3802508/pexels-photo-3802508.jpeg?auto=compress&cs=tinysrgb&w=1920&h=1080&fit=crop&q=85', 'Premium Leather Seat Cover Set (5-Seat)', 0) ON CONFLICT DO NOTHING;
INSERT INTO parts (id, category_id, name, slug, part_number, price, stock, description, description_bn, compatible_brands, compatible_models, compatible_year_from, compatible_year_to, is_active, created_at) VALUES ('c6d5216e-33d8-54f9-ad6e-f48501186d95', 'd467cdb6-9463-5cc9-9660-43b78f94563d', '3D Custom Floor Mat Set (All-Weather)', '3d-floor-mat-all-weather', 'INT-00502', 4500, 35, 'Laser-measured 3D floor mats with raised edges to contain mud, water, and sand during monsoon season. Odourless TPE material — no rubber smell in enclosed cabin. Anti-slip backing grips carpet securely. Set includes driver, passenger, and rear mats. Hose down for easy cleaning. Model-specific fitment — verify compatibility before ordering.', '৩ডি অল-উইদার ফ্লোর ম্যাট — বর্ষায় পানি ও কাদা ধরে রাখে।', ARRAY['Toyota', 'Hyundai']::text[], ARRAY['Corolla Cross', 'Rush', 'Tucson', 'Creta']::text[], 2019, 2025, TRUE, '2026-07-03T00:00:00.000Z'::timestamp) ON CONFLICT (slug) DO NOTHING;
INSERT INTO part_images (id, part_id, url, alt, sort_order) VALUES ('c26b6001-f838-5df9-974a-d5dee5bdebae', 'c6d5216e-33d8-54f9-ad6e-f48501186d95', 'https://images.pexels.com/photos/3802508/pexels-photo-3802508.jpeg?auto=compress&cs=tinysrgb&w=1920&h=1080&fit=crop&q=85', '3D Custom Floor Mat Set (All-Weather)', 0) ON CONFLICT DO NOTHING;
INSERT INTO products (id, type, name, slug, price, compare_at_price, stock, sku, thumbnail_url, is_featured, is_active, car_model_id, car_variant_id, part_id, created_at, updated_at) VALUES ('919fb471-7f26-5899-b168-0fe34bbcc3b0', 'PART', '3D Custom Floor Mat Set (All-Weather)', 'part-3d-floor-mat-all-weather', 4500, NULL, 35, 'PROD-INT-00502', 'https://images.pexels.com/photos/3802508/pexels-photo-3802508.jpeg?auto=compress&cs=tinysrgb&w=1920&h=1080&fit=crop&q=85', FALSE, TRUE, NULL, NULL, 'c6d5216e-33d8-54f9-ad6e-f48501186d95', '2026-07-03T00:00:00.000Z'::timestamp, '2026-07-03T00:00:00.000Z'::timestamp) ON CONFLICT (slug) DO NOTHING;
INSERT INTO product_images (id, product_id, url, alt, sort_order) VALUES ('7bc2c0ff-ad35-5312-969c-a025dd55b924', '919fb471-7f26-5899-b168-0fe34bbcc3b0', 'https://images.pexels.com/photos/3802508/pexels-photo-3802508.jpeg?auto=compress&cs=tinysrgb&w=1920&h=1080&fit=crop&q=85', '3D Custom Floor Mat Set (All-Weather)', 0) ON CONFLICT DO NOTHING;
INSERT INTO parts (id, category_id, name, slug, part_number, price, stock, description, description_bn, compatible_brands, compatible_models, compatible_year_from, compatible_year_to, is_active, created_at) VALUES ('ded0e3b2-0558-563f-8ac7-9b1d3ad8a836', 'd467cdb6-9463-5cc9-9660-43b78f94563d', 'Leather Steering Wheel Cover (Stitched)', 'leather-steering-wheel-cover', 'INT-00503', 1200, 65, 'Hand-stitched genuine leather steering wheel cover for 37–38 cm wheels. Restores grip on worn factory steering wheels and adds premium feel. Breathable holes prevent sweaty palms. Thread-through lacing installation — no adhesive needed. Available in black with contrast stitching. Universal fit with trimming guide for odd sizes.', 'হস্তনির্মিত লেদার স্টিয়ারিং হুইল কভার — ৩৭-৩৮ সেমি চাকার জন্য।', ARRAY['Toyota', 'Hyundai', 'Nissan']::text[], ARRAY['Allion', 'Premio', 'Axio', 'Sunny', 'i10']::text[], 2016, 2025, TRUE, '2026-07-03T00:00:00.000Z'::timestamp) ON CONFLICT (slug) DO NOTHING;
INSERT INTO part_images (id, part_id, url, alt, sort_order) VALUES ('4dfca225-8962-54a4-a181-e298f103e2bc', 'ded0e3b2-0558-563f-8ac7-9b1d3ad8a836', 'https://images.pexels.com/photos/3802508/pexels-photo-3802508.jpeg?auto=compress&cs=tinysrgb&w=1920&h=1080&fit=crop&q=85', 'Leather Steering Wheel Cover (Stitched)', 0) ON CONFLICT DO NOTHING;
INSERT INTO products (id, type, name, slug, price, compare_at_price, stock, sku, thumbnail_url, is_featured, is_active, car_model_id, car_variant_id, part_id, created_at, updated_at) VALUES ('b3083364-26d0-55f5-b3b9-c5fda59446ad', 'PART', 'Leather Steering Wheel Cover (Stitched)', 'part-leather-steering-wheel-cover', 1200, NULL, 65, 'PROD-INT-00503', 'https://images.pexels.com/photos/3802508/pexels-photo-3802508.jpeg?auto=compress&cs=tinysrgb&w=1920&h=1080&fit=crop&q=85', FALSE, TRUE, NULL, NULL, 'ded0e3b2-0558-563f-8ac7-9b1d3ad8a836', '2026-07-03T00:00:00.000Z'::timestamp, '2026-07-03T00:00:00.000Z'::timestamp) ON CONFLICT (slug) DO NOTHING;
INSERT INTO product_images (id, product_id, url, alt, sort_order) VALUES ('a0b00703-0bfe-5b9d-8808-81ade9e068d7', 'b3083364-26d0-55f5-b3b9-c5fda59446ad', 'https://images.pexels.com/photos/3802508/pexels-photo-3802508.jpeg?auto=compress&cs=tinysrgb&w=1920&h=1080&fit=crop&q=85', 'Leather Steering Wheel Cover (Stitched)', 0) ON CONFLICT DO NOTHING;
INSERT INTO parts (id, category_id, name, slug, part_number, price, stock, description, description_bn, compatible_brands, compatible_models, compatible_year_from, compatible_year_to, is_active, created_at) VALUES ('af58b5c2-5914-53bc-a243-851357efce24', 'd467cdb6-9463-5cc9-9660-43b78f94563d', 'Foldable Windshield Sun Shade (Universal)', 'foldable-windshield-sun-shade', 'INT-00504', 850, 80, 'Accordion-fold sun shade reflects up to 95% of UV radiation, keeping cabin temperature 15–20°C cooler when parked in direct sun. Silver reflective outer layer; foam core insulates dashboard from heat damage. Universal size trims to fit most sedans and SUVs. Storage pouch included. Essential accessory for Bangladesh summer parking.', 'ভাঁজযোগ্য সান শেড — ৯৫% ইউভি প্রতিফলন, কেবিন ঠান্ডা রাখে।', ARRAY['Toyota', 'Hyundai', 'Nissan']::text[], ARRAY['Corolla Cross', 'Tucson', 'X-Trail', 'Fortuner']::text[], 2016, 2025, TRUE, '2026-07-03T00:00:00.000Z'::timestamp) ON CONFLICT (slug) DO NOTHING;
INSERT INTO part_images (id, part_id, url, alt, sort_order) VALUES ('5f3ff399-a9d1-510b-b50c-3431b9cfdfe6', 'af58b5c2-5914-53bc-a243-851357efce24', 'https://images.pexels.com/photos/3802508/pexels-photo-3802508.jpeg?auto=compress&cs=tinysrgb&w=1920&h=1080&fit=crop&q=85', 'Foldable Windshield Sun Shade (Universal)', 0) ON CONFLICT DO NOTHING;
INSERT INTO products (id, type, name, slug, price, compare_at_price, stock, sku, thumbnail_url, is_featured, is_active, car_model_id, car_variant_id, part_id, created_at, updated_at) VALUES ('036dd0b7-9c7d-50a6-b67a-fda558b67a23', 'PART', 'Foldable Windshield Sun Shade (Universal)', 'part-foldable-windshield-sun-shade', 850, NULL, 80, 'PROD-INT-00504', 'https://images.pexels.com/photos/3802508/pexels-photo-3802508.jpeg?auto=compress&cs=tinysrgb&w=1920&h=1080&fit=crop&q=85', FALSE, TRUE, NULL, NULL, 'af58b5c2-5914-53bc-a243-851357efce24', '2026-07-03T00:00:00.000Z'::timestamp, '2026-07-03T00:00:00.000Z'::timestamp) ON CONFLICT (slug) DO NOTHING;
INSERT INTO product_images (id, product_id, url, alt, sort_order) VALUES ('b3ab95a5-8fa4-56d6-ac16-6a13f749e8d6', '036dd0b7-9c7d-50a6-b67a-fda558b67a23', 'https://images.pexels.com/photos/3802508/pexels-photo-3802508.jpeg?auto=compress&cs=tinysrgb&w=1920&h=1080&fit=crop&q=85', 'Foldable Windshield Sun Shade (Universal)', 0) ON CONFLICT DO NOTHING;
INSERT INTO parts (id, category_id, name, slug, part_number, price, stock, description, description_bn, compatible_brands, compatible_models, compatible_year_from, compatible_year_to, is_active, created_at) VALUES ('229765b5-87e7-5c91-9698-0c59153008df', 'd467cdb6-9463-5cc9-9660-43b78f94563d', 'Anti-Slip Dashboard Cover Mat', 'anti-slip-dashboard-cover-mat', 'INT-00505', 950, 55, 'Custom-fit dashboard cover mat prevents UV cracking and reduces windshield glare. Soft velvet surface holds sunglasses and phones without sliding. Centre cutout for centre speaker and air vents. Machine washable. Model-specific shapes available — reduces dashboard reflection on windscreen during daytime driving.', 'অ্যান্টি-স্লিপ ড্যাশবোর্ড কভার — ইউভি ক্র্যাকিং প্রতিরোধ করে।', ARRAY['Toyota', 'Nissan']::text[], ARRAY['Premio', 'Axio', 'Sunny', 'Teana']::text[], 2016, 2024, TRUE, '2026-07-03T00:00:00.000Z'::timestamp) ON CONFLICT (slug) DO NOTHING;
INSERT INTO part_images (id, part_id, url, alt, sort_order) VALUES ('4d1c47eb-28a6-57c5-996b-2b6a7e9edb36', '229765b5-87e7-5c91-9698-0c59153008df', 'https://images.pexels.com/photos/3802508/pexels-photo-3802508.jpeg?auto=compress&cs=tinysrgb&w=1920&h=1080&fit=crop&q=85', 'Anti-Slip Dashboard Cover Mat', 0) ON CONFLICT DO NOTHING;
INSERT INTO products (id, type, name, slug, price, compare_at_price, stock, sku, thumbnail_url, is_featured, is_active, car_model_id, car_variant_id, part_id, created_at, updated_at) VALUES ('bfc3e5bc-9dce-543d-932b-4f28fec620b5', 'PART', 'Anti-Slip Dashboard Cover Mat', 'part-anti-slip-dashboard-cover-mat', 950, NULL, 55, 'PROD-INT-00505', 'https://images.pexels.com/photos/3802508/pexels-photo-3802508.jpeg?auto=compress&cs=tinysrgb&w=1920&h=1080&fit=crop&q=85', FALSE, TRUE, NULL, NULL, '229765b5-87e7-5c91-9698-0c59153008df', '2026-07-03T00:00:00.000Z'::timestamp, '2026-07-03T00:00:00.000Z'::timestamp) ON CONFLICT (slug) DO NOTHING;
INSERT INTO product_images (id, product_id, url, alt, sort_order) VALUES ('e7a2630a-7637-5337-bf40-acac3543f49d', 'bfc3e5bc-9dce-543d-932b-4f28fec620b5', 'https://images.pexels.com/photos/3802508/pexels-photo-3802508.jpeg?auto=compress&cs=tinysrgb&w=1920&h=1080&fit=crop&q=85', 'Anti-Slip Dashboard Cover Mat', 0) ON CONFLICT DO NOTHING;
INSERT INTO parts (id, category_id, name, slug, part_number, price, stock, description, description_bn, compatible_brands, compatible_models, compatible_year_from, compatible_year_to, is_active, created_at) VALUES ('e5bdb399-80f1-5a3c-91a1-f596f961b65c', 'd467cdb6-9463-5cc9-9660-43b78f94563d', 'Centre Console Armrest with Storage', 'centre-console-armrest-storage', 'INT-00506', 3800, 18, 'Retrofit centre armrest with padded lid, internal storage compartment, and USB pass-through port. Bolt-on installation using factory mounting points — no drilling. Adjustable slide rail for driver comfort on long highway trips. Matches factory interior colour palette (black/grey). Popular upgrade for base-trim vehicles without factory armrest.', 'সেন্টার আর্মরেস্ট স্টোরেজ ও ইউএসবি পোর্ট সহ।', ARRAY['Hyundai']::text[], ARRAY['Creta', 'i10', 'Elantra']::text[], 2018, 2025, TRUE, '2026-07-03T00:00:00.000Z'::timestamp) ON CONFLICT (slug) DO NOTHING;
INSERT INTO part_images (id, part_id, url, alt, sort_order) VALUES ('3e1756a1-3d17-5c33-b98e-543d19464f60', 'e5bdb399-80f1-5a3c-91a1-f596f961b65c', 'https://images.pexels.com/photos/3802508/pexels-photo-3802508.jpeg?auto=compress&cs=tinysrgb&w=1920&h=1080&fit=crop&q=85', 'Centre Console Armrest with Storage', 0) ON CONFLICT DO NOTHING;
INSERT INTO products (id, type, name, slug, price, compare_at_price, stock, sku, thumbnail_url, is_featured, is_active, car_model_id, car_variant_id, part_id, created_at, updated_at) VALUES ('5afe2681-f5d0-5f8f-9c6c-40d3fdbc5151', 'PART', 'Centre Console Armrest with Storage', 'part-centre-console-armrest-storage', 3800, NULL, 18, 'PROD-INT-00506', 'https://images.pexels.com/photos/3802508/pexels-photo-3802508.jpeg?auto=compress&cs=tinysrgb&w=1920&h=1080&fit=crop&q=85', FALSE, TRUE, NULL, NULL, 'e5bdb399-80f1-5a3c-91a1-f596f961b65c', '2026-07-03T00:00:00.000Z'::timestamp, '2026-07-03T00:00:00.000Z'::timestamp) ON CONFLICT (slug) DO NOTHING;
INSERT INTO product_images (id, product_id, url, alt, sort_order) VALUES ('cdce27ab-81d1-5fbe-a217-e67370d46c76', '5afe2681-f5d0-5f8f-9c6c-40d3fdbc5151', 'https://images.pexels.com/photos/3802508/pexels-photo-3802508.jpeg?auto=compress&cs=tinysrgb&w=1920&h=1080&fit=crop&q=85', 'Centre Console Armrest with Storage', 0) ON CONFLICT DO NOTHING;
INSERT INTO parts (id, category_id, name, slug, part_number, price, stock, description, description_bn, compatible_brands, compatible_models, compatible_year_from, compatible_year_to, is_active, created_at) VALUES ('fe558d6c-d33a-5d15-bf05-48547bd69497', 'd467cdb6-9463-5cc9-9660-43b78f94563d', 'Rear Seat Organizer with Tablet Holder', 'rear-seat-organizer-tablet', 'INT-00507', 1650, 40, 'Hanging rear seat organizer with six pockets, bottle holders, and clear tablet sleeve (up to 10"). Keeps kids'' essentials accessible on family trips. Reinforced straps with buckle attach to front seat headrests. Wipe-clean polyester material. Folds flat when not in use. Ideal for SUVs and MPVs used for long-distance Bangladesh highway travel.', 'রিয়ার সিট অর্গানাইজার ট্যাবলেট হোল্ডার সহ — পারিবারিক ভ্রমণে উপযোগী।', ARRAY['Toyota', 'Hyundai', 'Nissan']::text[], ARRAY['Fortuner', 'Santa Fe', 'Navara', 'Corolla Cross']::text[], 2018, 2025, TRUE, '2026-07-03T00:00:00.000Z'::timestamp) ON CONFLICT (slug) DO NOTHING;
INSERT INTO part_images (id, part_id, url, alt, sort_order) VALUES ('730a3e25-4291-5d03-9e21-189e68d5aae1', 'fe558d6c-d33a-5d15-bf05-48547bd69497', 'https://images.pexels.com/photos/3802508/pexels-photo-3802508.jpeg?auto=compress&cs=tinysrgb&w=1920&h=1080&fit=crop&q=85', 'Rear Seat Organizer with Tablet Holder', 0) ON CONFLICT DO NOTHING;
INSERT INTO products (id, type, name, slug, price, compare_at_price, stock, sku, thumbnail_url, is_featured, is_active, car_model_id, car_variant_id, part_id, created_at, updated_at) VALUES ('dc4113e7-5fef-5184-b085-92addf3dcb2c', 'PART', 'Rear Seat Organizer with Tablet Holder', 'part-rear-seat-organizer-tablet', 1650, NULL, 40, 'PROD-INT-00507', 'https://images.pexels.com/photos/3802508/pexels-photo-3802508.jpeg?auto=compress&cs=tinysrgb&w=1920&h=1080&fit=crop&q=85', FALSE, TRUE, NULL, NULL, 'fe558d6c-d33a-5d15-bf05-48547bd69497', '2026-07-03T00:00:00.000Z'::timestamp, '2026-07-03T00:00:00.000Z'::timestamp) ON CONFLICT (slug) DO NOTHING;
INSERT INTO product_images (id, product_id, url, alt, sort_order) VALUES ('944e4c9a-bd3e-5e68-8ae4-a0b129f68d2b', 'dc4113e7-5fef-5184-b085-92addf3dcb2c', 'https://images.pexels.com/photos/3802508/pexels-photo-3802508.jpeg?auto=compress&cs=tinysrgb&w=1920&h=1080&fit=crop&q=85', 'Rear Seat Organizer with Tablet Holder', 0) ON CONFLICT DO NOTHING;
INSERT INTO parts (id, category_id, name, slug, part_number, price, stock, description, description_bn, compatible_brands, compatible_models, compatible_year_from, compatible_year_to, is_active, created_at) VALUES ('b79be434-dd1e-598e-afb1-1d7b4fea793f', '6271cb65-3f43-52ee-896b-81f15a9a1954', 'Front Bumper Cover (Primed)', 'front-bumper-cover-primed', 'EXT-00601', 18500, 6, 'Primed front bumper cover ready for paint match at body shop. Impact-resistant PP plastic matches factory thickness and clip positions. Includes mounting brackets and fog lamp cutouts where applicable. Professional paint and fitment required. Verify VIN/chassis year before ordering — facelift models may differ. 30-day return if fitment issue confirmed.', 'প্রাইমড ফ্রন্ট বাম্পার কভার — বডি শপে পেইন্ট ম্যাচ করতে হবে।', ARRAY['Toyota']::text[], ARRAY['Corolla Cross', 'Allion', 'Rush']::text[], 2018, 2025, TRUE, '2026-07-03T00:00:00.000Z'::timestamp) ON CONFLICT (slug) DO NOTHING;
INSERT INTO part_images (id, part_id, url, alt, sort_order) VALUES ('6b59c870-042a-54b7-94e6-78daeeee3757', 'b79be434-dd1e-598e-afb1-1d7b4fea793f', 'https://images.pexels.com/photos/170811/pexels-photo-170811.jpeg?auto=compress&cs=tinysrgb&w=1920&h=1080&fit=crop&q=85', 'Front Bumper Cover (Primed)', 0) ON CONFLICT DO NOTHING;
INSERT INTO products (id, type, name, slug, price, compare_at_price, stock, sku, thumbnail_url, is_featured, is_active, car_model_id, car_variant_id, part_id, created_at, updated_at) VALUES ('700419b7-94bb-591f-8d3b-a437658fe692', 'PART', 'Front Bumper Cover (Primed)', 'part-front-bumper-cover-primed', 18500, NULL, 6, 'PROD-EXT-00601', 'https://images.pexels.com/photos/170811/pexels-photo-170811.jpeg?auto=compress&cs=tinysrgb&w=1920&h=1080&fit=crop&q=85', FALSE, TRUE, NULL, NULL, 'b79be434-dd1e-598e-afb1-1d7b4fea793f', '2026-07-03T00:00:00.000Z'::timestamp, '2026-07-03T00:00:00.000Z'::timestamp) ON CONFLICT (slug) DO NOTHING;
INSERT INTO product_images (id, product_id, url, alt, sort_order) VALUES ('4ee173c5-9b5f-5edf-b36a-159e4801e48b', '700419b7-94bb-591f-8d3b-a437658fe692', 'https://images.pexels.com/photos/170811/pexels-photo-170811.jpeg?auto=compress&cs=tinysrgb&w=1920&h=1080&fit=crop&q=85', 'Front Bumper Cover (Primed)', 0) ON CONFLICT DO NOTHING;
INSERT INTO parts (id, category_id, name, slug, part_number, price, stock, description, description_bn, compatible_brands, compatible_models, compatible_year_from, compatible_year_to, is_active, created_at) VALUES ('c8f423f2-eee4-5add-8ce3-0dbce9de162b', '6271cb65-3f43-52ee-896b-81f15a9a1954', 'Power Side Mirror Assembly (RH)', 'power-side-mirror-assembly-rh', 'EXT-00602', 6200, 12, 'Complete right-hand power side mirror with heated glass and indicator repeater (where equipped). Plug-and-play electrical connector. Primed cover ready for paint. Fold mechanism tested before dispatch. Replace after collision damage or motor failure. Order LH separately for left side. Calibration not required for manual-adjust variants.', 'পাওয়ার সাইড মিরর অ্যাসেম্বলি (ডান) হিটেড গ্লাস সহ।', ARRAY['Hyundai', 'Nissan']::text[], ARRAY['Tucson', 'Creta', 'X-Trail', 'Kicks']::text[], 2019, 2025, TRUE, '2026-07-03T00:00:00.000Z'::timestamp) ON CONFLICT (slug) DO NOTHING;
INSERT INTO part_images (id, part_id, url, alt, sort_order) VALUES ('dc8adae0-dada-5bc3-ae77-3b83fbc65b7e', 'c8f423f2-eee4-5add-8ce3-0dbce9de162b', 'https://images.pexels.com/photos/170811/pexels-photo-170811.jpeg?auto=compress&cs=tinysrgb&w=1920&h=1080&fit=crop&q=85', 'Power Side Mirror Assembly (RH)', 0) ON CONFLICT DO NOTHING;
INSERT INTO products (id, type, name, slug, price, compare_at_price, stock, sku, thumbnail_url, is_featured, is_active, car_model_id, car_variant_id, part_id, created_at, updated_at) VALUES ('4039cb2d-4b01-5093-94ca-0aa9e22e44e2', 'PART', 'Power Side Mirror Assembly (RH)', 'part-power-side-mirror-assembly-rh', 6200, NULL, 12, 'PROD-EXT-00602', 'https://images.pexels.com/photos/170811/pexels-photo-170811.jpeg?auto=compress&cs=tinysrgb&w=1920&h=1080&fit=crop&q=85', FALSE, TRUE, NULL, NULL, 'c8f423f2-eee4-5add-8ce3-0dbce9de162b', '2026-07-03T00:00:00.000Z'::timestamp, '2026-07-03T00:00:00.000Z'::timestamp) ON CONFLICT (slug) DO NOTHING;
INSERT INTO product_images (id, product_id, url, alt, sort_order) VALUES ('1edae9a0-ee27-51a6-b271-423ac0e75a8d', '4039cb2d-4b01-5093-94ca-0aa9e22e44e2', 'https://images.pexels.com/photos/170811/pexels-photo-170811.jpeg?auto=compress&cs=tinysrgb&w=1920&h=1080&fit=crop&q=85', 'Power Side Mirror Assembly (RH)', 0) ON CONFLICT DO NOTHING;
INSERT INTO parts (id, category_id, name, slug, part_number, price, stock, description, description_bn, compatible_brands, compatible_models, compatible_year_from, compatible_year_to, is_active, created_at) VALUES ('79d32d12-a78d-5f6a-bb44-e7f9a4660e40', '6271cb65-3f43-52ee-896b-81f15a9a1954', 'LED Fog Lamp Kit with Wiring Harness', 'led-fog-lamp-kit-wiring', 'EXT-00603', 3800, 30, 'Pair of 3" LED fog lamps with 6000K output and complete wiring harness with relay and switch. Cuts through fog, rain, and dust common on Bangladesh highways. Stainless mounting brackets; adjustable beam angle. IP67 waterproof rating. Connect to existing fog lamp switch if equipped, or use included dash switch.', 'এলইডি ফগ ল্যাম্প কিট ওয়্যারিং হারনেস সহ — কুয়াশা ও বৃষ্টিতে দৃশ্যমানতা বাড়ায়।', ARRAY['Toyota', 'Hyundai', 'Nissan']::text[], ARRAY['Premio', 'Elantra', 'Sunny', 'Magnite']::text[], 2016, 2025, TRUE, '2026-07-03T00:00:00.000Z'::timestamp) ON CONFLICT (slug) DO NOTHING;
INSERT INTO part_images (id, part_id, url, alt, sort_order) VALUES ('5f820b10-c588-59b8-9066-640cda15b7b7', '79d32d12-a78d-5f6a-bb44-e7f9a4660e40', 'https://images.pexels.com/photos/3642618/pexels-photo-3642618.jpeg?auto=compress&cs=tinysrgb&w=1920&h=1080&fit=crop&q=85', 'LED Fog Lamp Kit with Wiring Harness', 0) ON CONFLICT DO NOTHING;
INSERT INTO products (id, type, name, slug, price, compare_at_price, stock, sku, thumbnail_url, is_featured, is_active, car_model_id, car_variant_id, part_id, created_at, updated_at) VALUES ('7ceb0491-a845-5d51-99da-85c48e5acd96', 'PART', 'LED Fog Lamp Kit with Wiring Harness', 'part-led-fog-lamp-kit-wiring', 3800, NULL, 30, 'PROD-EXT-00603', 'https://images.pexels.com/photos/3642618/pexels-photo-3642618.jpeg?auto=compress&cs=tinysrgb&w=1920&h=1080&fit=crop&q=85', TRUE, TRUE, NULL, NULL, '79d32d12-a78d-5f6a-bb44-e7f9a4660e40', '2026-07-03T00:00:00.000Z'::timestamp, '2026-07-03T00:00:00.000Z'::timestamp) ON CONFLICT (slug) DO NOTHING;
INSERT INTO product_images (id, product_id, url, alt, sort_order) VALUES ('42e46356-5236-578a-a352-5f987c83003f', '7ceb0491-a845-5d51-99da-85c48e5acd96', 'https://images.pexels.com/photos/3642618/pexels-photo-3642618.jpeg?auto=compress&cs=tinysrgb&w=1920&h=1080&fit=crop&q=85', 'LED Fog Lamp Kit with Wiring Harness', 0) ON CONFLICT DO NOTHING;
INSERT INTO parts (id, category_id, name, slug, part_number, price, stock, description, description_bn, compatible_brands, compatible_models, compatible_year_from, compatible_year_to, is_active, created_at) VALUES ('84dac5ef-9de6-5c79-8315-921c752fdb0f', '6271cb65-3f43-52ee-896b-81f15a9a1954', 'Aluminium Roof Rack Cross Bars (Pair)', 'aluminium-roof-rack-cross-bars', 'EXT-00604', 8500, 14, 'Aerodynamic aluminium roof cross bars rated to 75 kg dynamic load. Lockable feet prevent theft; rubber padding protects roof rails. Compatible with roof boxes, bike carriers, and kayak mounts using T-slot adapter. Wind noise minimised by integrated fairing. Check vehicle roof load limit before carrying cargo. Installation tool included.', 'অ্যালুমিনিয়াম রুফ র্যাক ক্রস বার — ৭৫ কেজি ডাইনামিক লোড।', ARRAY['Toyota', 'Nissan']::text[], ARRAY['Fortuner', 'Corolla Cross', 'X-Trail', 'Navara']::text[], 2018, 2025, TRUE, '2026-07-03T00:00:00.000Z'::timestamp) ON CONFLICT (slug) DO NOTHING;
INSERT INTO part_images (id, part_id, url, alt, sort_order) VALUES ('433d5063-3dd9-5dc0-80f8-48e3222eae0e', '84dac5ef-9de6-5c79-8315-921c752fdb0f', 'https://images.pexels.com/photos/909907/pexels-photo-909907.jpeg?auto=compress&cs=tinysrgb&w=1920&h=1080&fit=crop&q=85', 'Aluminium Roof Rack Cross Bars (Pair)', 0) ON CONFLICT DO NOTHING;
INSERT INTO products (id, type, name, slug, price, compare_at_price, stock, sku, thumbnail_url, is_featured, is_active, car_model_id, car_variant_id, part_id, created_at, updated_at) VALUES ('b49fad2e-df8e-52ca-8579-4ad36b1fd34b', 'PART', 'Aluminium Roof Rack Cross Bars (Pair)', 'part-aluminium-roof-rack-cross-bars', 8500, NULL, 14, 'PROD-EXT-00604', 'https://images.pexels.com/photos/909907/pexels-photo-909907.jpeg?auto=compress&cs=tinysrgb&w=1920&h=1080&fit=crop&q=85', FALSE, TRUE, NULL, NULL, '84dac5ef-9de6-5c79-8315-921c752fdb0f', '2026-07-03T00:00:00.000Z'::timestamp, '2026-07-03T00:00:00.000Z'::timestamp) ON CONFLICT (slug) DO NOTHING;
INSERT INTO product_images (id, product_id, url, alt, sort_order) VALUES ('7436488a-2688-5e2d-8dad-bc204f254335', 'b49fad2e-df8e-52ca-8579-4ad36b1fd34b', 'https://images.pexels.com/photos/909907/pexels-photo-909907.jpeg?auto=compress&cs=tinysrgb&w=1920&h=1080&fit=crop&q=85', 'Aluminium Roof Rack Cross Bars (Pair)', 0) ON CONFLICT DO NOTHING;
INSERT INTO parts (id, category_id, name, slug, part_number, price, stock, description, description_bn, compatible_brands, compatible_models, compatible_year_from, compatible_year_to, is_active, created_at) VALUES ('e9b058a0-54da-594e-8a59-c2a43494c57a', '6271cb65-3f43-52ee-896b-81f15a9a1954', 'Chrome Door Handle Cover Set (4pc)', 'chrome-door-handle-cover-4', 'EXT-00605', 2200, 38, 'ABS chrome door handle covers with 3M automotive adhesive backing. Snap-on installation over factory handles — no tools required. UV-coated chrome resists peeling in tropical sun. Set of four exterior handles. Clean surface with alcohol wipe before application. Not compatible with smart-key proximity handles — verify handle type.', 'ক্রোম ডোর হ্যান্ডেল কভার সেট (৪টি) — স্ন্যাপ-অন ইনস্টলেশন।', ARRAY['Toyota', 'Hyundai']::text[], ARRAY['Allion', 'Axio', 'Elantra', 'i10']::text[], 2016, 2024, TRUE, '2026-07-03T00:00:00.000Z'::timestamp) ON CONFLICT (slug) DO NOTHING;
INSERT INTO part_images (id, part_id, url, alt, sort_order) VALUES ('01d6c184-51c9-556d-a2eb-e880daca53b4', 'e9b058a0-54da-594e-8a59-c2a43494c57a', 'https://images.pexels.com/photos/170811/pexels-photo-170811.jpeg?auto=compress&cs=tinysrgb&w=1920&h=1080&fit=crop&q=85', 'Chrome Door Handle Cover Set (4pc)', 0) ON CONFLICT DO NOTHING;
INSERT INTO products (id, type, name, slug, price, compare_at_price, stock, sku, thumbnail_url, is_featured, is_active, car_model_id, car_variant_id, part_id, created_at, updated_at) VALUES ('9658f552-4687-535b-ab9f-b758412d222b', 'PART', 'Chrome Door Handle Cover Set (4pc)', 'part-chrome-door-handle-cover-4', 2200, NULL, 38, 'PROD-EXT-00605', 'https://images.pexels.com/photos/170811/pexels-photo-170811.jpeg?auto=compress&cs=tinysrgb&w=1920&h=1080&fit=crop&q=85', FALSE, TRUE, NULL, NULL, 'e9b058a0-54da-594e-8a59-c2a43494c57a', '2026-07-03T00:00:00.000Z'::timestamp, '2026-07-03T00:00:00.000Z'::timestamp) ON CONFLICT (slug) DO NOTHING;
INSERT INTO product_images (id, product_id, url, alt, sort_order) VALUES ('0f2e4d6c-676e-5e6a-b024-e13e3d495f14', '9658f552-4687-535b-ab9f-b758412d222b', 'https://images.pexels.com/photos/170811/pexels-photo-170811.jpeg?auto=compress&cs=tinysrgb&w=1920&h=1080&fit=crop&q=85', 'Chrome Door Handle Cover Set (4pc)', 0) ON CONFLICT DO NOTHING;
INSERT INTO parts (id, category_id, name, slug, part_number, price, stock, description, description_bn, compatible_brands, compatible_models, compatible_year_from, compatible_year_to, is_active, created_at) VALUES ('d770763d-676d-51d3-9178-b8b8a8aa4329', '6271cb65-3f43-52ee-896b-81f15a9a1954', 'Aerodynamic Wiper Blade Set (26"+14")', 'aerodynamic-wiper-blade-set', 'EXT-00606', 1400, 70, 'Frameless aerodynamic wiper blades for streak-free visibility in monsoon downpours. Natural rubber edge with graphite coating for silent operation. J-hook adapter fits 95% of vehicles — adapter chart included. Replace every 12 months or when streaking appears. Driver 26" + passenger 14" combination for most sedans and CUVs.', 'এয়ারোডাইনামিক ওয়াইপার ব্লেড সেট — বর্ষায় দাগবিহীন দৃশ্যমানতা।', ARRAY['Toyota', 'Hyundai', 'Nissan']::text[], ARRAY['Corolla Cross', 'Tucson', 'X-Trail', 'Sonata']::text[], 2017, 2025, TRUE, '2026-07-03T00:00:00.000Z'::timestamp) ON CONFLICT (slug) DO NOTHING;
INSERT INTO part_images (id, part_id, url, alt, sort_order) VALUES ('3512ba69-da64-5e56-be22-88e4f61710e2', 'd770763d-676d-51d3-9178-b8b8a8aa4329', 'https://images.pexels.com/photos/170811/pexels-photo-170811.jpeg?auto=compress&cs=tinysrgb&w=1920&h=1080&fit=crop&q=85', 'Aerodynamic Wiper Blade Set (26"+14")', 0) ON CONFLICT DO NOTHING;
INSERT INTO products (id, type, name, slug, price, compare_at_price, stock, sku, thumbnail_url, is_featured, is_active, car_model_id, car_variant_id, part_id, created_at, updated_at) VALUES ('37aa7508-35b9-5ac2-b7c7-c31adced2b6f', 'PART', 'Aerodynamic Wiper Blade Set (26"+14")', 'part-aerodynamic-wiper-blade-set', 1400, NULL, 70, 'PROD-EXT-00606', 'https://images.pexels.com/photos/170811/pexels-photo-170811.jpeg?auto=compress&cs=tinysrgb&w=1920&h=1080&fit=crop&q=85', FALSE, TRUE, NULL, NULL, 'd770763d-676d-51d3-9178-b8b8a8aa4329', '2026-07-03T00:00:00.000Z'::timestamp, '2026-07-03T00:00:00.000Z'::timestamp) ON CONFLICT (slug) DO NOTHING;
INSERT INTO product_images (id, product_id, url, alt, sort_order) VALUES ('e3996785-f37f-52cf-b894-013071d87a84', '37aa7508-35b9-5ac2-b7c7-c31adced2b6f', 'https://images.pexels.com/photos/170811/pexels-photo-170811.jpeg?auto=compress&cs=tinysrgb&w=1920&h=1080&fit=crop&q=85', 'Aerodynamic Wiper Blade Set (26"+14")', 0) ON CONFLICT DO NOTHING;
INSERT INTO parts (id, category_id, name, slug, part_number, price, stock, description, description_bn, compatible_brands, compatible_models, compatible_year_from, compatible_year_to, is_active, created_at) VALUES ('65864bc7-ba41-55b8-99ec-3fed2fec97da', '6271cb65-3f43-52ee-896b-81f15a9a1954', 'Bonnet Guard / Bug Deflector (Smoke)', 'bonnet-guard-bug-deflector', 'EXT-00607', 3200, 22, 'Smoke-tinted acrylic bonnet deflector redirects airflow over the vehicle, reducing stone chips and insect strikes on the windscreen. Chrome stand-off brackets; no-drill tape option included. UV-stabilised material resists yellowing. Popular accessory for pickup trucks on Bangladesh rural highways. Model-specific curvature for clean appearance.', 'বনেট গার্ড / বাগ ডিফ্লেক্টর — পাথর ও পোকামাকড় থেকে উইন্ডশিল্ড রক্ষা।', ARRAY['Nissan']::text[], ARRAY['Navara', 'X-Trail', 'Kicks']::text[], 2019, 2025, TRUE, '2026-07-03T00:00:00.000Z'::timestamp) ON CONFLICT (slug) DO NOTHING;
INSERT INTO part_images (id, part_id, url, alt, sort_order) VALUES ('060e76c2-5c72-5915-bfdb-ca4e1e57886e', '65864bc7-ba41-55b8-99ec-3fed2fec97da', 'https://images.pexels.com/photos/909907/pexels-photo-909907.jpeg?auto=compress&cs=tinysrgb&w=1920&h=1080&fit=crop&q=85', 'Bonnet Guard / Bug Deflector (Smoke)', 0) ON CONFLICT DO NOTHING;
INSERT INTO products (id, type, name, slug, price, compare_at_price, stock, sku, thumbnail_url, is_featured, is_active, car_model_id, car_variant_id, part_id, created_at, updated_at) VALUES ('71fa9e4f-475d-5e29-bf1b-9514265bdcd9', 'PART', 'Bonnet Guard / Bug Deflector (Smoke)', 'part-bonnet-guard-bug-deflector', 3200, NULL, 22, 'PROD-EXT-00607', 'https://images.pexels.com/photos/909907/pexels-photo-909907.jpeg?auto=compress&cs=tinysrgb&w=1920&h=1080&fit=crop&q=85', FALSE, TRUE, NULL, NULL, '65864bc7-ba41-55b8-99ec-3fed2fec97da', '2026-07-03T00:00:00.000Z'::timestamp, '2026-07-03T00:00:00.000Z'::timestamp) ON CONFLICT (slug) DO NOTHING;
INSERT INTO product_images (id, product_id, url, alt, sort_order) VALUES ('b6bf7263-5f03-5020-8e28-bfb47b2bd05e', '71fa9e4f-475d-5e29-bf1b-9514265bdcd9', 'https://images.pexels.com/photos/909907/pexels-photo-909907.jpeg?auto=compress&cs=tinysrgb&w=1920&h=1080&fit=crop&q=85', 'Bonnet Guard / Bug Deflector (Smoke)', 0) ON CONFLICT DO NOTHING;
INSERT INTO parts (id, category_id, name, slug, part_number, price, stock, description, description_bn, compatible_brands, compatible_models, compatible_year_from, compatible_year_to, is_active, created_at) VALUES ('fa4ab401-2ad0-5b72-97c3-ccc78e5e35f7', '5f060a6d-8b87-5b00-9471-801e7ed7c63d', 'Alloy Wheel 17" (Set of 4)', 'alloy-wheel-17-set-4', 'WHL-00701', 52000, 8, 'Set of four 17×7J alloy wheels with ET45 offset and 5×114.3 PCD — the most common fitment for Japanese and Korean vehicles in Bangladesh. Flow-formed construction balances strength and weight. Gunmetal grey finish. Includes centre caps and lug nuts. Professional balancing and TPMS transfer required at fitment. Load rating: 650 kg per wheel.', '১৭ ইঞ্চি অ্যালয় হুইল সেট (৪টি) — ৫×১১৪.৩ PCD, গানমেটাল গ্রে।', ARRAY['Toyota', 'Hyundai']::text[], ARRAY['Corolla Cross', 'Allion', 'Tucson', 'Creta']::text[], 2018, 2025, TRUE, '2026-07-03T00:00:00.000Z'::timestamp) ON CONFLICT (slug) DO NOTHING;
INSERT INTO part_images (id, part_id, url, alt, sort_order) VALUES ('f06cd914-7a73-5574-84fe-412a00b500c6', 'fa4ab401-2ad0-5b72-97c3-ccc78e5e35f7', 'https://images.pexels.com/photos/3729464/pexels-photo-3729464.jpeg?auto=compress&cs=tinysrgb&w=1920&h=1080&fit=crop&q=85', 'Alloy Wheel 17" (Set of 4)', 0) ON CONFLICT DO NOTHING;
INSERT INTO products (id, type, name, slug, price, compare_at_price, stock, sku, thumbnail_url, is_featured, is_active, car_model_id, car_variant_id, part_id, created_at, updated_at) VALUES ('ed74a43a-ac32-5891-b3c0-328e1c15db4a', 'PART', 'Alloy Wheel 17" (Set of 4)', 'part-alloy-wheel-17-set-4', 52000, NULL, 8, 'PROD-WHL-00701', 'https://images.pexels.com/photos/3729464/pexels-photo-3729464.jpeg?auto=compress&cs=tinysrgb&w=1920&h=1080&fit=crop&q=85', TRUE, TRUE, NULL, NULL, 'fa4ab401-2ad0-5b72-97c3-ccc78e5e35f7', '2026-07-03T00:00:00.000Z'::timestamp, '2026-07-03T00:00:00.000Z'::timestamp) ON CONFLICT (slug) DO NOTHING;
INSERT INTO product_images (id, product_id, url, alt, sort_order) VALUES ('80a576cc-d45a-582f-8640-b47e7453004f', 'ed74a43a-ac32-5891-b3c0-328e1c15db4a', 'https://images.pexels.com/photos/3729464/pexels-photo-3729464.jpeg?auto=compress&cs=tinysrgb&w=1920&h=1080&fit=crop&q=85', 'Alloy Wheel 17" (Set of 4)', 0) ON CONFLICT DO NOTHING;
INSERT INTO parts (id, category_id, name, slug, part_number, price, stock, description, description_bn, compatible_brands, compatible_models, compatible_year_from, compatible_year_to, is_active, created_at) VALUES ('8cc857f4-e77d-5a3d-bd66-2ef0d490a0e4', '5f060a6d-8b87-5b00-9471-801e7ed7c63d', 'Alloy Wheel 18" (Set of 4)', 'alloy-wheel-18-set-4', 'WHL-00702', 68000, 5, 'Premium 18×8J alloy wheels for SUVs and pickups. Machine-faced spokes with black inner barrel. Rated for off-road and towing duty on Navara and Fortuner platforms. Compatible with factory 265/60R18 and 225/55R18 tyre sizes. Hub-centric rings included for vibration-free ride. Sold as set of four — single wheel not available.', '১৮ ইঞ্চি প্রিমিয়াম অ্যালয় হুইল SUV ও পিকআপের জন্য।', ARRAY['Toyota', 'Nissan']::text[], ARRAY['Fortuner', 'X-Trail', 'Navara', 'Corolla Cross']::text[], 2019, 2025, TRUE, '2026-07-03T00:00:00.000Z'::timestamp) ON CONFLICT (slug) DO NOTHING;
INSERT INTO part_images (id, part_id, url, alt, sort_order) VALUES ('e850502b-7a62-5b91-bdd1-5e85694a5e7d', '8cc857f4-e77d-5a3d-bd66-2ef0d490a0e4', 'https://images.pexels.com/photos/3729464/pexels-photo-3729464.jpeg?auto=compress&cs=tinysrgb&w=1920&h=1080&fit=crop&q=85', 'Alloy Wheel 18" (Set of 4)', 0) ON CONFLICT DO NOTHING;
INSERT INTO products (id, type, name, slug, price, compare_at_price, stock, sku, thumbnail_url, is_featured, is_active, car_model_id, car_variant_id, part_id, created_at, updated_at) VALUES ('970bfd30-07a1-5c2e-9b42-7f9a87ffe1d7', 'PART', 'Alloy Wheel 18" (Set of 4)', 'part-alloy-wheel-18-set-4', 68000, NULL, 5, 'PROD-WHL-00702', 'https://images.pexels.com/photos/3729464/pexels-photo-3729464.jpeg?auto=compress&cs=tinysrgb&w=1920&h=1080&fit=crop&q=85', FALSE, TRUE, NULL, NULL, '8cc857f4-e77d-5a3d-bd66-2ef0d490a0e4', '2026-07-03T00:00:00.000Z'::timestamp, '2026-07-03T00:00:00.000Z'::timestamp) ON CONFLICT (slug) DO NOTHING;
INSERT INTO product_images (id, product_id, url, alt, sort_order) VALUES ('43361c6b-40c5-5b8e-8a66-cb6034ed82f4', '970bfd30-07a1-5c2e-9b42-7f9a87ffe1d7', 'https://images.pexels.com/photos/3729464/pexels-photo-3729464.jpeg?auto=compress&cs=tinysrgb&w=1920&h=1080&fit=crop&q=85', 'Alloy Wheel 18" (Set of 4)', 0) ON CONFLICT DO NOTHING;
INSERT INTO parts (id, category_id, name, slug, part_number, price, stock, description, description_bn, compatible_brands, compatible_models, compatible_year_from, compatible_year_to, is_active, created_at) VALUES ('ed2b40ab-5405-5f10-81e1-a1618b96293b', '5f060a6d-8b87-5b00-9471-801e7ed7c63d', 'Tyre 205/55R16 (Michelin Energy)', 'tyre-205-55r16-michelin', 'WHL-00703', 9800, 32, 'Michelin Energy XM2+ tyre in 205/55R16 — the standard sedan size in Bangladesh. Low rolling resistance saves fuel; silica compound grips wet roads during monsoon. Speed rating H (210 km/h). Treadwear warranty 60,000 km. Price per tyre — order qty 2 or 4 for sets. Free balancing at AutoHub service centres with purchase.', 'মিশেলিন এনার্জি টায়ার ২০৫/৫৫R১৬ — বর্ষায় ভালো গ্রিপ।', ARRAY['Toyota', 'Hyundai']::text[], ARRAY['Allion', 'Premio', 'Elantra', 'Axio']::text[], 2016, 2024, TRUE, '2026-07-03T00:00:00.000Z'::timestamp) ON CONFLICT (slug) DO NOTHING;
INSERT INTO part_images (id, part_id, url, alt, sort_order) VALUES ('b79c0e41-cd45-5301-b6c8-82e550f68d7b', 'ed2b40ab-5405-5f10-81e1-a1618b96293b', 'https://images.pexels.com/photos/1006960/pexels-photo-1006960.jpeg?auto=compress&cs=tinysrgb&w=1920&h=1080&fit=crop&q=85', 'Tyre 205/55R16 (Michelin Energy)', 0) ON CONFLICT DO NOTHING;
INSERT INTO products (id, type, name, slug, price, compare_at_price, stock, sku, thumbnail_url, is_featured, is_active, car_model_id, car_variant_id, part_id, created_at, updated_at) VALUES ('c19d1296-eab0-556d-92d0-4128c4461939', 'PART', 'Tyre 205/55R16 (Michelin Energy)', 'part-tyre-205-55r16-michelin', 9800, NULL, 32, 'PROD-WHL-00703', 'https://images.pexels.com/photos/1006960/pexels-photo-1006960.jpeg?auto=compress&cs=tinysrgb&w=1920&h=1080&fit=crop&q=85', FALSE, TRUE, NULL, NULL, 'ed2b40ab-5405-5f10-81e1-a1618b96293b', '2026-07-03T00:00:00.000Z'::timestamp, '2026-07-03T00:00:00.000Z'::timestamp) ON CONFLICT (slug) DO NOTHING;
INSERT INTO product_images (id, product_id, url, alt, sort_order) VALUES ('c6bfb4c4-8017-52df-8588-9ab721f3f9a1', 'c19d1296-eab0-556d-92d0-4128c4461939', 'https://images.pexels.com/photos/1006960/pexels-photo-1006960.jpeg?auto=compress&cs=tinysrgb&w=1920&h=1080&fit=crop&q=85', 'Tyre 205/55R16 (Michelin Energy)', 0) ON CONFLICT DO NOTHING;
INSERT INTO parts (id, category_id, name, slug, part_number, price, stock, description, description_bn, compatible_brands, compatible_models, compatible_year_from, compatible_year_to, is_active, created_at) VALUES ('c5d82081-49a6-583b-8601-97eab878338e', '5f060a6d-8b87-5b00-9471-801e7ed7c63d', 'Tyre 225/60R17 (All-Terrain SUV)', 'tyre-225-60r17-all-terrain', 'WHL-00704', 12500, 24, 'All-terrain SUV tyre 225/60R17 with aggressive sidewall and open tread pattern. Handles tarmac, gravel, and light mud on Bangladesh rural roads. Reinforced sidewall resists punctures from road debris. M+S rated for monsoon grip. Per tyre pricing. Rotate every 10,000 km for even wear. Recommended pressure: 33 PSI front, 32 PSI rear (verify door sticker).', 'অল-টেরেইন SUV টায়ার ২২৫/৬০R১৭ — গ্রামীণ রাস্তায় উপযুক্ত।', ARRAY['Toyota', 'Nissan']::text[], ARRAY['Corolla Cross', 'X-Trail', 'Fortuner', 'Kicks']::text[], 2018, 2025, TRUE, '2026-07-03T00:00:00.000Z'::timestamp) ON CONFLICT (slug) DO NOTHING;
INSERT INTO part_images (id, part_id, url, alt, sort_order) VALUES ('e91a4063-f442-5c11-9f6f-b08ace78a590', 'c5d82081-49a6-583b-8601-97eab878338e', 'https://images.pexels.com/photos/1006960/pexels-photo-1006960.jpeg?auto=compress&cs=tinysrgb&w=1920&h=1080&fit=crop&q=85', 'Tyre 225/60R17 (All-Terrain SUV)', 0) ON CONFLICT DO NOTHING;
INSERT INTO products (id, type, name, slug, price, compare_at_price, stock, sku, thumbnail_url, is_featured, is_active, car_model_id, car_variant_id, part_id, created_at, updated_at) VALUES ('1ab254b8-de5b-5474-9359-f0494120d0d8', 'PART', 'Tyre 225/60R17 (All-Terrain SUV)', 'part-tyre-225-60r17-all-terrain', 12500, NULL, 24, 'PROD-WHL-00704', 'https://images.pexels.com/photos/1006960/pexels-photo-1006960.jpeg?auto=compress&cs=tinysrgb&w=1920&h=1080&fit=crop&q=85', FALSE, TRUE, NULL, NULL, 'c5d82081-49a6-583b-8601-97eab878338e', '2026-07-03T00:00:00.000Z'::timestamp, '2026-07-03T00:00:00.000Z'::timestamp) ON CONFLICT (slug) DO NOTHING;
INSERT INTO product_images (id, product_id, url, alt, sort_order) VALUES ('a9911e8c-a64c-5cfd-82f8-253354762a7d', '1ab254b8-de5b-5474-9359-f0494120d0d8', 'https://images.pexels.com/photos/1006960/pexels-photo-1006960.jpeg?auto=compress&cs=tinysrgb&w=1920&h=1080&fit=crop&q=85', 'Tyre 225/60R17 (All-Terrain SUV)', 0) ON CONFLICT DO NOTHING;
INSERT INTO parts (id, category_id, name, slug, part_number, price, stock, description, description_bn, compatible_brands, compatible_models, compatible_year_from, compatible_year_to, is_active, created_at) VALUES ('562bf2ba-8b18-56a4-98bd-1525237b9269', '5f060a6d-8b87-5b00-9471-801e7ed7c63d', 'Titanium Wheel Nut Set (20pc)', 'titanium-wheel-nut-set-20', 'WHL-00705', 4500, 28, 'Set of 20 open-end lug nuts with 12×1.5mm thread (standard Japanese/Korean). PVD titanium coating resists rust and cross-threading. Includes thin-wall socket for alloy wheels. Torque to 100 Nm with calibrated wrench. Lighter than steel nuts — marginal unsprung weight reduction. Theft-resistant design requires included key.', 'টাইটানিয়াম হুইল নাট সেট (২০টি) — মরিচা প্রতিরোধী।', ARRAY['Toyota', 'Hyundai', 'Nissan']::text[], ARRAY['Corolla Cross', 'Tucson', 'X-Trail', 'Creta']::text[], 2018, 2025, TRUE, '2026-07-03T00:00:00.000Z'::timestamp) ON CONFLICT (slug) DO NOTHING;
INSERT INTO part_images (id, part_id, url, alt, sort_order) VALUES ('5df4db8b-98e7-51f1-ac22-59703b5e427e', '562bf2ba-8b18-56a4-98bd-1525237b9269', 'https://images.pexels.com/photos/3729464/pexels-photo-3729464.jpeg?auto=compress&cs=tinysrgb&w=1920&h=1080&fit=crop&q=85', 'Titanium Wheel Nut Set (20pc)', 0) ON CONFLICT DO NOTHING;
INSERT INTO products (id, type, name, slug, price, compare_at_price, stock, sku, thumbnail_url, is_featured, is_active, car_model_id, car_variant_id, part_id, created_at, updated_at) VALUES ('c8917526-236d-5701-bff0-0512dc61cc57', 'PART', 'Titanium Wheel Nut Set (20pc)', 'part-titanium-wheel-nut-set-20', 4500, NULL, 28, 'PROD-WHL-00705', 'https://images.pexels.com/photos/3729464/pexels-photo-3729464.jpeg?auto=compress&cs=tinysrgb&w=1920&h=1080&fit=crop&q=85', FALSE, TRUE, NULL, NULL, '562bf2ba-8b18-56a4-98bd-1525237b9269', '2026-07-03T00:00:00.000Z'::timestamp, '2026-07-03T00:00:00.000Z'::timestamp) ON CONFLICT (slug) DO NOTHING;
INSERT INTO product_images (id, product_id, url, alt, sort_order) VALUES ('cfb26e84-3a27-5a9b-b513-d10ae1f29ddc', 'c8917526-236d-5701-bff0-0512dc61cc57', 'https://images.pexels.com/photos/3729464/pexels-photo-3729464.jpeg?auto=compress&cs=tinysrgb&w=1920&h=1080&fit=crop&q=85', 'Titanium Wheel Nut Set (20pc)', 0) ON CONFLICT DO NOTHING;
INSERT INTO parts (id, category_id, name, slug, part_number, price, stock, description, description_bn, compatible_brands, compatible_models, compatible_year_from, compatible_year_to, is_active, created_at) VALUES ('4d83f0f1-56e7-5be5-9b7b-89e2a61d41f9', '5f060a6d-8b87-5b00-9471-801e7ed7c63d', 'TPMS Sensor Valve (433MHz, 4pc)', 'tpms-sensor-valve-433mhz-4', 'WHL-00706', 8200, 16, 'Set of four 433MHz TPMS (tyre pressure monitoring) sensors. Pre-programmed for common Hyundai and Nissan platforms — professional relearn procedure required after installation. Replace when battery dies (typically 5–7 years) or when swapping alloy wheels. Includes rubber valve stems and nickel-plated caps. Essential for dashboard warning light reset after tyre service.', 'TPMS সেন্সর ভালভ ৪৩৩MHz (৪টি) — টায়ার প্রেসার মনিটরিং।', ARRAY['Hyundai', 'Nissan']::text[], ARRAY['Tucson', 'Santa Fe', 'X-Trail', 'Navara']::text[], 2019, 2025, TRUE, '2026-07-03T00:00:00.000Z'::timestamp) ON CONFLICT (slug) DO NOTHING;
INSERT INTO part_images (id, part_id, url, alt, sort_order) VALUES ('5fa5a42e-62c6-56b1-b295-a505d845f8f2', '4d83f0f1-56e7-5be5-9b7b-89e2a61d41f9', 'https://images.pexels.com/photos/3729464/pexels-photo-3729464.jpeg?auto=compress&cs=tinysrgb&w=1920&h=1080&fit=crop&q=85', 'TPMS Sensor Valve (433MHz, 4pc)', 0) ON CONFLICT DO NOTHING;
INSERT INTO products (id, type, name, slug, price, compare_at_price, stock, sku, thumbnail_url, is_featured, is_active, car_model_id, car_variant_id, part_id, created_at, updated_at) VALUES ('67b984ea-ec0a-5503-b529-dd9224d104dd', 'PART', 'TPMS Sensor Valve (433MHz, 4pc)', 'part-tpms-sensor-valve-433mhz-4', 8200, NULL, 16, 'PROD-WHL-00706', 'https://images.pexels.com/photos/3729464/pexels-photo-3729464.jpeg?auto=compress&cs=tinysrgb&w=1920&h=1080&fit=crop&q=85', FALSE, TRUE, NULL, NULL, '4d83f0f1-56e7-5be5-9b7b-89e2a61d41f9', '2026-07-03T00:00:00.000Z'::timestamp, '2026-07-03T00:00:00.000Z'::timestamp) ON CONFLICT (slug) DO NOTHING;
INSERT INTO product_images (id, product_id, url, alt, sort_order) VALUES ('f7916ce7-5d4e-5273-9121-8d8f9062d7d0', '67b984ea-ec0a-5503-b529-dd9224d104dd', 'https://images.pexels.com/photos/3729464/pexels-photo-3729464.jpeg?auto=compress&cs=tinysrgb&w=1920&h=1080&fit=crop&q=85', 'TPMS Sensor Valve (433MHz, 4pc)', 0) ON CONFLICT DO NOTHING;
INSERT INTO parts (id, category_id, name, slug, part_number, price, stock, description, description_bn, compatible_brands, compatible_models, compatible_year_from, compatible_year_to, is_active, created_at) VALUES ('f83f2d0c-442f-5d7e-9e18-382f9921ed66', '5f060a6d-8b87-5b00-9471-801e7ed7c63d', 'Wheel Alignment Camber Bolt Kit', 'wheel-alignment-camber-bolt-kit', 'WHL-00707', 2800, 20, 'Adjustable eccentric camber bolts for front lower control arms. Corrects uneven tyre wear caused by lowered suspension or pothole damage. ±1.5° camber adjustment range. Grade 10.9 steel with corrosion coating. Pair (left + right). Professional alignment required after installation. Recommended when replacing control arm bushings or after collision repair.', 'হুইল অ্যালাইনমেন্ট ক্যাম্বার বোল্ট কিট — টায়ারের অসম পরিধান ঠিক করে।', ARRAY['Toyota']::text[], ARRAY['Corolla Cross', 'Rush', 'Fortuner']::text[], 2018, 2025, TRUE, '2026-07-03T00:00:00.000Z'::timestamp) ON CONFLICT (slug) DO NOTHING;
INSERT INTO part_images (id, part_id, url, alt, sort_order) VALUES ('3245649b-2fa2-5a29-917c-2a014b2eed03', 'f83f2d0c-442f-5d7e-9e18-382f9921ed66', 'https://images.pexels.com/photos/1006960/pexels-photo-1006960.jpeg?auto=compress&cs=tinysrgb&w=1920&h=1080&fit=crop&q=85', 'Wheel Alignment Camber Bolt Kit', 0) ON CONFLICT DO NOTHING;
INSERT INTO products (id, type, name, slug, price, compare_at_price, stock, sku, thumbnail_url, is_featured, is_active, car_model_id, car_variant_id, part_id, created_at, updated_at) VALUES ('7bd67c5f-e985-56a7-bb68-d8cb99065bb7', 'PART', 'Wheel Alignment Camber Bolt Kit', 'part-wheel-alignment-camber-bolt-kit', 2800, NULL, 20, 'PROD-WHL-00707', 'https://images.pexels.com/photos/1006960/pexels-photo-1006960.jpeg?auto=compress&cs=tinysrgb&w=1920&h=1080&fit=crop&q=85', FALSE, TRUE, NULL, NULL, 'f83f2d0c-442f-5d7e-9e18-382f9921ed66', '2026-07-03T00:00:00.000Z'::timestamp, '2026-07-03T00:00:00.000Z'::timestamp) ON CONFLICT (slug) DO NOTHING;
INSERT INTO product_images (id, product_id, url, alt, sort_order) VALUES ('bbe2957d-d4a0-5f90-a329-a90f5fd4fabc', '7bd67c5f-e985-56a7-bb68-d8cb99065bb7', 'https://images.pexels.com/photos/1006960/pexels-photo-1006960.jpeg?auto=compress&cs=tinysrgb&w=1920&h=1080&fit=crop&q=85', 'Wheel Alignment Camber Bolt Kit', 0) ON CONFLICT DO NOTHING;
INSERT INTO parts (id, category_id, name, slug, part_number, price, stock, description, description_bn, compatible_brands, compatible_models, compatible_year_from, compatible_year_to, is_active, created_at) VALUES ('8e6066ef-3b36-5a85-a7b2-2a1f08ad776b', '0d86925f-b51b-5f03-9a49-4f9ce1560c42', 'Engine Oil 5W-30 Full Synthetic 4L', 'engine-oil-5w30-synthetic-4l', 'LUB-00801', 4200, 90, 'API SN/SP certified 5W-30 full synthetic engine oil — 4-litre pack. Ideal for modern petrol engines with turbochargers and variable valve timing. Excellent high-temperature stability for Dhaka traffic. Change interval: 10,000 km or 12 months. Meets Toyota TWS, Hyundai/Kia specification. Includes pour spout. Dispose used oil at authorised recycling centres.', '৫W-30 ফুল সিনথেটিক ইঞ্জিন অয়েল ৪L — টার্বো ইঞ্জিনের জন্য উপযুক্ত।', ARRAY['Toyota', 'Hyundai', 'Nissan']::text[], ARRAY['Corolla Cross', 'Tucson', 'X-Trail', 'Elantra']::text[], 2018, 2025, TRUE, '2026-07-03T00:00:00.000Z'::timestamp) ON CONFLICT (slug) DO NOTHING;
INSERT INTO part_images (id, part_id, url, alt, sort_order) VALUES ('dedf2bec-ec86-53d4-b5f2-9e0189c3abb7', '8e6066ef-3b36-5a85-a7b2-2a1f08ad776b', 'https://images.pexels.com/photos/279949/pexels-photo-279949.jpeg?auto=compress&cs=tinysrgb&w=1920&h=1080&fit=crop&q=85', 'Engine Oil 5W-30 Full Synthetic 4L', 0) ON CONFLICT DO NOTHING;
INSERT INTO products (id, type, name, slug, price, compare_at_price, stock, sku, thumbnail_url, is_featured, is_active, car_model_id, car_variant_id, part_id, created_at, updated_at) VALUES ('ddc0767b-f018-54a1-bbae-69c85a010895', 'PART', 'Engine Oil 5W-30 Full Synthetic 4L', 'part-engine-oil-5w30-synthetic-4l', 4200, NULL, 90, 'PROD-LUB-00801', 'https://images.pexels.com/photos/279949/pexels-photo-279949.jpeg?auto=compress&cs=tinysrgb&w=1920&h=1080&fit=crop&q=85', TRUE, TRUE, NULL, NULL, '8e6066ef-3b36-5a85-a7b2-2a1f08ad776b', '2026-07-03T00:00:00.000Z'::timestamp, '2026-07-03T00:00:00.000Z'::timestamp) ON CONFLICT (slug) DO NOTHING;
INSERT INTO product_images (id, product_id, url, alt, sort_order) VALUES ('feb0e4f2-4d22-5b72-971e-39369dcffef1', 'ddc0767b-f018-54a1-bbae-69c85a010895', 'https://images.pexels.com/photos/279949/pexels-photo-279949.jpeg?auto=compress&cs=tinysrgb&w=1920&h=1080&fit=crop&q=85', 'Engine Oil 5W-30 Full Synthetic 4L', 0) ON CONFLICT DO NOTHING;
INSERT INTO parts (id, category_id, name, slug, part_number, price, stock, description, description_bn, compatible_brands, compatible_models, compatible_year_from, compatible_year_to, is_active, created_at) VALUES ('9d67ea4f-0c4e-5423-abea-ed0afded2ed4', '0d86925f-b51b-5f03-9a49-4f9ce1560c42', 'Engine Oil 0W-20 Full Synthetic 4L', 'engine-oil-0w20-synthetic-4l', 'LUB-00802', 4800, 65, 'Ultra-low viscosity 0W-20 synthetic oil for latest-generation fuel-efficient engines. Reduces internal friction for improved fuel economy (up to 2% vs 5W-30). Factory fill specification for many hybrid and Atkinson-cycle engines. 4-litre bottle. Do not use in older high-mileage engines with worn rings — consult service advisor.', '০W-20 ফুল সিনথেটিক অয়েল — জ্বালানি সাশ্রয়ী আধুনিক ইঞ্জিনের জন্য।', ARRAY['Toyota', 'Hyundai']::text[], ARRAY['Allion', 'Premio', 'Corolla Cross', 'Creta']::text[], 2019, 2025, TRUE, '2026-07-03T00:00:00.000Z'::timestamp) ON CONFLICT (slug) DO NOTHING;
INSERT INTO part_images (id, part_id, url, alt, sort_order) VALUES ('4113460f-b88b-5def-a7bc-38d7efcc4156', '9d67ea4f-0c4e-5423-abea-ed0afded2ed4', 'https://images.pexels.com/photos/279949/pexels-photo-279949.jpeg?auto=compress&cs=tinysrgb&w=1920&h=1080&fit=crop&q=85', 'Engine Oil 0W-20 Full Synthetic 4L', 0) ON CONFLICT DO NOTHING;
INSERT INTO products (id, type, name, slug, price, compare_at_price, stock, sku, thumbnail_url, is_featured, is_active, car_model_id, car_variant_id, part_id, created_at, updated_at) VALUES ('c119abe8-2b33-5946-a26a-45f66f1ebe88', 'PART', 'Engine Oil 0W-20 Full Synthetic 4L', 'part-engine-oil-0w20-synthetic-4l', 4800, NULL, 65, 'PROD-LUB-00802', 'https://images.pexels.com/photos/279949/pexels-photo-279949.jpeg?auto=compress&cs=tinysrgb&w=1920&h=1080&fit=crop&q=85', FALSE, TRUE, NULL, NULL, '9d67ea4f-0c4e-5423-abea-ed0afded2ed4', '2026-07-03T00:00:00.000Z'::timestamp, '2026-07-03T00:00:00.000Z'::timestamp) ON CONFLICT (slug) DO NOTHING;
INSERT INTO product_images (id, product_id, url, alt, sort_order) VALUES ('9caaa99c-c702-50e5-8ae7-2161474af4f0', 'c119abe8-2b33-5946-a26a-45f66f1ebe88', 'https://images.pexels.com/photos/279949/pexels-photo-279949.jpeg?auto=compress&cs=tinysrgb&w=1920&h=1080&fit=crop&q=85', 'Engine Oil 0W-20 Full Synthetic 4L', 0) ON CONFLICT DO NOTHING;
INSERT INTO parts (id, category_id, name, slug, part_number, price, stock, description, description_bn, compatible_brands, compatible_models, compatible_year_from, compatible_year_to, is_active, created_at) VALUES ('7e0178e0-0282-5447-b871-84c83fe41460', '0d86925f-b51b-5f03-9a49-4f9ce1560c42', 'ATF Automatic Transmission Fluid 4L', 'atf-transmission-fluid-4l', 'LUB-00803', 3600, 45, 'Premium ATF Type-IV / SP-IV equivalent automatic transmission fluid. Ensures smooth shift quality and protects clutch packs from wear. 4-litre pack for partial fluid exchange; full drain requires 8–10 litres depending on model. Change every 40,000–60,000 km. Use correct specification — wrong fluid causes shift shudder and premature failure.', 'ATF অটোমেটিক ট্রান্সমিশন ফ্লুইড ৪L — মসৃণ গিয়ার শিফট।', ARRAY['Toyota', 'Hyundai', 'Nissan']::text[], ARRAY['Corolla Cross', 'Tucson', 'X-Trail', 'Sonata']::text[], 2017, 2025, TRUE, '2026-07-03T00:00:00.000Z'::timestamp) ON CONFLICT (slug) DO NOTHING;
INSERT INTO part_images (id, part_id, url, alt, sort_order) VALUES ('1cdea1ec-a354-585b-ae94-c7f447d56dfc', '7e0178e0-0282-5447-b871-84c83fe41460', 'https://images.pexels.com/photos/279949/pexels-photo-279949.jpeg?auto=compress&cs=tinysrgb&w=1920&h=1080&fit=crop&q=85', 'ATF Automatic Transmission Fluid 4L', 0) ON CONFLICT DO NOTHING;
INSERT INTO products (id, type, name, slug, price, compare_at_price, stock, sku, thumbnail_url, is_featured, is_active, car_model_id, car_variant_id, part_id, created_at, updated_at) VALUES ('1d2876be-5c52-5c07-917c-6e8778a44971', 'PART', 'ATF Automatic Transmission Fluid 4L', 'part-atf-transmission-fluid-4l', 3600, NULL, 45, 'PROD-LUB-00803', 'https://images.pexels.com/photos/279949/pexels-photo-279949.jpeg?auto=compress&cs=tinysrgb&w=1920&h=1080&fit=crop&q=85', FALSE, TRUE, NULL, NULL, '7e0178e0-0282-5447-b871-84c83fe41460', '2026-07-03T00:00:00.000Z'::timestamp, '2026-07-03T00:00:00.000Z'::timestamp) ON CONFLICT (slug) DO NOTHING;
INSERT INTO product_images (id, product_id, url, alt, sort_order) VALUES ('ae7d3427-e6e1-5a22-a18e-acb368523f80', '1d2876be-5c52-5c07-917c-6e8778a44971', 'https://images.pexels.com/photos/279949/pexels-photo-279949.jpeg?auto=compress&cs=tinysrgb&w=1920&h=1080&fit=crop&q=85', 'ATF Automatic Transmission Fluid 4L', 0) ON CONFLICT DO NOTHING;
INSERT INTO parts (id, category_id, name, slug, part_number, price, stock, description, description_bn, compatible_brands, compatible_models, compatible_year_from, compatible_year_to, is_active, created_at) VALUES ('093c2f17-8fb6-59f3-8120-c0469aa5bfbb', '0d86925f-b51b-5f03-9a49-4f9ce1560c42', 'Coolant Concentrate 1L (Pink OAT)', 'coolant-concentrate-1l-pink', 'LUB-00804', 850, 100, 'Organic Acid Technology (OAT) long-life coolant concentrate in pink/red colour. Mix 50:50 with distilled water for −35°C freeze protection. Service interval: 5 years or 100,000 km. Compatible with aluminium radiators and modern engine metals. Never mix with green IAT coolant. 1-litre bottle makes 2 litres ready-to-use coolant.', 'পিঙ্ক OAT কুল্যান্ট কনসেন্ট্রেট ১L — দীর্ঘস্থায়ী রক্ষণাবেক্ষণ।', ARRAY['Toyota', 'Hyundai', 'Nissan']::text[], ARRAY['Allion', 'Axio', 'i10', 'Sunny', 'Magnite']::text[], 2016, 2025, TRUE, '2026-07-03T00:00:00.000Z'::timestamp) ON CONFLICT (slug) DO NOTHING;
INSERT INTO part_images (id, part_id, url, alt, sort_order) VALUES ('92ebb279-06c2-5520-9924-dba044f5fba5', '093c2f17-8fb6-59f3-8120-c0469aa5bfbb', 'https://images.pexels.com/photos/279949/pexels-photo-279949.jpeg?auto=compress&cs=tinysrgb&w=1920&h=1080&fit=crop&q=85', 'Coolant Concentrate 1L (Pink OAT)', 0) ON CONFLICT DO NOTHING;
INSERT INTO products (id, type, name, slug, price, compare_at_price, stock, sku, thumbnail_url, is_featured, is_active, car_model_id, car_variant_id, part_id, created_at, updated_at) VALUES ('d600e7c6-9ce8-5ee0-9dbd-76738d46e975', 'PART', 'Coolant Concentrate 1L (Pink OAT)', 'part-coolant-concentrate-1l-pink', 850, NULL, 100, 'PROD-LUB-00804', 'https://images.pexels.com/photos/279949/pexels-photo-279949.jpeg?auto=compress&cs=tinysrgb&w=1920&h=1080&fit=crop&q=85', FALSE, TRUE, NULL, NULL, '093c2f17-8fb6-59f3-8120-c0469aa5bfbb', '2026-07-03T00:00:00.000Z'::timestamp, '2026-07-03T00:00:00.000Z'::timestamp) ON CONFLICT (slug) DO NOTHING;
INSERT INTO product_images (id, product_id, url, alt, sort_order) VALUES ('0ff7a71a-af79-521c-a8d9-7cdeb9757c64', 'd600e7c6-9ce8-5ee0-9dbd-76738d46e975', 'https://images.pexels.com/photos/279949/pexels-photo-279949.jpeg?auto=compress&cs=tinysrgb&w=1920&h=1080&fit=crop&q=85', 'Coolant Concentrate 1L (Pink OAT)', 0) ON CONFLICT DO NOTHING;
INSERT INTO parts (id, category_id, name, slug, part_number, price, stock, description, description_bn, compatible_brands, compatible_models, compatible_year_from, compatible_year_to, is_active, created_at) VALUES ('f8bca97d-8b55-52be-901d-d4a8d98ffc96', '0d86925f-b51b-5f03-9a49-4f9ce1560c42', 'Brake Fluid DOT 4 Plus 500ml', 'brake-fluid-dot4-plus-500ml', 'LUB-00805', 450, 85, 'High-performance DOT 4+ brake fluid in handy 500 ml bottle for top-up or single-wheel bleed. Exceeds ISO 4925 Class 4 specification. Low moisture absorption formula for extended service life. Essential during brake pad and caliper service. Store in cool, dry place; use within 12 months of opening.', 'ব্রেক ফ্লুইড DOT 4+ ৫০০ml — ব্রেক সার্ভিসের সময় প্রয়োজন।', ARRAY['Toyota', 'Hyundai', 'Nissan']::text[], ARRAY['Fortuner', 'Santa Fe', 'Navara', 'Corolla Cross']::text[], 2018, 2025, TRUE, '2026-07-03T00:00:00.000Z'::timestamp) ON CONFLICT (slug) DO NOTHING;
INSERT INTO part_images (id, part_id, url, alt, sort_order) VALUES ('cf7b8362-f9b0-529a-97d0-aa9197adf9e3', 'f8bca97d-8b55-52be-901d-d4a8d98ffc96', 'https://images.pexels.com/photos/279949/pexels-photo-279949.jpeg?auto=compress&cs=tinysrgb&w=1920&h=1080&fit=crop&q=85', 'Brake Fluid DOT 4 Plus 500ml', 0) ON CONFLICT DO NOTHING;
INSERT INTO products (id, type, name, slug, price, compare_at_price, stock, sku, thumbnail_url, is_featured, is_active, car_model_id, car_variant_id, part_id, created_at, updated_at) VALUES ('b915087f-5d0c-515f-8f14-8fbb776131b7', 'PART', 'Brake Fluid DOT 4 Plus 500ml', 'part-brake-fluid-dot4-plus-500ml', 450, NULL, 85, 'PROD-LUB-00805', 'https://images.pexels.com/photos/279949/pexels-photo-279949.jpeg?auto=compress&cs=tinysrgb&w=1920&h=1080&fit=crop&q=85', FALSE, TRUE, NULL, NULL, 'f8bca97d-8b55-52be-901d-d4a8d98ffc96', '2026-07-03T00:00:00.000Z'::timestamp, '2026-07-03T00:00:00.000Z'::timestamp) ON CONFLICT (slug) DO NOTHING;
INSERT INTO product_images (id, product_id, url, alt, sort_order) VALUES ('c1338f79-de8b-5b75-93fb-c2d0797c55bd', 'b915087f-5d0c-515f-8f14-8fbb776131b7', 'https://images.pexels.com/photos/279949/pexels-photo-279949.jpeg?auto=compress&cs=tinysrgb&w=1920&h=1080&fit=crop&q=85', 'Brake Fluid DOT 4 Plus 500ml', 0) ON CONFLICT DO NOTHING;
INSERT INTO parts (id, category_id, name, slug, part_number, price, stock, description, description_bn, compatible_brands, compatible_models, compatible_year_from, compatible_year_to, is_active, created_at) VALUES ('e1b6a82f-8a12-5110-9e27-7d27ed5c090a', '0d86925f-b51b-5f03-9a49-4f9ce1560c42', 'Multi-Purpose Grease Lithium EP2 (500g)', 'multi-purpose-grease-ep2-500g', 'LUB-00806', 550, 75, 'Lithium EP2 extreme-pressure grease for chassis lube points, ball joints, and wheel bearings. Water-resistant formula suitable for monsoon conditions. NLGI Grade 2 consistency — works in grease gun cartridges. Service interval: every 20,000 km for suspension grease points. Operating range −20°C to 130°C. 500 g tub with resealable lid.', 'মাল্টি-পারপাস লিথিয়াম গ্রিস EP2 — চ্যাসিস ও বল জয়েন্টের জন্য।', ARRAY['Toyota', 'Hyundai', 'Nissan']::text[], ARRAY['Navara', 'Fortuner', 'Rush', 'Kicks']::text[], 2016, 2025, TRUE, '2026-07-03T00:00:00.000Z'::timestamp) ON CONFLICT (slug) DO NOTHING;
INSERT INTO part_images (id, part_id, url, alt, sort_order) VALUES ('2803bec0-0c88-50db-8afa-22ee76513cd9', 'e1b6a82f-8a12-5110-9e27-7d27ed5c090a', 'https://images.pexels.com/photos/279949/pexels-photo-279949.jpeg?auto=compress&cs=tinysrgb&w=1920&h=1080&fit=crop&q=85', 'Multi-Purpose Grease Lithium EP2 (500g)', 0) ON CONFLICT DO NOTHING;
INSERT INTO products (id, type, name, slug, price, compare_at_price, stock, sku, thumbnail_url, is_featured, is_active, car_model_id, car_variant_id, part_id, created_at, updated_at) VALUES ('04813673-4819-5854-bd04-f730df17dc0c', 'PART', 'Multi-Purpose Grease Lithium EP2 (500g)', 'part-multi-purpose-grease-ep2-500g', 550, NULL, 75, 'PROD-LUB-00806', 'https://images.pexels.com/photos/279949/pexels-photo-279949.jpeg?auto=compress&cs=tinysrgb&w=1920&h=1080&fit=crop&q=85', FALSE, TRUE, NULL, NULL, 'e1b6a82f-8a12-5110-9e27-7d27ed5c090a', '2026-07-03T00:00:00.000Z'::timestamp, '2026-07-03T00:00:00.000Z'::timestamp) ON CONFLICT (slug) DO NOTHING;
INSERT INTO product_images (id, product_id, url, alt, sort_order) VALUES ('095ae184-23fe-52e1-b40e-e8701e7100c5', '04813673-4819-5854-bd04-f730df17dc0c', 'https://images.pexels.com/photos/279949/pexels-photo-279949.jpeg?auto=compress&cs=tinysrgb&w=1920&h=1080&fit=crop&q=85', 'Multi-Purpose Grease Lithium EP2 (500g)', 0) ON CONFLICT DO NOTHING;
INSERT INTO parts (id, category_id, name, slug, part_number, price, stock, description, description_bn, compatible_brands, compatible_models, compatible_year_from, compatible_year_to, is_active, created_at) VALUES ('0dd05356-d6db-53de-95e9-69f0758179da', '0d86925f-b51b-5f03-9a49-4f9ce1560c42', 'CVT Transmission Fluid 4L', 'cvt-transmission-fluid-4l', 'LUB-00807', 5200, 30, 'CVT-specific transmission fluid for continuously variable transmissions. Friction modifiers maintain belt-to-pulley grip and prevent shudder. Using standard ATF in CVT causes catastrophic transmission failure — always use CVT-spec fluid. 4-litre pack. Change interval per manufacturer: typically 40,000 km. Professional drain-and-fill recommended.', 'CVT ট্রান্সমিশন ফ্লুইড ৪L — CVT গিয়ারবক্সের জন্য বিশেষ ফর্মুলা।', ARRAY['Toyota', 'Nissan']::text[], ARRAY['Corolla Cross', 'Allion', 'X-Trail', 'Kicks']::text[], 2018, 2025, TRUE, '2026-07-03T00:00:00.000Z'::timestamp) ON CONFLICT (slug) DO NOTHING;
INSERT INTO part_images (id, part_id, url, alt, sort_order) VALUES ('3a805674-c164-51b4-b7cf-5e8651602581', '0dd05356-d6db-53de-95e9-69f0758179da', 'https://images.pexels.com/photos/279949/pexels-photo-279949.jpeg?auto=compress&cs=tinysrgb&w=1920&h=1080&fit=crop&q=85', 'CVT Transmission Fluid 4L', 0) ON CONFLICT DO NOTHING;
INSERT INTO products (id, type, name, slug, price, compare_at_price, stock, sku, thumbnail_url, is_featured, is_active, car_model_id, car_variant_id, part_id, created_at, updated_at) VALUES ('b1cce44a-da54-5efd-8a30-2402ad08a5be', 'PART', 'CVT Transmission Fluid 4L', 'part-cvt-transmission-fluid-4l', 5200, NULL, 30, 'PROD-LUB-00807', 'https://images.pexels.com/photos/279949/pexels-photo-279949.jpeg?auto=compress&cs=tinysrgb&w=1920&h=1080&fit=crop&q=85', FALSE, TRUE, NULL, NULL, '0dd05356-d6db-53de-95e9-69f0758179da', '2026-07-03T00:00:00.000Z'::timestamp, '2026-07-03T00:00:00.000Z'::timestamp) ON CONFLICT (slug) DO NOTHING;
INSERT INTO product_images (id, product_id, url, alt, sort_order) VALUES ('3e2d6489-d29b-53d8-85f1-10a221e8250d', 'b1cce44a-da54-5efd-8a30-2402ad08a5be', 'https://images.pexels.com/photos/279949/pexels-photo-279949.jpeg?auto=compress&cs=tinysrgb&w=1920&h=1080&fit=crop&q=85', 'CVT Transmission Fluid 4L', 0) ON CONFLICT DO NOTHING;
INSERT INTO parts (id, category_id, name, slug, part_number, price, stock, description, description_bn, compatible_brands, compatible_models, compatible_year_from, compatible_year_to, is_active, created_at) VALUES ('14da084e-68fb-563c-815d-940fad12f9f7', '6f72743e-d9a0-5c2d-a26d-f50a6b853fc7', 'BAW EV Battery Module 40 kWh', 'baw-ev-battery-module-40kwh', 'EV-00101', 285000, 8, 'Remanufactured 40 kWh lithium-ion battery module for BAW electric passenger models. Includes BMS communication harness and thermal interface pad. Capacity tested to ≥90% SOH before dispatch. 24-month warranty. Professional installation at an EV-certified service center required. Compatible with Pony Standard Range and EC3 base trims.', 'BAW ইলেকট্রিক গাড়ির ৪০ kWh ব্যাটারি মডিউল — BMS হার্নেস ও ওয়ারেন্টি সহ।', ARRAY['BAW']::text[], ARRAY['Pony', 'EC3', 'EU5']::text[], 2022, 2026, TRUE, '2026-07-03T00:00:00.000Z'::timestamp) ON CONFLICT (slug) DO NOTHING;
INSERT INTO part_images (id, part_id, url, alt, sort_order) VALUES ('67532eac-1009-54f7-bd1f-1b4d7b139547', '14da084e-68fb-563c-815d-940fad12f9f7', 'https://images.pexels.com/photos/9190737/pexels-photo-9190737.jpeg?auto=compress&cs=tinysrgb&w=1920&h=1080&fit=crop&q=85', 'BAW EV Battery Module 40 kWh', 0) ON CONFLICT DO NOTHING;
INSERT INTO products (id, type, name, slug, price, compare_at_price, stock, sku, thumbnail_url, is_featured, is_active, car_model_id, car_variant_id, part_id, created_at, updated_at) VALUES ('f741653f-674e-543b-8a81-4c8d308fb1e1', 'PART', 'BAW EV Battery Module 40 kWh', 'part-baw-ev-battery-module-40kwh', 285000, NULL, 8, 'PROD-EV-00101', 'https://images.pexels.com/photos/9190737/pexels-photo-9190737.jpeg?auto=compress&cs=tinysrgb&w=1920&h=1080&fit=crop&q=85', TRUE, TRUE, NULL, NULL, '14da084e-68fb-563c-815d-940fad12f9f7', '2026-07-03T00:00:00.000Z'::timestamp, '2026-07-03T00:00:00.000Z'::timestamp) ON CONFLICT (slug) DO NOTHING;
INSERT INTO product_images (id, product_id, url, alt, sort_order) VALUES ('91298aee-9d7b-527c-8706-7069087f18e8', 'f741653f-674e-543b-8a81-4c8d308fb1e1', 'https://images.pexels.com/photos/9190737/pexels-photo-9190737.jpeg?auto=compress&cs=tinysrgb&w=1920&h=1080&fit=crop&q=85', 'BAW EV Battery Module 40 kWh', 0) ON CONFLICT DO NOTHING;
INSERT INTO parts (id, category_id, name, slug, part_number, price, stock, description, description_bn, compatible_brands, compatible_models, compatible_year_from, compatible_year_to, is_active, created_at) VALUES ('547dec76-8e57-5633-a149-4bfc8360d7b6', '6f72743e-d9a0-5c2d-a26d-f50a6b853fc7', 'Type 2 AC Charging Cable 7 kW (5m)', 'type2-ac-charging-cable-7kw', 'EV-00102', 12500, 45, 'Portable Type 2 to Type 2 charging cable rated for 7 kW single-phase AC charging (32A). IP55 weatherproof connectors for outdoor use in Bangladesh monsoon conditions. 5-metre length reaches most home parking setups. Built-in overcurrent and overheating protection. Essential accessory for overnight home charging when wall box is not yet installed.', 'টাইপ ২ AC চার্জিং কেবল ৭ kW — বাড়িতে রাতে চার্জের জন্য অপরিহার্য।', ARRAY['BAW', 'Toyota', 'Hyundai', 'Nissan']::text[], ARRAY['Pony', 'EC3', 'EU5', 'Corolla Cross']::text[], 2020, 2026, TRUE, '2026-07-03T00:00:00.000Z'::timestamp) ON CONFLICT (slug) DO NOTHING;
INSERT INTO part_images (id, part_id, url, alt, sort_order) VALUES ('f30bb4ce-7b4b-5cb3-b1e5-24e9eea2fd3a', '547dec76-8e57-5633-a149-4bfc8360d7b6', 'https://images.pexels.com/photos/7777107/pexels-photo-7777107.jpeg?auto=compress&cs=tinysrgb&w=1920&h=1080&fit=crop&q=85', 'Type 2 AC Charging Cable 7 kW (5m)', 0) ON CONFLICT DO NOTHING;
INSERT INTO products (id, type, name, slug, price, compare_at_price, stock, sku, thumbnail_url, is_featured, is_active, car_model_id, car_variant_id, part_id, created_at, updated_at) VALUES ('1c3beeab-c269-56b5-bfa4-3e75fa54236f', 'PART', 'Type 2 AC Charging Cable 7 kW (5m)', 'part-type2-ac-charging-cable-7kw', 12500, NULL, 45, 'PROD-EV-00102', 'https://images.pexels.com/photos/7777107/pexels-photo-7777107.jpeg?auto=compress&cs=tinysrgb&w=1920&h=1080&fit=crop&q=85', TRUE, TRUE, NULL, NULL, '547dec76-8e57-5633-a149-4bfc8360d7b6', '2026-07-03T00:00:00.000Z'::timestamp, '2026-07-03T00:00:00.000Z'::timestamp) ON CONFLICT (slug) DO NOTHING;
INSERT INTO product_images (id, product_id, url, alt, sort_order) VALUES ('084db661-56bd-5564-bf73-92bd566482c3', '1c3beeab-c269-56b5-bfa4-3e75fa54236f', 'https://images.pexels.com/photos/7777107/pexels-photo-7777107.jpeg?auto=compress&cs=tinysrgb&w=1920&h=1080&fit=crop&q=85', 'Type 2 AC Charging Cable 7 kW (5m)', 0) ON CONFLICT DO NOTHING;
INSERT INTO parts (id, category_id, name, slug, part_number, price, stock, description, description_bn, compatible_brands, compatible_models, compatible_year_from, compatible_year_to, is_active, created_at) VALUES ('5ad75a85-1458-5727-81a7-b0171f57b516', '6f72743e-d9a0-5c2d-a26d-f50a6b853fc7', 'Onboard Charger 6.6 kW (BAW)', 'baw-onboard-charger-6kw', 'EV-00103', 42000, 12, 'OEM-spec onboard AC charger module for BAW EV models. Converts single-phase 220V household supply to DC for the battery pack at up to 6.6 kW. Plug-and-play replacement for failed units showing charging fault codes or intermittent AC charging. Includes mounting bracket and high-voltage warning labels. Installation by certified EV technician only.', 'BAW ইভি অনবোর্ড চার্জার ৬.৬ kW — AC চার্জিং সমস্যার রিপ্লেসমেন্ট।', ARRAY['BAW']::text[], ARRAY['Pony', 'EC3', 'EU5', 'EV6 Cargo']::text[], 2022, 2026, TRUE, '2026-07-03T00:00:00.000Z'::timestamp) ON CONFLICT (slug) DO NOTHING;
INSERT INTO part_images (id, part_id, url, alt, sort_order) VALUES ('2ee174ae-5cf0-5254-a473-c89dfbfc1c26', '5ad75a85-1458-5727-81a7-b0171f57b516', 'https://images.pexels.com/photos/4489702/pexels-photo-4489702.jpeg?auto=compress&cs=tinysrgb&w=1920&h=1080&fit=crop&q=85', 'Onboard Charger 6.6 kW (BAW)', 0) ON CONFLICT DO NOTHING;
INSERT INTO products (id, type, name, slug, price, compare_at_price, stock, sku, thumbnail_url, is_featured, is_active, car_model_id, car_variant_id, part_id, created_at, updated_at) VALUES ('5053512d-fa17-5f95-8d7e-a5dcd92404ad', 'PART', 'Onboard Charger 6.6 kW (BAW)', 'part-baw-onboard-charger-6kw', 42000, NULL, 12, 'PROD-EV-00103', 'https://images.pexels.com/photos/4489702/pexels-photo-4489702.jpeg?auto=compress&cs=tinysrgb&w=1920&h=1080&fit=crop&q=85', FALSE, TRUE, NULL, NULL, '5ad75a85-1458-5727-81a7-b0171f57b516', '2026-07-03T00:00:00.000Z'::timestamp, '2026-07-03T00:00:00.000Z'::timestamp) ON CONFLICT (slug) DO NOTHING;
INSERT INTO product_images (id, product_id, url, alt, sort_order) VALUES ('4019cee5-7082-52a4-b36f-932f4a3efe51', '5053512d-fa17-5f95-8d7e-a5dcd92404ad', 'https://images.pexels.com/photos/4489702/pexels-photo-4489702.jpeg?auto=compress&cs=tinysrgb&w=1920&h=1080&fit=crop&q=85', 'Onboard Charger 6.6 kW (BAW)', 0) ON CONFLICT DO NOTHING;
INSERT INTO parts (id, category_id, name, slug, part_number, price, stock, description, description_bn, compatible_brands, compatible_models, compatible_year_from, compatible_year_to, is_active, created_at) VALUES ('debb0e9d-2786-5075-b92a-152ad5008030', '6f72743e-d9a0-5c2d-a26d-f50a6b853fc7', 'EV Drive Motor Controller Unit', 'ev-drive-motor-controller', 'EV-00104', 68000, 6, 'Power inverter / motor controller assembly for BAW permanent-magnet synchronous drive motors. Regulates torque delivery and regenerative braking recovery. Symptoms of failure: reduced power, limp mode, regen not working. VIN-matched programming may be required — provide chassis number when ordering. Core exchange discount available on return of faulty unit.', 'BAW ইভি মোটর কন্ট্রোলার — টর্ক ও রিজেন ব্রেকিং নিয়ন্ত্রণ করে।', ARRAY['BAW']::text[], ARRAY['EC3', 'EU5', 'EV6 Cargo']::text[], 2022, 2026, TRUE, '2026-07-03T00:00:00.000Z'::timestamp) ON CONFLICT (slug) DO NOTHING;
INSERT INTO part_images (id, part_id, url, alt, sort_order) VALUES ('2559afcc-6393-52d3-8971-78bf030510ec', 'debb0e9d-2786-5075-b92a-152ad5008030', 'https://images.pexels.com/photos/1149137/pexels-photo-1149137.jpeg?auto=compress&cs=tinysrgb&w=1920&h=1080&fit=crop&q=85', 'EV Drive Motor Controller Unit', 0) ON CONFLICT DO NOTHING;
INSERT INTO products (id, type, name, slug, price, compare_at_price, stock, sku, thumbnail_url, is_featured, is_active, car_model_id, car_variant_id, part_id, created_at, updated_at) VALUES ('6d4c1704-6213-5f43-8e09-821317eaf753', 'PART', 'EV Drive Motor Controller Unit', 'part-ev-drive-motor-controller', 68000, NULL, 6, 'PROD-EV-00104', 'https://images.pexels.com/photos/1149137/pexels-photo-1149137.jpeg?auto=compress&cs=tinysrgb&w=1920&h=1080&fit=crop&q=85', FALSE, TRUE, NULL, NULL, 'debb0e9d-2786-5075-b92a-152ad5008030', '2026-07-03T00:00:00.000Z'::timestamp, '2026-07-03T00:00:00.000Z'::timestamp) ON CONFLICT (slug) DO NOTHING;
INSERT INTO product_images (id, product_id, url, alt, sort_order) VALUES ('5c25765a-d6e8-5603-955b-22571fde2dc9', '6d4c1704-6213-5f43-8e09-821317eaf753', 'https://images.pexels.com/photos/1149137/pexels-photo-1149137.jpeg?auto=compress&cs=tinysrgb&w=1920&h=1080&fit=crop&q=85', 'EV Drive Motor Controller Unit', 0) ON CONFLICT DO NOTHING;
INSERT INTO parts (id, category_id, name, slug, part_number, price, stock, description, description_bn, compatible_brands, compatible_models, compatible_year_from, compatible_year_to, is_active, created_at) VALUES ('719b79cf-f881-5a5a-b661-bf80ce7e7a93', '6f72743e-d9a0-5c2d-a26d-f50a6b853fc7', 'Regenerative Brake Pad Set (EV)', 'regenerative-brake-pad-set-ev', 'EV-00105', 5800, 32, 'Low-dust ceramic brake pad set engineered for EVs with heavy regenerative braking use. Reduced copper formula meets environmental standards while maintaining strong friction for emergency stops when regen is insufficient. Includes wear sensor clips and anti-squeal shims. Front axle set — order rear set separately. Service interval: 30,000–40,000 km depending on driving style.', 'ইভি রিজেন ব্রেক প্যাড সেট — কম ধুলো, উচ্চ নিরাপত্তা।', ARRAY['BAW']::text[], ARRAY['Pony', 'EC3', 'EU5']::text[], 2022, 2026, TRUE, '2026-07-03T00:00:00.000Z'::timestamp) ON CONFLICT (slug) DO NOTHING;
INSERT INTO part_images (id, part_id, url, alt, sort_order) VALUES ('3c3ecef6-d9c4-53e5-b2c8-1158d035cb2c', '719b79cf-f881-5a5a-b661-bf80ce7e7a93', 'https://images.unsplash.com/photo-1761040100230-8c8e6fc64638?w=3840&h=2160&fit=crop&q=90&auto=format', 'Regenerative Brake Pad Set (EV)', 0) ON CONFLICT DO NOTHING;
INSERT INTO products (id, type, name, slug, price, compare_at_price, stock, sku, thumbnail_url, is_featured, is_active, car_model_id, car_variant_id, part_id, created_at, updated_at) VALUES ('5fa9ef8e-9bb7-5b61-992b-f719e9e60b1f', 'PART', 'Regenerative Brake Pad Set (EV)', 'part-regenerative-brake-pad-set-ev', 5800, NULL, 32, 'PROD-EV-00105', 'https://images.unsplash.com/photo-1761040100230-8c8e6fc64638?w=3840&h=2160&fit=crop&q=90&auto=format', FALSE, TRUE, NULL, NULL, '719b79cf-f881-5a5a-b661-bf80ce7e7a93', '2026-07-03T00:00:00.000Z'::timestamp, '2026-07-03T00:00:00.000Z'::timestamp) ON CONFLICT (slug) DO NOTHING;
INSERT INTO product_images (id, product_id, url, alt, sort_order) VALUES ('609744be-01ce-56f9-bcbf-67f1d671d941', '5fa9ef8e-9bb7-5b61-992b-f719e9e60b1f', 'https://images.unsplash.com/photo-1761040100230-8c8e6fc64638?w=3840&h=2160&fit=crop&q=90&auto=format', 'Regenerative Brake Pad Set (EV)', 0) ON CONFLICT DO NOTHING;
INSERT INTO parts (id, category_id, name, slug, part_number, price, stock, description, description_bn, compatible_brands, compatible_models, compatible_year_from, compatible_year_to, is_active, created_at) VALUES ('3025e4d4-72b1-56da-97ac-8b0971584984', '6f72743e-d9a0-5c2d-a26d-f50a6b853fc7', 'Cabin Heat Pump Assembly (EV)', 'cabin-heat-pump-assembly-ev', 'EV-00106', 35000, 10, 'Heat pump module for efficient cabin heating and cooling in BAW electric sedans and SUVs. Uses less battery energy than resistive heaters — extends winter range by up to 15%. Includes expansion valve and refrigerant lines pre-flushed with R1234yf. Professional AC machine evacuation and recharge required on installation.', 'ইভি ক্যাবিন হিট পাম্প — শীতে রেঞ্জ বাঁচাতে কম বিদ্যুৎ ব্যবহার।', ARRAY['BAW']::text[], ARRAY['EC3', 'EU5']::text[], 2023, 2026, TRUE, '2026-07-03T00:00:00.000Z'::timestamp) ON CONFLICT (slug) DO NOTHING;
INSERT INTO part_images (id, part_id, url, alt, sort_order) VALUES ('b4cf0dec-8959-57e7-b20a-0ee6886bceb5', '3025e4d4-72b1-56da-97ac-8b0971584984', 'https://images.pexels.com/photos/19323199/pexels-photo-19323199.jpeg?auto=compress&cs=tinysrgb&w=1920&h=1080&fit=crop&q=85', 'Cabin Heat Pump Assembly (EV)', 0) ON CONFLICT DO NOTHING;
INSERT INTO products (id, type, name, slug, price, compare_at_price, stock, sku, thumbnail_url, is_featured, is_active, car_model_id, car_variant_id, part_id, created_at, updated_at) VALUES ('45345bfe-1002-5eba-94a7-01368180413e', 'PART', 'Cabin Heat Pump Assembly (EV)', 'part-cabin-heat-pump-assembly-ev', 35000, NULL, 10, 'PROD-EV-00106', 'https://images.pexels.com/photos/19323199/pexels-photo-19323199.jpeg?auto=compress&cs=tinysrgb&w=1920&h=1080&fit=crop&q=85', FALSE, TRUE, NULL, NULL, '3025e4d4-72b1-56da-97ac-8b0971584984', '2026-07-03T00:00:00.000Z'::timestamp, '2026-07-03T00:00:00.000Z'::timestamp) ON CONFLICT (slug) DO NOTHING;
INSERT INTO product_images (id, product_id, url, alt, sort_order) VALUES ('73b1ab68-37c0-559e-aaf5-629c5bf0c0e6', '45345bfe-1002-5eba-94a7-01368180413e', 'https://images.pexels.com/photos/19323199/pexels-photo-19323199.jpeg?auto=compress&cs=tinysrgb&w=1920&h=1080&fit=crop&q=85', 'Cabin Heat Pump Assembly (EV)', 0) ON CONFLICT DO NOTHING;
INSERT INTO parts (id, category_id, name, slug, part_number, price, stock, description, description_bn, compatible_brands, compatible_models, compatible_year_from, compatible_year_to, is_active, created_at) VALUES ('add8aba2-2c7d-5f11-9025-07c9587c17ce', '6f72743e-d9a0-5c2d-a26d-f50a6b853fc7', 'DC-DC Converter 12V (EV Auxiliary)', 'dc-dc-converter-12v-ev', 'EV-00107', 18500, 18, 'High-voltage to 12V DC-DC converter powers traditional vehicle systems (lights, infotainment, power steering) from the main traction battery. Failure symptoms: 12V battery warning, accessories cutting out while drive battery shows charge. Direct replacement with matching connector pinout. Do not jump-start EV 12V systems without consulting manual.', 'ইভি DC-DC কনভার্টার — ১২V সিস্টেমকে মেইন ব্যাটারি থেকে পাওয়ার দেয়।', ARRAY['BAW']::text[], ARRAY['Pony', 'EC3', 'EU5', 'EV6 Cargo']::text[], 2022, 2026, TRUE, '2026-07-03T00:00:00.000Z'::timestamp) ON CONFLICT (slug) DO NOTHING;
INSERT INTO part_images (id, part_id, url, alt, sort_order) VALUES ('07db318a-b0b4-51de-bffc-06ceabb3fbac', 'add8aba2-2c7d-5f11-9025-07c9587c17ce', 'https://images.pexels.com/photos/4489702/pexels-photo-4489702.jpeg?auto=compress&cs=tinysrgb&w=1920&h=1080&fit=crop&q=85', 'DC-DC Converter 12V (EV Auxiliary)', 0) ON CONFLICT DO NOTHING;
INSERT INTO products (id, type, name, slug, price, compare_at_price, stock, sku, thumbnail_url, is_featured, is_active, car_model_id, car_variant_id, part_id, created_at, updated_at) VALUES ('f0dcac65-ea67-5089-8192-ddc250833fbf', 'PART', 'DC-DC Converter 12V (EV Auxiliary)', 'part-dc-dc-converter-12v-ev', 18500, NULL, 18, 'PROD-EV-00107', 'https://images.pexels.com/photos/4489702/pexels-photo-4489702.jpeg?auto=compress&cs=tinysrgb&w=1920&h=1080&fit=crop&q=85', FALSE, TRUE, NULL, NULL, 'add8aba2-2c7d-5f11-9025-07c9587c17ce', '2026-07-03T00:00:00.000Z'::timestamp, '2026-07-03T00:00:00.000Z'::timestamp) ON CONFLICT (slug) DO NOTHING;
INSERT INTO product_images (id, product_id, url, alt, sort_order) VALUES ('681eca81-4522-5966-9adb-4a124362a455', 'f0dcac65-ea67-5089-8192-ddc250833fbf', 'https://images.pexels.com/photos/4489702/pexels-photo-4489702.jpeg?auto=compress&cs=tinysrgb&w=1920&h=1080&fit=crop&q=85', 'DC-DC Converter 12V (EV Auxiliary)', 0) ON CONFLICT DO NOTHING;
INSERT INTO parts (id, category_id, name, slug, part_number, price, stock, description, description_bn, compatible_brands, compatible_models, compatible_year_from, compatible_year_to, is_active, created_at) VALUES ('3a44ba4d-3437-5955-a0d2-56aef9e708e3', '6f72743e-d9a0-5c2d-a26d-f50a6b853fc7', 'Home Wall Charger 7 kW Type 2', 'home-wall-charger-7kw-type2', 'EV-00108', 45000, 22, 'Wall-mounted AC charging station delivering up to 7 kW (32A single-phase) for home or office parking. Type 2 socket accepts portable cable or tethered connector. RFID lock and app scheduling via Bluetooth. IP54 rated for covered outdoor installation. Includes 5-metre cable management holster and mounting template. Licensed electrician installation recommended for dedicated 32A circuit.', 'হোম ওয়াল চার্জার ৭ kW — বাড়ি বা অফিস পার্কিংয়ে দ্রুত AC চার্জ।', ARRAY['BAW', 'Toyota', 'Hyundai', 'Nissan']::text[], ARRAY['Pony', 'EC3', 'EU5', 'Corolla Cross', 'Tucson']::text[], 2020, 2026, TRUE, '2026-07-03T00:00:00.000Z'::timestamp) ON CONFLICT (slug) DO NOTHING;
INSERT INTO part_images (id, part_id, url, alt, sort_order) VALUES ('ed9f79c1-bf73-5910-9422-dd3a931fc1b3', '3a44ba4d-3437-5955-a0d2-56aef9e708e3', 'https://images.pexels.com/photos/7777107/pexels-photo-7777107.jpeg?auto=compress&cs=tinysrgb&w=1920&h=1080&fit=crop&q=85', 'Home Wall Charger 7 kW Type 2', 0) ON CONFLICT DO NOTHING;
INSERT INTO products (id, type, name, slug, price, compare_at_price, stock, sku, thumbnail_url, is_featured, is_active, car_model_id, car_variant_id, part_id, created_at, updated_at) VALUES ('63b26c8d-f54c-5c58-b92a-bb9b099fd176', 'PART', 'Home Wall Charger 7 kW Type 2', 'part-home-wall-charger-7kw-type2', 45000, NULL, 22, 'PROD-EV-00108', 'https://images.pexels.com/photos/7777107/pexels-photo-7777107.jpeg?auto=compress&cs=tinysrgb&w=1920&h=1080&fit=crop&q=85', TRUE, TRUE, NULL, NULL, '3a44ba4d-3437-5955-a0d2-56aef9e708e3', '2026-07-03T00:00:00.000Z'::timestamp, '2026-07-03T00:00:00.000Z'::timestamp) ON CONFLICT (slug) DO NOTHING;
INSERT INTO product_images (id, product_id, url, alt, sort_order) VALUES ('d50ccded-9c6e-52fa-9be9-828296f0364e', '63b26c8d-f54c-5c58-b92a-bb9b099fd176', 'https://images.pexels.com/photos/7777107/pexels-photo-7777107.jpeg?auto=compress&cs=tinysrgb&w=1920&h=1080&fit=crop&q=85', 'Home Wall Charger 7 kW Type 2', 0) ON CONFLICT DO NOTHING;
INSERT INTO service_centers (id, name, address, city, phone, lat, lng, is_active) VALUES ('f5492183-a882-5736-98ed-c16cd0bcfdea', 'AutoHub Gulshan', 'Road 90, Gulshan-2', 'Dhaka', '01711111111', 23.7925, 90.4078, TRUE) ON CONFLICT DO NOTHING;
INSERT INTO service_centers (id, name, address, city, phone, lat, lng, is_active) VALUES ('c6dd8dc0-19da-5da9-840b-35e98e79d5d0', 'AutoHub Chittagong', 'Agrabad C/A', 'Chittagong', '01722222222', 22.3569, 91.7832, TRUE) ON CONFLICT DO NOTHING;
INSERT INTO service_centers (id, name, address, city, phone, lat, lng, is_active) VALUES ('be9f22a8-be14-5d51-9df7-9c39a4263a20', 'AutoHub Sylhet', 'Zindabazar', 'Sylhet', '01733333333', 24.8949, 91.8687, TRUE) ON CONFLICT DO NOTHING;
INSERT INTO faq_categories (id, name, name_bn, sort_order) VALUES ('56337371-f17a-521a-9365-d6d43f7209f5', 'Orders & Delivery', 'অর্ডার ও ডেলিভারি', 0) ON CONFLICT DO NOTHING;
INSERT INTO faq_items (id, category_id, question, question_bn, answer, answer_bn, sort_order) VALUES ('d7373e5c-88da-538d-b55f-a9b25cb9380e', '56337371-f17a-521a-9365-d6d43f7209f5', 'How long does delivery take?', 'ডেলিভারি কত দিনে হয়?', 'Dhaka: 2-3 business days. Outside Dhaka: 5-7 business days. Cars require appointment for handover.', 'ঢাকা: ২-৩ কর্মদিবস। ঢাকার বাইরে: ৫-৭ কর্মদিবস। গাড়ির জন্য হ্যান্ডওভার অ্যাপয়েন্টমেন্ট প্রয়োজন।', 0) ON CONFLICT DO NOTHING;
INSERT INTO faq_items (id, category_id, question, question_bn, answer, answer_bn, sort_order) VALUES ('6eabfd32-b166-5936-9258-549b5e359a94', '56337371-f17a-521a-9365-d6d43f7209f5', 'What payment methods do you accept?', 'কোন পেমেন্ট পদ্ধতি গ্রহণ করেন?', 'We accept bKash, Nagad, SSLCommerz (cards/mobile banking), and Cash on Delivery for parts under ৳50,000.', 'আমরা বিকাশ, নগদ, SSLCommerz (কার্ড/মোবাইল ব্যাংকিং) এবং ৳৫০,০০০ এর নিচে পার্টসের জন্য ক্যাশ অন ডেলিভারি গ্রহণ করি।', 1) ON CONFLICT DO NOTHING;
INSERT INTO chat_quick_replies (id, title, content, sort_order, is_active) VALUES ('7f5f4de8-d09b-5820-931a-5f8567f4516d', 'Delivery time', 'Parts: 2-7 business days depending on location. Cars: schedule a handover appointment after payment confirmation.', 0, TRUE) ON CONFLICT DO NOTHING;
INSERT INTO chat_quick_replies (id, title, content, sort_order, is_active) VALUES ('ccaf424a-c098-5143-b900-4b0b09e58b9f', 'Part availability', 'Let me check stock for you. Please share the part number or your car model and year.', 1, TRUE) ON CONFLICT DO NOTHING;
INSERT INTO chat_quick_replies (id, title, content, sort_order, is_active) VALUES ('fd632d48-5207-5bac-8ad3-ad185d328ea6', 'Service booking', 'You can book a service appointment at autohub.bd/service or I can help you schedule one now.', 2, TRUE) ON CONFLICT DO NOTHING;
INSERT INTO coupons (id, code, discount_type, discount_value, min_order_value, max_uses, used_count, expires_at, is_active) VALUES ('0fc95fda-a504-5fb7-b980-a9f379c6a229', 'WELCOME10', 'PERCENT', 10, 5000, 1000, 0, '2026-12-31'::date, TRUE) ON CONFLICT (code) DO NOTHING;
COMMIT;
